name,link_id,osm_way_id,from_node_id,to_node_id,dir_flag,length,lanes,free_speed,capacity,link_type_name,link_type,geometry,allowed_uses,from_biway,is_link,VDF_fftt1,VDF_cap1
Servin Maijan tie,0,4216844,0,1,1,62.21,1,40,1000,residential,6,"LINESTRING (24.8347327 60.1890233, 24.8347889 60.1890579, 24.8349506 60.1892637, 24.8352053 60.1895279)",auto,1,0,,
Servin Maijan tie,1,4216844,1,0,1,62.21,1,40,1000,residential,6,"LINESTRING (24.8352053 60.1895279, 24.8349506 60.1892637, 24.8347889 60.1890579, 24.8347327 60.1890233)",auto,1,0,,
Otakuja,2,4216930,2,3,1,75.8,1,30,1000,residential,6,"LINESTRING (24.8321895 60.1838600, 24.8322693 60.1838394, 24.8323156 60.1838286, 24.8323677 60.1837891, 24.8324113 60.1837343, 24.8325338 60.1836656, 24.8327934 60.1835342, 24.8330297 60.1834019, 24.8331223 60.1833804)",auto,1,0,,
Otakuja,3,4216930,3,2,1,75.8,1,30,1000,residential,6,"LINESTRING (24.8331223 60.1833804, 24.8330297 60.1834019, 24.8327934 60.1835342, 24.8325338 60.1836656, 24.8324113 60.1837343, 24.8323677 60.1837891, 24.8323156 60.1838286, 24.8322693 60.1838394, 24.8321895 60.1838600)",auto,1,0,,
Maarintie,4,4216935,4,5,1,17.54,4,80,1600,secondary,4,"LINESTRING (24.8098846 60.1857495, 24.8099312 60.1857646, 24.8101494 60.1858356)",auto,0,0,,
Tietotie,5,4216937,6,7,1,45.85,1,40,800,unclassified,11,"LINESTRING (24.8167046 60.1842814, 24.8175171 60.1843572)",auto,1,0,,
Tietotie,6,4216937,7,6,1,45.85,1,40,800,unclassified,11,"LINESTRING (24.8175171 60.1843572, 24.8167046 60.1842814)",auto,1,0,,
Otakallio,7,4217234,8,9,1,61.53,1,30,1000,residential,6,"LINESTRING (24.8347787 60.1827212, 24.8349330 60.1826446, 24.8352361 60.1824415, 24.8354770 60.1822930)",auto,1,0,,
Otakallio,8,4217234,9,8,1,61.53,1,30,1000,residential,6,"LINESTRING (24.8354770 60.1822930, 24.8352361 60.1824415, 24.8349330 60.1826446, 24.8347787 60.1827212)",auto,1,0,,
Konemiehentie,9,4217647,10,246,1,18.0,1,40,1200,tertiary,5,"LINESTRING (24.8224301 60.1865332, 24.8223711 60.1864424, 24.8223280 60.1863798)",auto,0,0,,
Sähkömiehentie,10,4217648,12,13,1,17.81,1,30,800,unclassified,11,"LINESTRING (24.8249653 60.1894216, 24.8250685 60.1893888, 24.8251552 60.1893613, 24.8251963 60.1893482, 24.8252361 60.1893356)",auto,1,0,,
Sähkömiehentie,11,4217648,13,12,1,17.81,1,30,800,unclassified,11,"LINESTRING (24.8252361 60.1893356, 24.8251963 60.1893482, 24.8251552 60.1893613, 24.8250685 60.1893888, 24.8249653 60.1894216)",auto,1,0,,
Puumiehenkuja,12,4217649,14,15,1,242.48,1,40,1200,tertiary,5,"LINESTRING (24.8233140 60.1877757, 24.8233792 60.1877852, 24.8234619 60.1877849, 24.8235154 60.1877813, 24.8236124 60.1877639, 24.8237656 60.1877226, 24.8242414 60.1875790, 24.8242868 60.1875653, 24.8244071 60.1875289, 24.8248310 60.1873998, 24.8249523 60.1873623, 24.8250447 60.1873360, 24.8255127 60.1872011, 24.8256009 60.1871757, 24.8264690 60.1869249, 24.8269783 60.1867737, 24.8270170 60.1867622, 24.8271256 60.1867553)",auto,1,0,,
Puumiehenkuja,13,4217649,15,14,1,242.48,1,40,1200,tertiary,5,"LINESTRING (24.8271256 60.1867553, 24.8270170 60.1867622, 24.8269783 60.1867737, 24.8264690 60.1869249, 24.8256009 60.1871757, 24.8255127 60.1872011, 24.8250447 60.1873360, 24.8249523 60.1873623, 24.8248310 60.1873998, 24.8244071 60.1875289, 24.8242868 60.1875653, 24.8242414 60.1875790, 24.8237656 60.1877226, 24.8236124 60.1877639, 24.8235154 60.1877813, 24.8234619 60.1877849, 24.8233792 60.1877852, 24.8233140 60.1877757)",auto,1,0,,
Servinkuja,14,4217758,16,1,1,141.11,1,30,1000,residential,6,"LINESTRING (24.8339589 60.1906255, 24.8344641 60.1902859, 24.8349218 60.1898709, 24.8351529 60.1895953, 24.8352053 60.1895279)",auto,1,0,,
Servinkuja,15,4217758,1,16,1,141.11,1,30,1000,residential,6,"LINESTRING (24.8352053 60.1895279, 24.8351529 60.1895953, 24.8349218 60.1898709, 24.8344641 60.1902859, 24.8339589 60.1906255)",auto,1,0,,
Kuusisaarentie,16,4217936,17,18,1,100.47,2,50,1600,secondary,4,"LINESTRING (24.8376015 60.1801221, 24.8372974 60.1801075, 24.8358526 60.1798965)",auto,0,0,,
Jämeräntaival,17,4220249,19,20,1,362.68,1,40,1000,residential,6,"LINESTRING (24.8350633 60.1876736, 24.8351113 60.1876712, 24.8351519 60.1876700, 24.8353122 60.1876656, 24.8354765 60.1876620, 24.8359816 60.1876529, 24.8361322 60.1876475, 24.8363606 60.1876523, 24.8366431 60.1876887, 24.8368379 60.1877350, 24.8369937 60.1877813, 24.8371276 60.1878378, 24.8373219 60.1879340, 24.8374966 60.1880440, 24.8375973 60.1881118, 24.8377732 60.1882351, 24.8379195 60.1883802, 24.8380258 60.1885094, 24.8381000 60.1886285, 24.8381707 60.1887490, 24.8382177 60.1888545, 24.8382692 60.1889609, 24.8384773 60.1892802, 24.8384941 60.1893052, 24.8386053 60.1894283, 24.8389595 60.1897281, 24.8390127 60.1897731)",auto,1,0,,
Jämeräntaival,18,4220249,20,19,1,362.68,1,40,1000,residential,6,"LINESTRING (24.8390127 60.1897731, 24.8389595 60.1897281, 24.8386053 60.1894283, 24.8384941 60.1893052, 24.8384773 60.1892802, 24.8382692 60.1889609, 24.8382177 60.1888545, 24.8381707 60.1887490, 24.8381000 60.1886285, 24.8380258 60.1885094, 24.8379195 60.1883802, 24.8377732 60.1882351, 24.8375973 60.1881118, 24.8374966 60.1880440, 24.8373219 60.1879340, 24.8371276 60.1878378, 24.8369937 60.1877813, 24.8368379 60.1877350, 24.8366431 60.1876887, 24.8363606 60.1876523, 24.8361322 60.1876475, 24.8359816 60.1876529, 24.8354765 60.1876620, 24.8353122 60.1876656, 24.8351519 60.1876700, 24.8351113 60.1876712, 24.8350633 60.1876736)",auto,1,0,,
Vuorimiehentie,19,4220254,21,22,1,72.01,1,40,1200,tertiary,5,"LINESTRING (24.8282237 60.1839969, 24.8281786 60.1839872, 24.8281302 60.1839628, 24.8280685 60.1839140, 24.8280340 60.1838794, 24.8279422 60.1837292, 24.8278427 60.1835291, 24.8277552 60.1834084)",auto,1,0,,
Vuorimiehentie,20,4220254,22,21,1,72.01,1,40,1200,tertiary,5,"LINESTRING (24.8277552 60.1834084, 24.8278427 60.1835291, 24.8279422 60.1837292, 24.8280340 60.1838794, 24.8280685 60.1839140, 24.8281302 60.1839628, 24.8281786 60.1839872, 24.8282237 60.1839969)",auto,1,0,,
Vuorimiehentie,21,4220254,22,23,1,70.57,1,40,1200,tertiary,5,"LINESTRING (24.8277552 60.1834084, 24.8276715 60.1833370, 24.8275906 60.1832831, 24.8275079 60.1832294, 24.8273873 60.1831713, 24.8269029 60.1829426)",auto,1,0,,
Vuorimiehentie,22,4220254,23,22,1,70.57,1,40,1200,tertiary,5,"LINESTRING (24.8269029 60.1829426, 24.8273873 60.1831713, 24.8275079 60.1832294, 24.8275906 60.1832831, 24.8276715 60.1833370, 24.8277552 60.1834084)",auto,1,0,,
Vuorimiehentie,23,4220254,23,24,1,130.26,1,40,1200,tertiary,5,"LINESTRING (24.8269029 60.1829426, 24.8268136 60.1829028, 24.8267291 60.1828633, 24.8264616 60.1827365, 24.8258656 60.1824600, 24.8255191 60.1823005, 24.8251932 60.1821410)",auto,1,0,,
Vuorimiehentie,24,4220254,24,23,1,130.26,1,40,1200,tertiary,5,"LINESTRING (24.8251932 60.1821410, 24.8255191 60.1823005, 24.8258656 60.1824600, 24.8264616 60.1827365, 24.8267291 60.1828633, 24.8268136 60.1829028, 24.8269029 60.1829426)",auto,1,0,,
Vuorimiehentie,25,4220254,24,25,1,51.12,1,40,1200,tertiary,5,"LINESTRING (24.8251932 60.1821410, 24.8251074 60.1820977, 24.8245127 60.1818316)",auto,1,0,,
Vuorimiehentie,26,4220254,25,24,1,51.12,1,40,1200,tertiary,5,"LINESTRING (24.8245127 60.1818316, 24.8251074 60.1820977, 24.8251932 60.1821410)",auto,1,0,,
Kivimiehentie,27,4223428,26,27,1,295.48,1,40,800,unclassified,11,"LINESTRING (24.8294449 60.1791191, 24.8293960 60.1791883, 24.8292734 60.1793666, 24.8292024 60.1794674, 24.8289194 60.1798404, 24.8287844 60.1800363, 24.8287004 60.1801413, 24.8285334 60.1803740, 24.8285196 60.1803916, 24.8283487 60.1806285, 24.8282573 60.1807490, 24.8282178 60.1808017, 24.8281625 60.1808804, 24.8280382 60.1810516, 24.8278014 60.1813654, 24.8277663 60.1814111, 24.8276661 60.1815795, 24.8276538 60.1816165)",auto,1,0,,
Kivimiehentie,28,4223428,27,26,1,295.48,1,40,800,unclassified,11,"LINESTRING (24.8276538 60.1816165, 24.8276661 60.1815795, 24.8277663 60.1814111, 24.8278014 60.1813654, 24.8280382 60.1810516, 24.8281625 60.1808804, 24.8282178 60.1808017, 24.8282573 60.1807490, 24.8283487 60.1806285, 24.8285196 60.1803916, 24.8285334 60.1803740, 24.8287004 60.1801413, 24.8287844 60.1800363, 24.8289194 60.1798404, 24.8292024 60.1794674, 24.8292734 60.1793666, 24.8293960 60.1791883, 24.8294449 60.1791191)",auto,1,0,,
Kivimiehentie,29,4223428,27,23,1,171.35,1,40,800,unclassified,11,"LINESTRING (24.8276538 60.1816165, 24.8276519 60.1816723, 24.8277165 60.1817691, 24.8279195 60.1820624, 24.8279590 60.1821654, 24.8279494 60.1822637, 24.8278511 60.1824128, 24.8277827 60.1824625, 24.8275972 60.1825665, 24.8274402 60.1826509, 24.8273150 60.1827183, 24.8272429 60.1827572, 24.8270804 60.1828448, 24.8270178 60.1828784, 24.8269029 60.1829426)",auto,1,0,,
Kivimiehentie,30,4223428,23,27,1,171.35,1,40,800,unclassified,11,"LINESTRING (24.8269029 60.1829426, 24.8270178 60.1828784, 24.8270804 60.1828448, 24.8272429 60.1827572, 24.8273150 60.1827183, 24.8274402 60.1826509, 24.8275972 60.1825665, 24.8277827 60.1824625, 24.8278511 60.1824128, 24.8279494 60.1822637, 24.8279590 60.1821654, 24.8279195 60.1820624, 24.8277165 60.1817691, 24.8276519 60.1816723, 24.8276538 60.1816165)",auto,1,0,,
Kemistintie,31,4226255,28,29,1,60.57,1,40,800,unclassified,11,"LINESTRING (24.8226200 60.1817522, 24.8226543 60.1817993, 24.8227919 60.1819326, 24.8229407 60.1820541, 24.8231612 60.1822231)",auto,1,0,,
Kemistintie,32,4226255,29,28,1,60.57,1,40,800,unclassified,11,"LINESTRING (24.8231612 60.1822231, 24.8229407 60.1820541, 24.8227919 60.1819326, 24.8226543 60.1817993, 24.8226200 60.1817522)",auto,1,0,,
Betonimiehenkuja,33,4229471,30,31,1,181.52,1,40,800,unclassified,11,"LINESTRING (24.8307923 60.1809653, 24.8307975 60.1809596, 24.8310577 60.1806383, 24.8311236 60.1805522, 24.8312531 60.1804055, 24.8313876 60.1802645, 24.8314584 60.1801718, 24.8315467 60.1800522, 24.8315686 60.1800230, 24.8317327 60.1798039, 24.8319229 60.1795500, 24.8319451 60.1795203, 24.8319972 60.1794507)",auto,1,0,,
Betonimiehenkuja,34,4229471,31,30,1,181.52,1,40,800,unclassified,11,"LINESTRING (24.8319972 60.1794507, 24.8319451 60.1795203, 24.8319229 60.1795500, 24.8317327 60.1798039, 24.8315686 60.1800230, 24.8315467 60.1800522, 24.8314584 60.1801718, 24.8313876 60.1802645, 24.8312531 60.1804055, 24.8311236 60.1805522, 24.8310577 60.1806383, 24.8307975 60.1809596, 24.8307923 60.1809653)",auto,1,0,,
Kuusisaarentie,35,4298740,17,32,1,65.19,2,50,1600,secondary,4,"LINESTRING (24.8376015 60.1801221, 24.8387437 60.1802596)",auto,1,0,,
Kuusisaarentie,36,4298740,32,17,1,65.19,2,50,1600,secondary,4,"LINESTRING (24.8387437 60.1802596, 24.8376015 60.1801221)",auto,1,0,,
Vuorimiehenpolku,37,7377449,27,24,1,165.83,1,40,800,unclassified,11,"LINESTRING (24.8276538 60.1816165, 24.8271788 60.1816161, 24.8269196 60.1816151, 24.8267237 60.1815958, 24.8266321 60.1815792, 24.8265177 60.1815478, 24.8264578 60.1815422, 24.8263821 60.1815463, 24.8263145 60.1815631, 24.8262115 60.1816062, 24.8260843 60.1816752, 24.8260077 60.1817154, 24.8257983 60.1818248, 24.8253386 60.1820564, 24.8252936 60.1820809, 24.8251932 60.1821410)",auto,1,0,,
Vuorimiehenpolku,38,7377449,24,27,1,165.83,1,40,800,unclassified,11,"LINESTRING (24.8251932 60.1821410, 24.8252936 60.1820809, 24.8253386 60.1820564, 24.8257983 60.1818248, 24.8260077 60.1817154, 24.8260843 60.1816752, 24.8262115 60.1816062, 24.8263145 60.1815631, 24.8263821 60.1815463, 24.8264578 60.1815422, 24.8265177 60.1815478, 24.8266321 60.1815792, 24.8267237 60.1815958, 24.8269196 60.1816151, 24.8271788 60.1816161, 24.8276538 60.1816165)",auto,1,0,,
Metallimiehenkuja,39,7378100,33,22,1,225.91,1,30,800,unclassified,11,"LINESTRING (24.8307227 60.1820359, 24.8306192 60.1820854, 24.8304811 60.1821622, 24.8304249 60.1821801, 24.8302386 60.1822401, 24.8301338 60.1822730, 24.8300563 60.1822988, 24.8298070 60.1824156, 24.8297596 60.1824379, 24.8296931 60.1824731, 24.8295183 60.1825656, 24.8293569 60.1826601, 24.8292331 60.1827303, 24.8291911 60.1827542, 24.8289496 60.1828912, 24.8287939 60.1829775, 24.8287324 60.1830111, 24.8286575 60.1830521, 24.8285491 60.1831095, 24.8285054 60.1831329, 24.8282728 60.1832260, 24.8280470 60.1833094, 24.8279806 60.1833326, 24.8279146 60.1833549, 24.8277552 60.1834084)",auto,1,0,,
Metallimiehenkuja,40,7378100,22,33,1,225.91,1,30,800,unclassified,11,"LINESTRING (24.8277552 60.1834084, 24.8279146 60.1833549, 24.8279806 60.1833326, 24.8280470 60.1833094, 24.8282728 60.1832260, 24.8285054 60.1831329, 24.8285491 60.1831095, 24.8286575 60.1830521, 24.8287324 60.1830111, 24.8287939 60.1829775, 24.8289496 60.1828912, 24.8291911 60.1827542, 24.8292331 60.1827303, 24.8293569 60.1826601, 24.8295183 60.1825656, 24.8296931 60.1824731, 24.8297596 60.1824379, 24.8298070 60.1824156, 24.8300563 60.1822988, 24.8301338 60.1822730, 24.8302386 60.1822401, 24.8304249 60.1821801, 24.8304811 60.1821622, 24.8306192 60.1820854, 24.8307227 60.1820359)",auto,1,0,,
Otakaari,41,8135493,34,35,1,31.3,1,40,1200,tertiary,5,"LINESTRING (24.8314542 60.1830973, 24.8314874 60.1831306, 24.8315941 60.1832268, 24.8316821 60.1833171, 24.8317054 60.1833486)",auto,1,0,,
Otakaari,42,8135493,35,34,1,31.3,1,40,1200,tertiary,5,"LINESTRING (24.8317054 60.1833486, 24.8316821 60.1833171, 24.8315941 60.1832268, 24.8314874 60.1831306, 24.8314542 60.1830973)",auto,1,0,,
Otaniementie,43,8135496,36,37,1,29.15,1,50,1200,tertiary,5,"LINESTRING (24.8348266 60.1797730, 24.8347956 60.1797885, 24.8347156 60.1798396, 24.8346068 60.1800061)",auto,0,0,,
Otaniementie,44,8135498,38,39,1,2.13,1,40,1200,tertiary,5,"LINESTRING (24.8344803 60.1801568, 24.8344696 60.1801752)",auto,1,0,,
Otaniementie,45,8135498,39,38,1,2.13,1,40,1200,tertiary,5,"LINESTRING (24.8344696 60.1801752, 24.8344803 60.1801568)",auto,1,0,,
Otaniementie,46,8139196,38,40,1,51.23,2,50,1200,tertiary,5,"LINESTRING (24.8344803 60.1801568, 24.8344593 60.1800816, 24.8345104 60.1799855, 24.8345978 60.1798212, 24.8346187 60.1797862, 24.8346345 60.1797549, 24.8346415 60.1797091)",auto,0,0,,
Keilaranta,47,8139197,41,42,1,39.04,1,50,1200,tertiary,5,"LINESTRING (24.8348018 60.1794989, 24.8348618 60.1794123, 24.8349140 60.1793368, 24.8349824 60.1792312, 24.8350432 60.1791702)",auto,0,0,,
Vaisalantie,48,8654477,43,44,1,12.55,1,30,800,unclassified,11,"LINESTRING (24.8102847 60.1874078, 24.8102262 60.1874563, 24.8102010 60.1875110)",auto,1,0,,
Vaisalantie,49,8654477,44,43,1,12.55,1,30,800,unclassified,11,"LINESTRING (24.8102010 60.1875110, 24.8102262 60.1874563, 24.8102847 60.1874078)",auto,1,0,,
Luolamiehentie,50,10050935,45,2,1,4.71,1,40,800,unclassified,11,"LINESTRING (24.8321431 60.1838246, 24.8321895 60.1838600)",auto,1,0,,
Luolamiehentie,51,10050935,2,45,1,4.71,1,40,800,unclassified,11,"LINESTRING (24.8321895 60.1838600, 24.8321431 60.1838246)",auto,1,0,,
Luolamiehentie,52,10050935,2,46,1,129.42,1,40,800,unclassified,11,"LINESTRING (24.8321895 60.1838600, 24.8322820 60.1839425, 24.8323788 60.1840298, 24.8329237 60.1844964, 24.8330698 60.1846164, 24.8331398 60.1846664, 24.8332335 60.1847085, 24.8333247 60.1847318, 24.8335435 60.1847613)",auto,1,0,,
Luolamiehentie,53,10050935,46,2,1,129.42,1,40,800,unclassified,11,"LINESTRING (24.8335435 60.1847613, 24.8333247 60.1847318, 24.8332335 60.1847085, 24.8331398 60.1846664, 24.8330698 60.1846164, 24.8329237 60.1844964, 24.8323788 60.1840298, 24.8322820 60.1839425, 24.8321895 60.1838600)",auto,1,0,,
Jämeräntaival,54,24342434,19,47,1,21.26,1,40,1000,residential,6,"LINESTRING (24.8350633 60.1876736, 24.8349148 60.1877239, 24.8347261 60.1877622)",auto,0,0,,
Kehä I,55,24824917,48,49,1,603.54,2,70,2200,trunk,2,"LINESTRING (24.8188226 60.1810297, 24.8180028 60.1813547, 24.8171850 60.1817045, 24.8154104 60.1824791, 24.8146134 60.1828496, 24.8140033 60.1831650, 24.8135296 60.1834247, 24.8131929 60.1836080, 24.8129815 60.1837338, 24.8121615 60.1842598, 24.8112644 60.1848929)",auto,0,0,,
Kuusisaarentie,56,26991648,50,51,1,122.7,3,50,1600,secondary,4,"LINESTRING (24.8328097 60.1789653, 24.8332314 60.1791079, 24.8336248 60.1792348, 24.8341494 60.1793847, 24.8343968 60.1794470, 24.8345623 60.1794887, 24.8345927 60.1794963, 24.8347126 60.1795236)",auto,0,0,,
Kuusisaarentie,57,26991650,52,17,1,47.71,1,50,1600,secondary,4,"LINESTRING (24.8368144 60.1799514, 24.8372931 60.1800416, 24.8376015 60.1801221)",auto,0,0,,
Keilaranta,58,26991651,42,53,1,38.44,2,50,1200,tertiary,5,"LINESTRING (24.8350432 60.1791702, 24.8350693 60.1792553, 24.8350613 60.1793426, 24.8350020 60.1794601, 24.8350057 60.1794863, 24.8350114 60.1795104)",auto,0,0,,
Maarintie,59,27060717,54,55,1,8.82,1,50,1200,tertiary,5,"LINESTRING (24.8122748 60.1862846, 24.8123782 60.1863448)",auto,0,0,,
Maarintie,60,27060717,55,56,1,10.53,1,50,1200,tertiary,5,"LINESTRING (24.8123782 60.1863448, 24.8124064 60.1863984, 24.8124263 60.1864363)",auto,0,0,,
Kalevalantie,61,27060721,57,58,1,16.89,1,80,1600,secondary,4,"LINESTRING (24.8100415 60.1859395, 24.8098149 60.1858571, 24.8097952 60.1858504)",auto,0,0,,
Keilaranta,62,27462760,59,42,1,5.9,1,30,1200,tertiary,5,"LINESTRING (24.8350437 60.1791172, 24.8350432 60.1791702)",auto,1,0,,
Keilaranta,63,27462760,42,59,1,5.9,1,30,1200,tertiary,5,"LINESTRING (24.8350432 60.1791702, 24.8350437 60.1791172)",auto,1,0,,
Jämeräntaival,64,27772611,60,19,1,24.81,1,30,1000,residential,6,"LINESTRING (24.8346234 60.1876859, 24.8348905 60.1876596, 24.8350633 60.1876736)",auto,0,0,,
Maarintie,65,28654976,5,61,1,40.52,2,80,1600,secondary,4,"LINESTRING (24.8101494 60.1858356, 24.8107653 60.1860312)",auto,0,0,,
Miestentie,66,29026844,62,63,1,24.62,1,40,1200,tertiary,5,"LINESTRING (24.8252607 60.1792043, 24.8254484 60.1791172, 24.8255184 60.1790886, 24.8255933 60.1790581)",auto,1,0,,
Miestentie,67,29026844,63,62,1,24.62,1,40,1200,tertiary,5,"LINESTRING (24.8255933 60.1790581, 24.8255184 60.1790886, 24.8254484 60.1791172, 24.8252607 60.1792043)",auto,1,0,,
Tapiolantie,68,29026901,64,65,1,8.17,1,40,1200,tertiary,5,"LINESTRING (24.8218633 60.1789567, 24.8220095 60.1789653)",auto,0,0,,
Tapiolantie,69,29026901,65,66,1,68.19,1,40,1200,tertiary,5,"LINESTRING (24.8220095 60.1789653, 24.8223777 60.1789983, 24.8228218 60.1790633, 24.8230489 60.1790883, 24.8232075 60.1790792)",auto,0,0,,
Tapiolantie,70,29026903,67,68,1,28.57,1,40,1200,tertiary,5,"LINESTRING (24.8218533 60.1790506, 24.8213406 60.1790264)",auto,0,0,,
Tekniikantie,71,29510075,69,70,1,174.23,1,40,1200,tertiary,5,"LINESTRING (24.8238171 60.1814474, 24.8238999 60.1814076, 24.8240321 60.1813418, 24.8241299 60.1812600, 24.8242115 60.1811919, 24.8244442 60.1809740, 24.8246192 60.1807618, 24.8247001 60.1806453, 24.8247971 60.1804900, 24.8248097 60.1804698, 24.8248263 60.1804410, 24.8249750 60.1801201, 24.8250008 60.1800240)",auto,1,0,,
Tekniikantie,72,29510075,70,69,1,174.23,1,40,1200,tertiary,5,"LINESTRING (24.8250008 60.1800240, 24.8249750 60.1801201, 24.8248263 60.1804410, 24.8248097 60.1804698, 24.8247971 60.1804900, 24.8247001 60.1806453, 24.8246192 60.1807618, 24.8244442 60.1809740, 24.8242115 60.1811919, 24.8241299 60.1812600, 24.8240321 60.1813418, 24.8238999 60.1814076, 24.8238171 60.1814474)",auto,1,0,,
Tekniikantie,73,29510075,70,71,1,63.49,1,40,1200,tertiary,5,"LINESTRING (24.8250008 60.1800240, 24.8249998 60.1799382, 24.8249917 60.1798944, 24.8249662 60.1798613, 24.8247159 60.1796206, 24.8246956 60.1795828, 24.8246576 60.1794901)",auto,1,0,,
Tekniikantie,74,29510075,71,70,1,63.49,1,40,1200,tertiary,5,"LINESTRING (24.8246576 60.1794901, 24.8246956 60.1795828, 24.8247159 60.1796206, 24.8249662 60.1798613, 24.8249917 60.1798944, 24.8249998 60.1799382, 24.8250008 60.1800240)",auto,1,0,,
Tekniikantie,75,29510081,72,73,1,24.01,2,40,1200,tertiary,5,"LINESTRING (24.8159080 60.1839778, 24.8159250 60.1838797, 24.8159424 60.1838549, 24.8159784 60.1838056, 24.8160458 60.1837869)",auto,0,0,,
Kehä I,76,29510084,4,74,1,485.53,2,70,2200,trunk,2,"LINESTRING (24.8098846 60.1857495, 24.8104347 60.1853342, 24.8109080 60.1849555, 24.8119899 60.1841795, 24.8127303 60.1837011, 24.8132755 60.1833846, 24.8136798 60.1831643, 24.8139062 60.1830410, 24.8142300 60.1828737, 24.8144675 60.1827518, 24.8153243 60.1823554)",auto,0,0,,
Kehä I,77,29510085,57,75,1,294.72,3,70,2200,trunk,2,"LINESTRING (24.8100415 60.1859395, 24.8093793 60.1865773, 24.8088929 60.1870544, 24.8086244 60.1873305, 24.8084138 60.1875831, 24.8082292 60.1878273, 24.8080629 60.1880874, 24.8079058 60.1883552)",auto,0,0,,
Kuusisaarentie,78,29753037,76,77,1,14.67,2,50,1600,secondary,4,"LINESTRING (24.8351595 60.1796195, 24.8352578 60.1796425, 24.8354018 60.1796721)",auto,0,0,,
Otakaari,79,29753041,78,79,1,46.3,2,40,1200,tertiary,5,"LINESTRING (24.8348490 60.1879090, 24.8348603 60.1879772, 24.8348638 60.1880374, 24.8348498 60.1881072, 24.8347558 60.1883190)",auto,1,0,,
Otakaari,80,29753041,79,78,1,46.3,2,40,1200,tertiary,5,"LINESTRING (24.8347558 60.1883190, 24.8348498 60.1881072, 24.8348638 60.1880374, 24.8348603 60.1879772, 24.8348490 60.1879090)",auto,1,0,,
Otakaari,81,29753042,78,47,1,17.72,1,40,1200,tertiary,5,"LINESTRING (24.8348490 60.1879090, 24.8348036 60.1878484, 24.8347261 60.1877622)",auto,1,0,,
Otakaari,82,29753042,47,78,1,17.72,1,40,1200,tertiary,5,"LINESTRING (24.8347261 60.1877622, 24.8348036 60.1878484, 24.8348490 60.1879090)",auto,1,0,,
Otakaari,83,29753042,47,60,1,10.23,1,40,1200,tertiary,5,"LINESTRING (24.8347261 60.1877622, 24.8346234 60.1876859)",auto,1,0,,
Otakaari,84,29753042,60,47,1,10.23,1,40,1200,tertiary,5,"LINESTRING (24.8346234 60.1876859, 24.8347261 60.1877622)",auto,1,0,,
Otakaari,85,29753042,60,80,1,10.03,1,40,1200,tertiary,5,"LINESTRING (24.8346234 60.1876859, 24.8345038 60.1876183)",auto,1,0,,
Otakaari,86,29753042,80,60,1,10.03,1,40,1200,tertiary,5,"LINESTRING (24.8345038 60.1876183, 24.8346234 60.1876859)",auto,1,0,,
Kuusisaarentie,87,29753046,81,82,1,67.95,2,50,1600,secondary,4,"LINESTRING (24.8346010 60.1796343, 24.8344954 60.1796090, 24.8344260 60.1795911, 24.8340385 60.1794909, 24.8335319 60.1793374)",auto,0,0,,
Otaniementie,88,29971901,37,38,1,18.32,1,40,1200,tertiary,5,"LINESTRING (24.8346068 60.1800061, 24.8345560 60.1800916, 24.8344803 60.1801568)",auto,0,0,,
Kehä I,89,31019375,83,84,1,101.38,3,60,2200,trunk,2,"LINESTRING (24.8220026 60.1796816, 24.8226790 60.1793999, 24.8231055 60.1792451, 24.8234560 60.1791315)",auto,0,0,,
Kehä I,90,31019440,49,85,1,108.47,4,70,2200,trunk,2,"LINESTRING (24.8112644 60.1848929, 24.8106551 60.1853761, 24.8102623 60.1857289)",auto,0,0,,
Kehä I,91,31019440,85,5,1,13.43,4,70,2200,trunk,2,"LINESTRING (24.8102623 60.1857289, 24.8101494 60.1858356)",auto,0,0,,
Itäranta,92,31584238,86,87,1,11.73,1,30,1000,residential,6,"LINESTRING (24.8223190 60.1785936, 24.8222002 60.1786807)",auto,1,0,,
Itäranta,93,31584238,87,86,1,11.73,1,30,1000,residential,6,"LINESTRING (24.8222002 60.1786807, 24.8223190 60.1785936)",auto,1,0,,
Otakaari,94,31722219,88,89,1,18.46,1,40,1200,tertiary,5,"LINESTRING (24.8314205 60.1841129, 24.8314656 60.1840285, 24.8315354 60.1839582)",auto,0,0,,
Otakaari,95,35356131,90,88,1,30.2,1,40,1200,tertiary,5,"LINESTRING (24.8311020 60.1843327, 24.8312129 60.1842490, 24.8313390 60.1841653, 24.8314205 60.1841129)",auto,1,0,,
Otakaari,96,35356131,88,90,1,30.2,1,40,1200,tertiary,5,"LINESTRING (24.8314205 60.1841129, 24.8313390 60.1841653, 24.8312129 60.1842490, 24.8311020 60.1843327)",auto,1,0,,
Otakaari,97,35356133,90,91,1,74.35,1,40,1200,tertiary,5,"LINESTRING (24.8311020 60.1843327, 24.8310264 60.1843936, 24.8309616 60.1844580, 24.8309151 60.1845228, 24.8308619 60.1846263, 24.8308299 60.1847172, 24.8308153 60.1848286, 24.8308262 60.1849271, 24.8308437 60.1849720)",auto,1,0,,
Otakaari,98,35356133,91,90,1,74.35,1,40,1200,tertiary,5,"LINESTRING (24.8308437 60.1849720, 24.8308262 60.1849271, 24.8308153 60.1848286, 24.8308299 60.1847172, 24.8308619 60.1846263, 24.8309151 60.1845228, 24.8309616 60.1844580, 24.8310264 60.1843936, 24.8311020 60.1843327)",auto,1,0,,
Kalevalantie,99,35644259,58,92,1,13.88,1,80,1600,secondary,4,"LINESTRING (24.8097952 60.1858504, 24.8095891 60.1857797)",auto,0,0,,
Kalevalantie,100,35644259,92,93,1,13.26,1,80,1600,secondary,4,"LINESTRING (24.8095891 60.1857797, 24.8093873 60.1857158)",auto,0,0,,
Kehä I,101,35644262,58,4,1,12.28,4,70,2200,trunk,2,"LINESTRING (24.8097952 60.1858504, 24.8098846 60.1857495)",auto,0,0,,
Kehä I,102,35644265,5,57,1,13.03,3,70,2200,trunk,2,"LINESTRING (24.8101494 60.1858356, 24.8100415 60.1859395)",auto,0,0,,
Maarintie,103,38058996,94,95,1,61.71,3,50,1600,secondary,4,"LINESTRING (24.8116833 60.1863392, 24.8114215 60.1863071, 24.8111904 60.1862602, 24.8106681 60.1861199)",auto,0,0,,
Tekniikantie,104,38058997,96,97,1,11.25,2,50,1200,tertiary,5,"LINESTRING (24.8125913 60.1862039, 24.8125586 60.1862451, 24.8124934 60.1862916)",auto,0,0,,
Tietotie,105,76730806,98,99,1,52.38,1,40,800,unclassified,11,"LINESTRING (24.8186182 60.1844835, 24.8187046 60.1845011, 24.8189257 60.1845520, 24.8192013 60.1846333, 24.8194241 60.1847235)",auto,1,0,,
Tietotie,106,76730806,99,98,1,52.38,1,40,800,unclassified,11,"LINESTRING (24.8194241 60.1847235, 24.8192013 60.1846333, 24.8189257 60.1845520, 24.8187046 60.1845011, 24.8186182 60.1844835)",auto,1,0,,
Otaniementie,107,76730809,100,21,1,141.89,1,40,1200,tertiary,5,"LINESTRING (24.8305284 60.1835083, 24.8303212 60.1836128, 24.8300787 60.1836996, 24.8298411 60.1837622, 24.8296504 60.1838073, 24.8290957 60.1839033, 24.8289742 60.1839249, 24.8288239 60.1839480, 24.8286440 60.1839686, 24.8285691 60.1839760, 24.8284043 60.1839925, 24.8283364 60.1839993, 24.8282237 60.1839969)",auto,1,0,,
Otaniementie,108,76730809,21,100,1,141.89,1,40,1200,tertiary,5,"LINESTRING (24.8282237 60.1839969, 24.8283364 60.1839993, 24.8284043 60.1839925, 24.8285691 60.1839760, 24.8286440 60.1839686, 24.8288239 60.1839480, 24.8289742 60.1839249, 24.8290957 60.1839033, 24.8296504 60.1838073, 24.8298411 60.1837622, 24.8300787 60.1836996, 24.8303212 60.1836128, 24.8305284 60.1835083)",auto,1,0,,
Tietotie,109,76730817,7,98,1,62.8,1,40,800,unclassified,11,"LINESTRING (24.8175171 60.1843572, 24.8177499 60.1843739, 24.8179757 60.1843930, 24.8182528 60.1844288, 24.8184382 60.1844538, 24.8185415 60.1844695, 24.8186182 60.1844835)",auto,1,0,,
Tietotie,110,76730817,98,7,1,62.8,1,40,800,unclassified,11,"LINESTRING (24.8186182 60.1844835, 24.8185415 60.1844695, 24.8184382 60.1844538, 24.8182528 60.1844288, 24.8179757 60.1843930, 24.8177499 60.1843739, 24.8175171 60.1843572)",auto,1,0,,
Otakaari,111,76732306,15,101,1,187.62,1,40,1200,tertiary,5,"LINESTRING (24.8271256 60.1867553, 24.8272391 60.1867776, 24.8273756 60.1868691, 24.8275553 60.1870028, 24.8277402 60.1871538, 24.8280550 60.1874111, 24.8281349 60.1874748, 24.8282157 60.1875417, 24.8282429 60.1875642, 24.8283066 60.1876170, 24.8287872 60.1879818, 24.8289872 60.1881477)",auto,1,0,,
Otakaari,112,76732306,101,15,1,187.62,1,40,1200,tertiary,5,"LINESTRING (24.8289872 60.1881477, 24.8287872 60.1879818, 24.8283066 60.1876170, 24.8282429 60.1875642, 24.8282157 60.1875417, 24.8281349 60.1874748, 24.8280550 60.1874111, 24.8277402 60.1871538, 24.8275553 60.1870028, 24.8273756 60.1868691, 24.8272391 60.1867776, 24.8271256 60.1867553)",auto,1,0,,
Otakaari,113,76732306,101,102,1,517.34,1,40,1200,tertiary,5,"LINESTRING (24.8289872 60.1881477, 24.8290510 60.1882011, 24.8292823 60.1884068, 24.8294002 60.1885232, 24.8294875 60.1886320, 24.8295179 60.1886796, 24.8295423 60.1887377, 24.8295769 60.1889032, 24.8295959 60.1890389, 24.8296037 60.1892043, 24.8296152 60.1893641, 24.8296300 60.1894451, 24.8296687 60.1895384, 24.8297700 60.1896686, 24.8299220 60.1897993, 24.8302447 60.1899970, 24.8305744 60.1902047, 24.8306865 60.1902641, 24.8308081 60.1903100, 24.8309449 60.1903469, 24.8310883 60.1903759, 24.8312229 60.1903954, 24.8313700 60.1904092, 24.8315134 60.1904124, 24.8316997 60.1904048, 24.8318467 60.1903914, 24.8319894 60.1903668, 24.8321337 60.1903288, 24.8322697 60.1902854, 24.8323963 60.1902355, 24.8326619 60.1901016, 24.8329989 60.1899171, 24.8338659 60.1894665, 24.8339591 60.1894170, 24.8340450 60.1893580, 24.8341367 60.1892834, 24.8341972 60.1892165)",auto,1,0,,
Otakaari,114,76732306,102,101,1,517.34,1,40,1200,tertiary,5,"LINESTRING (24.8341972 60.1892165, 24.8341367 60.1892834, 24.8340450 60.1893580, 24.8339591 60.1894170, 24.8338659 60.1894665, 24.8329989 60.1899171, 24.8326619 60.1901016, 24.8323963 60.1902355, 24.8322697 60.1902854, 24.8321337 60.1903288, 24.8319894 60.1903668, 24.8318467 60.1903914, 24.8316997 60.1904048, 24.8315134 60.1904124, 24.8313700 60.1904092, 24.8312229 60.1903954, 24.8310883 60.1903759, 24.8309449 60.1903469, 24.8308081 60.1903100, 24.8306865 60.1902641, 24.8305744 60.1902047, 24.8302447 60.1899970, 24.8299220 60.1897993, 24.8297700 60.1896686, 24.8296687 60.1895384, 24.8296300 60.1894451, 24.8296152 60.1893641, 24.8296037 60.1892043, 24.8295959 60.1890389, 24.8295769 60.1889032, 24.8295423 60.1887377, 24.8295179 60.1886796, 24.8294875 60.1886320, 24.8294002 60.1885232, 24.8292823 60.1884068, 24.8290510 60.1882011, 24.8289872 60.1881477)",auto,1,0,,
Miestentie,115,78411298,103,104,1,11.16,1,40,1200,tertiary,5,"LINESTRING (24.8280337 60.1789320, 24.8282270 60.1789597)",auto,1,0,,
Miestentie,116,78411298,104,103,1,11.16,1,40,1200,tertiary,5,"LINESTRING (24.8282270 60.1789597, 24.8280337 60.1789320)",auto,1,0,,
Miestentie,117,78502267,105,26,1,7.11,1,40,1200,tertiary,5,"LINESTRING (24.8293207 60.1791035, 24.8294449 60.1791191)",auto,1,0,,
Miestentie,118,78502267,26,105,1,7.11,1,40,1200,tertiary,5,"LINESTRING (24.8294449 60.1791191, 24.8293207 60.1791035)",auto,1,0,,
Miestentie,119,78502267,26,106,1,23.51,1,40,1200,tertiary,5,"LINESTRING (24.8294449 60.1791191, 24.8297901 60.1791634, 24.8298551 60.1791720)",auto,1,0,,
Miestentie,120,78502267,106,26,1,23.51,1,40,1200,tertiary,5,"LINESTRING (24.8298551 60.1791720, 24.8297901 60.1791634, 24.8294449 60.1791191)",auto,1,0,,
Miestentie,121,78502268,107,31,1,68.37,1,40,1200,tertiary,5,"LINESTRING (24.8308052 60.1792947, 24.8319972 60.1794507)",auto,1,0,,
Miestentie,122,78502268,31,107,1,68.37,1,40,1200,tertiary,5,"LINESTRING (24.8319972 60.1794507, 24.8308052 60.1792947)",auto,1,0,,
Miestentie,123,78502268,31,108,1,89.65,1,40,1200,tertiary,5,"LINESTRING (24.8319972 60.1794507, 24.8321813 60.1794735, 24.8323406 60.1794932, 24.8326274 60.1795287, 24.8328717 60.1795736, 24.8330377 60.1796179, 24.8331677 60.1796645, 24.8334325 60.1797844)",auto,1,0,,
Miestentie,124,78502268,108,31,1,89.65,1,40,1200,tertiary,5,"LINESTRING (24.8334325 60.1797844, 24.8331677 60.1796645, 24.8330377 60.1796179, 24.8328717 60.1795736, 24.8326274 60.1795287, 24.8323406 60.1794932, 24.8321813 60.1794735, 24.8319972 60.1794507)",auto,1,0,,
Miestentie,125,78502269,104,105,1,62.75,1,40,1200,tertiary,5,"LINESTRING (24.8282270 60.1789597, 24.8293207 60.1791035)",auto,1,0,,
Miestentie,126,78502269,105,104,1,62.75,1,40,1200,tertiary,5,"LINESTRING (24.8293207 60.1791035, 24.8282270 60.1789597)",auto,1,0,,
Miestentie,127,78502270,106,107,1,54.45,1,40,1200,tertiary,5,"LINESTRING (24.8298551 60.1791720, 24.8299977 60.1791909, 24.8304580 60.1792519, 24.8305059 60.1792582, 24.8308052 60.1792947)",auto,1,0,,
Miestentie,128,78502270,107,106,1,54.45,1,40,1200,tertiary,5,"LINESTRING (24.8308052 60.1792947, 24.8305059 60.1792582, 24.8304580 60.1792519, 24.8299977 60.1791909, 24.8298551 60.1791720)",auto,1,0,,
Miestentie,129,78502271,109,103,1,94.24,1,40,1200,tertiary,5,"LINESTRING (24.8263624 60.1788533, 24.8266152 60.1788330, 24.8268163 60.1788243, 24.8270236 60.1788268, 24.8272017 60.1788358, 24.8273890 60.1788531, 24.8276688 60.1788880, 24.8280337 60.1789320)",auto,1,0,,
Miestentie,130,78502271,103,109,1,94.24,1,40,1200,tertiary,5,"LINESTRING (24.8280337 60.1789320, 24.8276688 60.1788880, 24.8273890 60.1788531, 24.8272017 60.1788358, 24.8270236 60.1788268, 24.8268163 60.1788243, 24.8266152 60.1788330, 24.8263624 60.1788533)",auto,1,0,,
Tapiolantie,131,78532896,110,111,1,25.16,2,40,1200,tertiary,5,"LINESTRING (24.8225838 60.1791451, 24.8221472 60.1790840)",auto,0,0,,
Tapiolantie,132,78532896,111,67,1,16.72,2,40,1200,tertiary,5,"LINESTRING (24.8221472 60.1790840, 24.8218533 60.1790506)",auto,0,0,,
Sähkömiehentie,133,81193128,112,113,1,46.94,1,30,800,unclassified,11,"LINESTRING (24.8263830 60.1889711, 24.8265767 60.1889103, 24.8267270 60.1888632, 24.8268540 60.1888233, 24.8269674 60.1887877, 24.8270991 60.1887464)",auto,1,0,,
Sähkömiehentie,134,81193128,113,112,1,46.94,1,30,800,unclassified,11,"LINESTRING (24.8270991 60.1887464, 24.8269674 60.1887877, 24.8268540 60.1888233, 24.8267270 60.1888632, 24.8265767 60.1889103, 24.8263830 60.1889711)",auto,1,0,,
Sähkömiehentie,135,81193136,13,114,1,46.79,1,30,800,unclassified,11,"LINESTRING (24.8252361 60.1893356, 24.8259473 60.1891096)",auto,1,0,,
Sähkömiehentie,136,81193136,114,13,1,46.79,1,30,800,unclassified,11,"LINESTRING (24.8259473 60.1891096, 24.8252361 60.1893356)",auto,1,0,,
Sähkömiehentie,137,81193139,114,112,1,28.67,1,30,800,unclassified,11,"LINESTRING (24.8259473 60.1891096, 24.8263830 60.1889711)",auto,1,0,,
Sähkömiehentie,138,81193139,112,114,1,28.67,1,30,800,unclassified,11,"LINESTRING (24.8263830 60.1889711, 24.8259473 60.1891096)",auto,1,0,,
Vaisalantie,139,84270837,115,116,1,21.02,1,30,800,unclassified,11,"LINESTRING (24.8097573 60.1889208, 24.8096916 60.1889728, 24.8096439 60.1889938, 24.8095846 60.1890090, 24.8094605 60.1890175)",auto,1,0,,
Vaisalantie,140,84270837,116,115,1,21.02,1,30,800,unclassified,11,"LINESTRING (24.8094605 60.1890175, 24.8095846 60.1890090, 24.8096439 60.1889938, 24.8096916 60.1889728, 24.8097573 60.1889208)",auto,1,0,,
Otakaari,141,85512385,117,118,1,169.68,1,40,1200,tertiary,5,"LINESTRING (24.8323496 60.1861326, 24.8325557 60.1862448, 24.8327018 60.1863307, 24.8328287 60.1864235, 24.8329692 60.1865372, 24.8330952 60.1866595, 24.8333169 60.1869206, 24.8334300 60.1870500, 24.8335700 60.1871743, 24.8336002 60.1871947, 24.8337375 60.1872782, 24.8339995 60.1873952)",auto,1,0,,
Otakaari,142,85512385,118,117,1,169.68,1,40,1200,tertiary,5,"LINESTRING (24.8339995 60.1873952, 24.8337375 60.1872782, 24.8336002 60.1871947, 24.8335700 60.1871743, 24.8334300 60.1870500, 24.8333169 60.1869206, 24.8330952 60.1866595, 24.8329692 60.1865372, 24.8328287 60.1864235, 24.8327018 60.1863307, 24.8325557 60.1862448, 24.8323496 60.1861326)",auto,1,0,,
Otakaari,143,85512386,91,119,1,48.98,1,40,1200,tertiary,5,"LINESTRING (24.8308437 60.1849720, 24.8308859 60.1850639, 24.8309514 60.1851580, 24.8310519 60.1852622, 24.8311771 60.1853766)",auto,1,0,,
Otakaari,144,85512386,119,91,1,48.98,1,40,1200,tertiary,5,"LINESTRING (24.8311771 60.1853766, 24.8310519 60.1852622, 24.8309514 60.1851580, 24.8308859 60.1850639, 24.8308437 60.1849720)",auto,1,0,,
Jämeräntaival,145,85512387,20,120,1,29.72,1,40,1000,residential,6,"LINESTRING (24.8390127 60.1897731, 24.8390377 60.1897958, 24.8392049 60.1900219)",auto,1,0,,
Jämeräntaival,146,85512387,120,20,1,29.72,1,40,1000,residential,6,"LINESTRING (24.8392049 60.1900219, 24.8390377 60.1897958, 24.8390127 60.1897731)",auto,1,0,,
Jämeräntaival,147,85512388,120,121,1,12.9,1,40,1000,residential,6,"LINESTRING (24.8392049 60.1900219, 24.8392654 60.1901337)",auto,1,0,,
Jämeräntaival,148,85512388,121,120,1,12.9,1,40,1000,residential,6,"LINESTRING (24.8392654 60.1901337, 24.8392049 60.1900219)",auto,1,0,,
Otakaari,149,85512396,80,118,1,37.41,1,40,1200,tertiary,5,"LINESTRING (24.8345038 60.1876183, 24.8339995 60.1873952)",auto,1,0,,
Otakaari,150,85512396,118,80,1,37.41,1,40,1200,tertiary,5,"LINESTRING (24.8339995 60.1873952, 24.8345038 60.1876183)",auto,1,0,,
Jämeräntaival,151,85512409,121,122,1,21.79,1,40,1000,residential,6,"LINESTRING (24.8392654 60.1901337, 24.8392708 60.1901645, 24.8392866 60.1902540, 24.8392922 60.1903288)",auto,1,0,,
Jämeräntaival,152,85512409,122,121,1,21.79,1,40,1000,residential,6,"LINESTRING (24.8392922 60.1903288, 24.8392866 60.1902540, 24.8392708 60.1901645, 24.8392654 60.1901337)",auto,1,0,,
Servin Maijan tie,153,85512599,123,124,1,9.69,1,40,1000,residential,6,"LINESTRING (24.8368629 60.1901625, 24.8370222 60.1901983)",auto,1,0,,
Servin Maijan tie,154,85512599,124,123,1,9.69,1,40,1000,residential,6,"LINESTRING (24.8370222 60.1901983, 24.8368629 60.1901625)",auto,1,0,,
Servin Maijan tie,155,85512600,125,126,1,52.15,1,40,1000,residential,6,"LINESTRING (24.8378817 60.1904421, 24.8379421 60.1904884, 24.8380318 60.1905784, 24.8380804 60.1906551, 24.8381235 60.1908256, 24.8381293 60.1908858)",auto,1,0,,
Servin Maijan tie,156,85512600,126,125,1,52.15,1,40,1000,residential,6,"LINESTRING (24.8381293 60.1908858, 24.8381235 60.1908256, 24.8380804 60.1906551, 24.8380318 60.1905784, 24.8379421 60.1904884, 24.8378817 60.1904421)",auto,1,0,,
Servin Maijan tie,157,85512601,1,123,1,118.48,1,40,1000,residential,6,"LINESTRING (24.8352053 60.1895279, 24.8355710 60.1897618, 24.8357405 60.1898419, 24.8358991 60.1899245, 24.8360365 60.1899722, 24.8366305 60.1901090, 24.8368629 60.1901625)",auto,1,0,,
Servin Maijan tie,158,85512601,123,1,1,118.48,1,40,1000,residential,6,"LINESTRING (24.8368629 60.1901625, 24.8366305 60.1901090, 24.8360365 60.1899722, 24.8358991 60.1899245, 24.8357405 60.1898419, 24.8355710 60.1897618, 24.8352053 60.1895279)",auto,1,0,,
Servin Maijan tie,159,85512602,127,128,1,31.65,1,40,1000,residential,6,"LINESTRING (24.8372523 60.1902384, 24.8375563 60.1903100, 24.8376706 60.1903469, 24.8377492 60.1903762)",auto,1,0,,
Servin Maijan tie,160,85512602,128,127,1,31.65,1,40,1000,residential,6,"LINESTRING (24.8377492 60.1903762, 24.8376706 60.1903469, 24.8375563 60.1903100, 24.8372523 60.1902384)",auto,1,0,,
Servin Maijan tie,161,85512603,129,0,1,8.03,1,40,1000,residential,6,"LINESTRING (24.8346048 60.1889900, 24.8347064 60.1890138, 24.8347327 60.1890233)",auto,1,0,,
Servin Maijan tie,162,85512603,0,129,1,8.03,1,40,1000,residential,6,"LINESTRING (24.8347327 60.1890233, 24.8347064 60.1890138, 24.8346048 60.1889900)",auto,1,0,,
Servinkuja,163,85512604,16,130,1,99.97,1,30,1000,residential,6,"LINESTRING (24.8339589 60.1906255, 24.8336773 60.1906827, 24.8334096 60.1908105, 24.8330179 60.1910612, 24.8328724 60.1911671, 24.8327013 60.1912452)",auto,1,0,,
Servinkuja,164,85512604,130,16,1,99.97,1,30,1000,residential,6,"LINESTRING (24.8327013 60.1912452, 24.8328724 60.1911671, 24.8330179 60.1910612, 24.8334096 60.1908105, 24.8336773 60.1906827, 24.8339589 60.1906255)",auto,1,0,,
Servin Maijan tie,165,85512605,128,125,1,10.39,1,40,1000,residential,6,"LINESTRING (24.8377492 60.1903762, 24.8378817 60.1904421)",auto,1,0,,
Servin Maijan tie,166,85512605,125,128,1,10.39,1,40,1000,residential,6,"LINESTRING (24.8378817 60.1904421, 24.8377492 60.1903762)",auto,1,0,,
Servin Maijan tie,167,85512606,124,127,1,13.52,1,40,1000,residential,6,"LINESTRING (24.8370222 60.1901983, 24.8371351 60.1902189, 24.8372523 60.1902384)",auto,1,0,,
Servin Maijan tie,168,85512606,127,124,1,13.52,1,40,1000,residential,6,"LINESTRING (24.8372523 60.1902384, 24.8371351 60.1902189, 24.8370222 60.1901983)",auto,1,0,,
Vuorimiehentie,169,96149960,131,69,1,35.84,2,40,1200,tertiary,5,"LINESTRING (24.8242188 60.1816987, 24.8240815 60.1816273, 24.8240021 60.1815702, 24.8238171 60.1814474)",auto,1,0,,
Vuorimiehentie,170,96149960,69,131,1,35.84,2,40,1200,tertiary,5,"LINESTRING (24.8238171 60.1814474, 24.8240021 60.1815702, 24.8240815 60.1816273, 24.8242188 60.1816987)",auto,1,0,,
Vuorimiehentie,171,96149961,25,131,1,22.02,2,40,1200,tertiary,5,"LINESTRING (24.8245127 60.1818316, 24.8242188 60.1816987)",auto,1,0,,
Vuorimiehentie,172,96149961,131,25,1,22.02,2,40,1200,tertiary,5,"LINESTRING (24.8242188 60.1816987, 24.8245127 60.1818316)",auto,1,0,,
Otakaari,173,96600573,132,117,1,13.11,1,40,1200,tertiary,5,"LINESTRING (24.8321914 60.1860451, 24.8323496 60.1861326)",auto,1,0,,
Otakaari,174,96600573,117,132,1,13.11,1,40,1200,tertiary,5,"LINESTRING (24.8323496 60.1861326, 24.8321914 60.1860451)",auto,1,0,,
Kehä I,175,97234770,133,134,1,60.33,4,70,2200,trunk,2,"LINESTRING (24.8092046 60.1864467, 24.8096952 60.1859632)",auto,0,0,,
Kehä I,176,97234770,134,58,1,13.73,4,70,2200,trunk,2,"LINESTRING (24.8096952 60.1859632, 24.8097952 60.1858504)",auto,0,0,,
Kehä I,177,97234774,135,136,1,162.57,4,70,2200,trunk,2,"LINESTRING (24.8077050 60.1882022, 24.8078313 60.1879836, 24.8079787 60.1877780, 24.8081446 60.1875551, 24.8083824 60.1872731, 24.8087947 60.1868499)",auto,0,0,,
Luolamiehentie,178,129533550,137,138,1,21.15,1,40,800,unclassified,11,"LINESTRING (24.8318459 60.1835835, 24.8320674 60.1837381)",auto,0,0,,
Luolamiehentie,179,129533550,138,45,1,10.51,1,40,800,unclassified,11,"LINESTRING (24.8320674 60.1837381, 24.8321431 60.1838246)",auto,0,0,,
Luolamiehentie,180,129533551,139,140,1,10.17,1,40,800,unclassified,11,"LINESTRING (24.8317098 60.1837133, 24.8318928 60.1837188)",auto,0,0,,
Luolamiehentie,181,129533551,140,138,1,9.92,1,40,800,unclassified,11,"LINESTRING (24.8318928 60.1837188, 24.8320674 60.1837381)",auto,0,0,,
Luolamiehentie,182,129533552,45,141,1,16.25,1,40,800,unclassified,11,"LINESTRING (24.8321431 60.1838246, 24.8320207 60.1837945, 24.8318687 60.1837759)",auto,0,0,,
Luolamiehentie,183,129533552,141,139,1,11.24,1,40,800,unclassified,11,"LINESTRING (24.8318687 60.1837759, 24.8317098 60.1837133)",auto,0,0,,
Tapiolantie,184,132573517,142,143,1,23.05,2,40,1200,tertiary,5,"LINESTRING (24.8212979 60.1789590, 24.8217133 60.1789554)",auto,0,0,,
Tapiolantie,185,132573517,143,64,1,8.32,2,40,1200,tertiary,5,"LINESTRING (24.8217133 60.1789554, 24.8218633 60.1789567)",auto,0,0,,
Kemistintie,186,134101911,29,144,1,202.81,1,40,800,unclassified,11,"LINESTRING (24.8231612 60.1822231, 24.8232373 60.1822891, 24.8233654 60.1823927, 24.8234928 60.1824958, 24.8236351 60.1826026, 24.8237846 60.1827019, 24.8239468 60.1827782, 24.8240513 60.1828228, 24.8243966 60.1829679, 24.8244599 60.1829955, 24.8245244 60.1830252, 24.8246435 60.1830823, 24.8246726 60.1830969, 24.8247940 60.1831544, 24.8249870 60.1832428, 24.8251535 60.1833160, 24.8252976 60.1833693, 24.8254356 60.1834194, 24.8257006 60.1835055)",auto,1,0,,
Kemistintie,187,134101911,144,29,1,202.81,1,40,800,unclassified,11,"LINESTRING (24.8257006 60.1835055, 24.8254356 60.1834194, 24.8252976 60.1833693, 24.8251535 60.1833160, 24.8249870 60.1832428, 24.8247940 60.1831544, 24.8246726 60.1830969, 24.8246435 60.1830823, 24.8245244 60.1830252, 24.8244599 60.1829955, 24.8243966 60.1829679, 24.8240513 60.1828228, 24.8239468 60.1827782, 24.8237846 60.1827019, 24.8236351 60.1826026, 24.8234928 60.1824958, 24.8233654 60.1823927, 24.8232373 60.1822891, 24.8231612 60.1822231)",auto,1,0,,
Kemistintie,188,134101912,144,22,1,140.2,1,40,800,unclassified,11,"LINESTRING (24.8257006 60.1835055, 24.8258514 60.1835517, 24.8259453 60.1835792, 24.8261476 60.1836385, 24.8266285 60.1837881, 24.8267006 60.1838019, 24.8267938 60.1838069, 24.8268775 60.1838022, 24.8269339 60.1837897, 24.8275839 60.1834850, 24.8276062 60.1834746, 24.8277552 60.1834084)",auto,1,0,,
Kemistintie,189,134101912,22,144,1,140.2,1,40,800,unclassified,11,"LINESTRING (24.8277552 60.1834084, 24.8276062 60.1834746, 24.8275839 60.1834850, 24.8269339 60.1837897, 24.8268775 60.1838022, 24.8267938 60.1838069, 24.8267006 60.1838019, 24.8266285 60.1837881, 24.8261476 60.1836385, 24.8259453 60.1835792, 24.8258514 60.1835517, 24.8257006 60.1835055)",auto,1,0,,
Luolamiehentie,190,134101914,46,145,1,214.16,1,40,800,unclassified,11,"LINESTRING (24.8335435 60.1847613, 24.8337615 60.1847690, 24.8338626 60.1847692, 24.8342363 60.1847704, 24.8347158 60.1847735, 24.8352984 60.1847771, 24.8354345 60.1847705, 24.8359302 60.1847222, 24.8360804 60.1847191, 24.8366663 60.1847285, 24.8367540 60.1847292, 24.8373934 60.1847289)",auto,1,0,,
Luolamiehentie,191,134101914,145,46,1,214.16,1,40,800,unclassified,11,"LINESTRING (24.8373934 60.1847289, 24.8367540 60.1847292, 24.8366663 60.1847285, 24.8360804 60.1847191, 24.8359302 60.1847222, 24.8354345 60.1847705, 24.8352984 60.1847771, 24.8347158 60.1847735, 24.8342363 60.1847704, 24.8338626 60.1847692, 24.8337615 60.1847690, 24.8335435 60.1847613)",auto,1,0,,
Tekniikantie,192,134101915,146,147,1,135.48,2,40,1200,tertiary,5,"LINESTRING (24.8195063 60.1817972, 24.8206552 60.1818177, 24.8208832 60.1818237, 24.8211493 60.1818251, 24.8214713 60.1818239, 24.8218330 60.1818141, 24.8219468 60.1818103)",auto,1,0,,
Tekniikantie,193,134101915,147,146,1,135.48,2,40,1200,tertiary,5,"LINESTRING (24.8219468 60.1818103, 24.8218330 60.1818141, 24.8214713 60.1818239, 24.8211493 60.1818251, 24.8208832 60.1818237, 24.8206552 60.1818177, 24.8195063 60.1817972)",auto,1,0,,
Tekniikantie,194,134101916,147,28,1,37.95,2,40,1200,tertiary,5,"LINESTRING (24.8219468 60.1818103, 24.8222205 60.1817958, 24.8226200 60.1817522)",auto,1,0,,
Tekniikantie,195,134101916,28,147,1,37.95,2,40,1200,tertiary,5,"LINESTRING (24.8226200 60.1817522, 24.8222205 60.1817958, 24.8219468 60.1818103)",auto,1,0,,
Tekniikantie,196,134101916,28,69,1,75.2,2,40,1200,tertiary,5,"LINESTRING (24.8226200 60.1817522, 24.8228095 60.1817247, 24.8230567 60.1816798, 24.8233109 60.1816169, 24.8235207 60.1815582, 24.8238171 60.1814474)",auto,1,0,,
Tekniikantie,197,134101916,69,28,1,75.2,2,40,1200,tertiary,5,"LINESTRING (24.8238171 60.1814474, 24.8235207 60.1815582, 24.8233109 60.1816169, 24.8230567 60.1816798, 24.8228095 60.1817247, 24.8226200 60.1817522)",auto,1,0,,
Maarintie,198,148220653,61,54,1,90.02,2,50,1600,secondary,4,"LINESTRING (24.8107653 60.1860312, 24.8111104 60.1861322, 24.8114689 60.1862180, 24.8116951 60.1862563, 24.8118995 60.1862788, 24.8120637 60.1862891, 24.8122748 60.1862846)",auto,0,0,,
Kalevalantie,199,148323652,148,149,1,32.16,4,80,1600,secondary,4,"LINESTRING (24.8091827 60.1855304, 24.8096772 60.1856811)",auto,0,0,,
Kalevalantie,200,148323652,149,4,1,13.8,4,80,1600,secondary,4,"LINESTRING (24.8096772 60.1856811, 24.8097265 60.1856982, 24.8098846 60.1857495)",auto,0,0,,
Kuusisaarentie,201,172347656,32,150,1,72.86,2,50,1600,secondary,4,"LINESTRING (24.8387437 60.1802596, 24.8400197 60.1804148)",auto,1,0,,
Kuusisaarentie,202,172347656,150,32,1,72.86,2,50,1600,secondary,4,"LINESTRING (24.8400197 60.1804148, 24.8387437 60.1802596)",auto,1,0,,
Maarintie,203,172781419,151,94,1,30.03,2,50,1600,secondary,4,"LINESTRING (24.8122215 60.1863630, 24.8120708 60.1863631, 24.8119011 60.1863567, 24.8116833 60.1863392)",auto,0,0,,
Tekniikantie,204,172781420,54,96,1,20.03,1,50,1200,tertiary,5,"LINESTRING (24.8122748 60.1862846, 24.8123954 60.1862488, 24.8124960 60.1862130, 24.8125913 60.1862039)",auto,0,0,,
Tekniikantie,205,172781421,96,152,1,39.32,1,50,1200,tertiary,5,"LINESTRING (24.8125913 60.1862039, 24.8128721 60.1860221, 24.8130235 60.1859241)",auto,1,0,,
Tekniikantie,206,172781421,152,96,1,39.32,2,50,1200,tertiary,5,"LINESTRING (24.8130235 60.1859241, 24.8128721 60.1860221, 24.8125913 60.1862039)",auto,1,0,,
Kuusisaarentie,207,179043482,18,153,1,46.98,3,50,1600,secondary,4,"LINESTRING (24.8358526 60.1798965, 24.8356100 60.1798492, 24.8351570 60.1797608, 24.8350917 60.1797473, 24.8350650 60.1797415)",auto,0,0,,
Kuusisaarentie,208,179043483,77,52,1,84.32,2,50,1600,secondary,4,"LINESTRING (24.8354018 60.1796721, 24.8356994 60.1797340, 24.8358604 60.1797676, 24.8362836 60.1798509, 24.8368144 60.1799514)",auto,0,0,,
Otaniementie,209,190934949,154,155,1,168.01,1,40,1200,tertiary,5,"LINESTRING (24.8335047 60.1817192, 24.8333889 60.1818559, 24.8332757 60.1819926, 24.8331610 60.1821059, 24.8329476 60.1822827, 24.8327003 60.1824491, 24.8324611 60.1825793, 24.8320542 60.1827711, 24.8317411 60.1829214)",auto,1,0,,
Otaniementie,210,190934949,155,154,1,168.01,1,40,1200,tertiary,5,"LINESTRING (24.8317411 60.1829214, 24.8320542 60.1827711, 24.8324611 60.1825793, 24.8327003 60.1824491, 24.8329476 60.1822827, 24.8331610 60.1821059, 24.8332757 60.1819926, 24.8333889 60.1818559, 24.8335047 60.1817192)",auto,1,0,,
Maarintie,211,190936273,95,156,1,27.4,3,80,1600,secondary,4,"LINESTRING (24.8106681 60.1861199, 24.8102375 60.1859993)",auto,0,0,,
Maarintie,212,190936273,156,57,1,12.75,3,80,1600,secondary,4,"LINESTRING (24.8102375 60.1859993, 24.8100415 60.1859395)",auto,0,0,,
Tekniikantie,213,237355364,97,55,1,8.71,2,50,1200,tertiary,5,"LINESTRING (24.8124934 60.1862916, 24.8123782 60.1863448)",auto,0,0,,
Tekniikantie,214,262829372,157,158,1,214.24,1,40,1200,tertiary,5,"LINESTRING (24.8133922 60.1856961, 24.8136203 60.1855816, 24.8137166 60.1855279, 24.8138805 60.1854365, 24.8143124 60.1851697, 24.8144276 60.1850985, 24.8144960 60.1850574, 24.8149067 60.1848000, 24.8149573 60.1847692, 24.8150058 60.1847398, 24.8156945 60.1842797, 24.8157612 60.1842286, 24.8157879 60.1841921)",auto,1,0,,
Tekniikantie,215,262829372,158,157,1,214.24,1,40,1200,tertiary,5,"LINESTRING (24.8157879 60.1841921, 24.8157612 60.1842286, 24.8156945 60.1842797, 24.8150058 60.1847398, 24.8149573 60.1847692, 24.8149067 60.1848000, 24.8144960 60.1850574, 24.8144276 60.1850985, 24.8143124 60.1851697, 24.8138805 60.1854365, 24.8137166 60.1855279, 24.8136203 60.1855816, 24.8133922 60.1856961)",auto,1,0,,
Tietotie,217,262835039,246,160,1,33.22,1,40,800,unclassified,11,"LINESTRING (24.8222876 60.1863204, 24.8222731 60.1862997, 24.8222405 60.1862553, 24.8220863 60.1860395)",auto,0,0,,
Maarintie,218,284925166,161,151,1,15.36,2,50,1200,tertiary,5,"LINESTRING (24.8123289 60.1864898, 24.8122805 60.1864440, 24.8122633 60.1864203, 24.8122215 60.1863630)",auto,0,0,,
Tekniikantie,219,284925168,162,157,1,8.36,1,40,1200,tertiary,5,"LINESTRING (24.8132958 60.1857538, 24.8133121 60.1857436, 24.8133922 60.1856961)",auto,1,0,,
Tekniikantie,220,284925168,157,162,1,8.36,1,40,1200,tertiary,5,"LINESTRING (24.8133922 60.1856961, 24.8133121 60.1857436, 24.8132958 60.1857538)",auto,1,0,,
Maarintie,221,284925169,151,54,1,9.22,1,50,1200,tertiary,5,"LINESTRING (24.8122215 60.1863630, 24.8122748 60.1862846)",auto,0,0,,
Tekniikantie,222,284925170,152,162,1,25.54,1,40,1200,tertiary,5,"LINESTRING (24.8130235 60.1859241, 24.8130732 60.1858472, 24.8131292 60.1858122, 24.8131852 60.1857795, 24.8132958 60.1857538)",auto,0,0,,
Tekniikantie,223,284925171,162,152,1,26.03,2,40,1200,tertiary,5,"LINESTRING (24.8132958 60.1857538, 24.8132845 60.1858130, 24.8132337 60.1858475, 24.8131612 60.1858870, 24.8130235 60.1859241)",auto,0,0,,
Tekniikantie,224,284925700,73,163,1,46.62,2,40,1200,tertiary,5,"LINESTRING (24.8160458 60.1837869, 24.8162340 60.1835350, 24.8162639 60.1834907, 24.8163012 60.1834334, 24.8163300 60.1833930)",auto,1,0,,
Tekniikantie,225,284925700,163,73,1,46.62,2,40,1200,tertiary,5,"LINESTRING (24.8163300 60.1833930, 24.8163012 60.1834334, 24.8162639 60.1834907, 24.8162340 60.1835350, 24.8160458 60.1837869)",auto,1,0,,
Tekniikantie,226,284925701,73,72,1,23.79,2,40,1200,tertiary,5,"LINESTRING (24.8160458 60.1837869, 24.8160646 60.1838273, 24.8160411 60.1838687, 24.8160249 60.1838974, 24.8159080 60.1839778)",auto,0,0,,
Otakaari,227,289494092,119,132,1,93.5,1,40,1200,tertiary,5,"LINESTRING (24.8311771 60.1853766, 24.8312583 60.1854438, 24.8313634 60.1855286, 24.8316095 60.1857015, 24.8317973 60.1858181, 24.8321914 60.1860451)",auto,1,0,,
Otakaari,228,289494092,132,119,1,93.5,1,40,1200,tertiary,5,"LINESTRING (24.8321914 60.1860451, 24.8317973 60.1858181, 24.8316095 60.1857015, 24.8313634 60.1855286, 24.8312583 60.1854438, 24.8311771 60.1853766)",auto,1,0,,
Tietotie,229,292087340,99,164,1,81.41,1,40,800,unclassified,11,"LINESTRING (24.8194241 60.1847235, 24.8194865 60.1847524, 24.8195171 60.1847686, 24.8198562 60.1849345, 24.8199001 60.1849562, 24.8202497 60.1851194, 24.8204964 60.1852221)",auto,1,0,,
Tietotie,230,292087340,164,99,1,81.41,1,40,800,unclassified,11,"LINESTRING (24.8204964 60.1852221, 24.8202497 60.1851194, 24.8199001 60.1849562, 24.8198562 60.1849345, 24.8195171 60.1847686, 24.8194865 60.1847524, 24.8194241 60.1847235)",auto,1,0,,
Tietotie,231,292087341,164,160,1,127.45,1,40,800,unclassified,11,"LINESTRING (24.8204964 60.1852221, 24.8206574 60.1852872, 24.8210135 60.1854532, 24.8211873 60.1855289, 24.8213701 60.1856150, 24.8215919 60.1857194, 24.8218457 60.1858519, 24.8219248 60.1859062, 24.8220129 60.1859786, 24.8220863 60.1860395)",auto,1,0,,
Tietotie,232,292087341,160,164,1,127.45,1,40,800,unclassified,11,"LINESTRING (24.8220863 60.1860395, 24.8220129 60.1859786, 24.8219248 60.1859062, 24.8218457 60.1858519, 24.8215919 60.1857194, 24.8213701 60.1856150, 24.8211873 60.1855289, 24.8210135 60.1854532, 24.8206574 60.1852872, 24.8204964 60.1852221)",auto,1,0,,
Konemiehentie,233,300068888,165,10,1,34.32,1,40,1200,tertiary,5,"LINESTRING (24.8226696 60.1868165, 24.8225506 60.1867033, 24.8224301 60.1865332)",auto,0,0,,
Vaisalantie,234,305408546,44,166,1,62.35,1,30,800,unclassified,11,"LINESTRING (24.8102010 60.1875110, 24.8100314 60.1880644)",auto,1,0,,
Vaisalantie,235,305408546,166,44,1,62.35,1,30,800,unclassified,11,"LINESTRING (24.8100314 60.1880644, 24.8102010 60.1875110)",auto,1,0,,
Vaisalantie,236,305408547,167,115,1,63.82,1,30,800,unclassified,11,"LINESTRING (24.8099354 60.1883547, 24.8097682 60.1888955, 24.8097573 60.1889208)",auto,1,0,,
Vaisalantie,237,305408547,115,167,1,63.82,1,30,800,unclassified,11,"LINESTRING (24.8097573 60.1889208, 24.8097682 60.1888955, 24.8099354 60.1883547)",auto,1,0,,
Vaisalantie,238,305408548,166,167,1,32.77,1,30,800,unclassified,11,"LINESTRING (24.8100314 60.1880644, 24.8099512 60.1883065, 24.8099354 60.1883547)",auto,1,0,,
Vaisalantie,239,305408548,167,166,1,32.77,1,30,800,unclassified,11,"LINESTRING (24.8099354 60.1883547, 24.8099512 60.1883065, 24.8100314 60.1880644)",auto,1,0,,
Otakaari,240,314694634,168,137,1,16.13,2,40,1200,tertiary,5,"LINESTRING (24.8317595 60.1834452, 24.8318459 60.1835835)",auto,0,0,,
Otakaari,241,314694636,89,139,1,28.96,2,40,1200,tertiary,5,"LINESTRING (24.8315354 60.1839582, 24.8316409 60.1838246, 24.8317098 60.1837133)",auto,0,0,,
Otakaari,242,314694637,137,140,1,15.29,2,40,1200,tertiary,5,"LINESTRING (24.8318459 60.1835835, 24.8318928 60.1837188)",auto,0,0,,
Otakaari,243,314694637,140,141,1,6.5,2,40,1200,tertiary,5,"LINESTRING (24.8318928 60.1837188, 24.8318687 60.1837759)",auto,0,0,,
Otakaari,244,314694638,141,88,1,45.92,1,40,1200,tertiary,5,"LINESTRING (24.8318687 60.1837759, 24.8318175 60.1838557, 24.8316599 60.1839963, 24.8315610 60.1840553, 24.8314205 60.1841129)",auto,0,0,,
,245,338082657,169,170,1,106.39,2,50,2200,trunk,2,"LINESTRING (24.8259231 60.1781707, 24.8260103 60.1780473, 24.8260894 60.1779526, 24.8262115 60.1778546, 24.8263805 60.1777552, 24.8265886 60.1776681, 24.8268029 60.1775931, 24.8269853 60.1775418, 24.8270443 60.1775231, 24.8271559 60.1774786)",auto,0,1,,
Kuusisaarentie,246,338082658,171,172,1,98.11,1,50,1600,secondary,4,"LINESTRING (24.8285254 60.1774098, 24.8285930 60.1774986, 24.8286322 60.1775353, 24.8286751 60.1775652, 24.8288985 60.1776856, 24.8290784 60.1777492, 24.8293888 60.1778244, 24.8298610 60.1779395)",auto,0,0,,
Keilaportti,247,338082659,173,174,1,110.98,2,40,1200,tertiary,5,"LINESTRING (24.8280143 60.1772128, 24.8282168 60.1772248, 24.8283860 60.1772241, 24.8285594 60.1772160, 24.8287136 60.1772031, 24.8288646 60.1771823, 24.8298035 60.1769826, 24.8298533 60.1769686, 24.8298993 60.1769479)",auto,0,0,,
,248,338082663,175,176,1,112.0,1,60,2300,motorway,1,"LINESTRING (24.8272393 60.1773437, 24.8272572 60.1772575, 24.8273366 60.1771611, 24.8274306 60.1770673, 24.8275589 60.1768949, 24.8276435 60.1767530, 24.8276927 60.1765725, 24.8276990 60.1763766)",auto,0,1,,
,249,338082664,177,178,1,96.28,2,50,2200,trunk,2,"LINESTRING (24.8274992 60.1780475, 24.8274033 60.1781296, 24.8272763 60.1782061, 24.8271221 60.1782921, 24.8269638 60.1783655, 24.8268150 60.1784268, 24.8265789 60.1785115, 24.8262115 60.1786062)",auto,0,1,,
Kehä I,250,338082668,179,180,1,5.16,2,60,2300,motorway,1,"LINESTRING (24.8279533 60.1772716, 24.8279221 60.1773152)",auto,0,0,,
,251,338082669,181,182,1,84.47,1,60,2300,motorway,1,"LINESTRING (24.8288256 60.1773500, 24.8289948 60.1774610, 24.8291941 60.1775628, 24.8294889 60.1776816, 24.8299906 60.1778248)",auto,0,1,,
Kuusisaarentie,252,338082673,183,50,1,90.47,2,50,1600,secondary,4,"LINESTRING (24.8315250 60.1784652, 24.8321131 60.1786919, 24.8325648 60.1788762, 24.8328097 60.1789653)",auto,0,0,,
Tapiolantie,253,338082681,66,110,1,38.24,1,40,1200,tertiary,5,"LINESTRING (24.8232075 60.1790792, 24.8230277 60.1791504, 24.8229472 60.1791678, 24.8228507 60.1791758, 24.8227353 60.1791644, 24.8225838 60.1791451)",auto,0,0,,
Kuusisaarentie,254,338082683,82,184,1,237.67,1,50,1600,secondary,4,"LINESTRING (24.8335319 60.1793374, 24.8330421 60.1791795, 24.8326158 60.1790279, 24.8320048 60.1787928, 24.8312638 60.1784997, 24.8309012 60.1783558, 24.8305308 60.1782312, 24.8300524 60.1780979)",auto,0,0,,
Kuusisaarentie,255,338082685,185,186,1,75.24,1,50,1600,secondary,4,"LINESTRING (24.8294878 60.1779486, 24.8289489 60.1777954, 24.8287341 60.1777419, 24.8286234 60.1777220, 24.8285447 60.1777092, 24.8284678 60.1777034, 24.8283748 60.1776993, 24.8282509 60.1776979)",auto,0,0,,
Kehä I,256,338082687,187,188,1,34.36,3,60,2300,motorway,1,"LINESTRING (24.8280322 60.1757539, 24.8281023 60.1759209, 24.8281421 60.1760574)",auto,0,0,,
Keilaportti,257,338082693,189,190,1,56.93,2,40,1200,tertiary,5,"LINESTRING (24.8299861 60.1770202, 24.8299444 60.1770351, 24.8298752 60.1770559, 24.8298062 60.1770721, 24.8290494 60.1772263)",auto,0,0,,
,258,338082694,185,177,1,117.42,3,50,2200,trunk,2,"LINESTRING (24.8294878 60.1779486, 24.8291713 60.1779193, 24.8288789 60.1778726, 24.8287645 60.1778565, 24.8286496 60.1778473, 24.8285535 60.1778424, 24.8284592 60.1778419, 24.8283630 60.1778456, 24.8282634 60.1778519, 24.8281707 60.1778659, 24.8280756 60.1778806, 24.8279851 60.1778992, 24.8278959 60.1779226, 24.8274992 60.1780475)",auto,0,1,,
Tapiolantie,259,338082695,66,191,1,145.21,1,40,1200,tertiary,5,"LINESTRING (24.8232075 60.1790792, 24.8235065 60.1789797, 24.8239383 60.1788523, 24.8242240 60.1787456, 24.8248838 60.1784448, 24.8249777 60.1784122, 24.8250903 60.1783968, 24.8251776 60.1783929, 24.8252673 60.1783968, 24.8253599 60.1784088)",auto,1,0,,
Tapiolantie,260,338082695,191,66,1,145.21,1,40,1200,tertiary,5,"LINESTRING (24.8253599 60.1784088, 24.8252673 60.1783968, 24.8251776 60.1783929, 24.8250903 60.1783968, 24.8249777 60.1784122, 24.8248838 60.1784448, 24.8242240 60.1787456, 24.8239383 60.1788523, 24.8235065 60.1789797, 24.8232075 60.1790792)",auto,1,0,,
Otakaari,261,386476234,192,15,1,84.88,1,30,800,unclassified,11,"LINESTRING (24.8263334 60.1861071, 24.8263915 60.1861556, 24.8264079 60.1861693, 24.8267280 60.1864197, 24.8268599 60.1865211, 24.8270464 60.1866573, 24.8270778 60.1866802, 24.8271022 60.1867020, 24.8271256 60.1867553)",auto,1,0,,
Otakaari,262,386476234,15,192,1,84.88,1,30,800,unclassified,11,"LINESTRING (24.8271256 60.1867553, 24.8271022 60.1867020, 24.8270778 60.1866802, 24.8270464 60.1866573, 24.8268599 60.1865211, 24.8267280 60.1864197, 24.8264079 60.1861693, 24.8263915 60.1861556, 24.8263334 60.1861071)",auto,1,0,,
Otakaari,263,387040988,193,194,1,10.15,1,40,1200,tertiary,5,"LINESTRING (24.8345671 60.1886520, 24.8346132 60.1885638)",auto,1,0,,
Otakaari,264,387040988,194,193,1,10.15,1,40,1200,tertiary,5,"LINESTRING (24.8346132 60.1885638, 24.8345671 60.1886520)",auto,1,0,,
Otakaari,265,387040992,195,196,1,18.0,2,40,1200,tertiary,5,"LINESTRING (24.8342789 60.1890062, 24.8342536 60.1889832, 24.8342419 60.1889575, 24.8342449 60.1889313, 24.8342622 60.1889065, 24.8342869 60.1888881, 24.8343194 60.1888731, 24.8343363 60.1888641)",auto,0,0,,
Otakaari,266,387040994,196,193,1,27.03,2,40,1200,tertiary,5,"LINESTRING (24.8343363 60.1888641, 24.8343790 60.1888350, 24.8344188 60.1887807, 24.8344497 60.1887432, 24.8345671 60.1886520)",auto,0,0,,
Otakaari,267,387040995,197,102,1,24.47,2,40,1200,tertiary,5,"LINESTRING (24.8344616 60.1890434, 24.8343849 60.1890888, 24.8343434 60.1891271, 24.8343092 60.1891622, 24.8341972 60.1892165)",auto,0,0,,
Otakaari,268,387040996,102,195,1,24.09,2,40,1200,tertiary,5,"LINESTRING (24.8341972 60.1892165, 24.8341993 60.1891445, 24.8342160 60.1891199, 24.8342320 60.1890996, 24.8342473 60.1890779, 24.8342633 60.1890500, 24.8342789 60.1890062)",auto,0,0,,
Otakaari,269,387040997,193,198,1,25.47,2,40,1200,tertiary,5,"LINESTRING (24.8345671 60.1886520, 24.8345603 60.1887529, 24.8345565 60.1887749, 24.8345539 60.1887945, 24.8345526 60.1888531, 24.8345619 60.1888801)",auto,0,0,,
Sähkömiehentie,270,402607702,199,200,1,79.35,1,30,800,unclassified,11,"LINESTRING (24.8275742 60.1885973, 24.8286452 60.1882565, 24.8287799 60.1882137)",auto,1,0,,
Sähkömiehentie,271,402607702,200,199,1,79.35,1,30,800,unclassified,11,"LINESTRING (24.8287799 60.1882137, 24.8286452 60.1882565, 24.8275742 60.1885973)",auto,1,0,,
Miestentie,272,408276057,201,63,1,36.92,1,40,1200,tertiary,5,"LINESTRING (24.8261409 60.1788740, 24.8259848 60.1789474, 24.8257729 60.1790144, 24.8255933 60.1790581)",auto,0,0,,
,273,408276061,71,202,1,145.12,3,100,2200,trunk,2,"LINESTRING (24.8246576 60.1794901, 24.8245177 60.1794799, 24.8244104 60.1794532, 24.8243111 60.1794225, 24.8241019 60.1793518, 24.8240054 60.1793285, 24.8238833 60.1793145, 24.8236969 60.1793138, 24.8235333 60.1793332, 24.8233670 60.1793785, 24.8228949 60.1795566, 24.8223357 60.1796853)",auto,0,1,,
Otasolmu,274,476091395,175,173,1,49.11,2,50,1600,secondary,4,"LINESTRING (24.8272393 60.1773437, 24.8272881 60.1773117, 24.8273412 60.1772865, 24.8274229 60.1772517, 24.8275057 60.1772227, 24.8275897 60.1772061, 24.8276681 60.1771956, 24.8277556 60.1771917, 24.8278373 60.1771949, 24.8279356 60.1772015, 24.8280143 60.1772128)",auto,0,0,,
Miestentie,275,476091396,62,71,1,46.51,1,40,1200,tertiary,5,"LINESTRING (24.8252607 60.1792043, 24.8250661 60.1793286, 24.8248935 60.1793958, 24.8247969 60.1794398, 24.8246576 60.1794901)",auto,0,0,,
Miestentie,276,476091397,71,62,1,49.6,1,40,1200,tertiary,5,"LINESTRING (24.8246576 60.1794901, 24.8246692 60.1794139, 24.8247175 60.1793705, 24.8247900 60.1793341, 24.8249625 60.1792888, 24.8252607 60.1792043)",auto,0,0,,
Kehä I,277,476091401,203,204,1,159.91,2,60,2300,motorway,1,"LINESTRING (24.8259599 60.1784327, 24.8262455 60.1783305, 24.8265585 60.1781905, 24.8268423 60.1780536, 24.8271139 60.1778785, 24.8273610 60.1776870, 24.8275345 60.1774788, 24.8276585 60.1773098)",auto,0,0,,
,278,476091402,84,205,1,144.12,1,60,2200,trunk,2,"LINESTRING (24.8234560 60.1791315, 24.8238913 60.1789643, 24.8244506 60.1787970, 24.8249613 60.1786326, 24.8253751 60.1784939, 24.8255930 60.1783993)",auto,0,1,,
,279,476091417,188,181,1,150.65,4,60,2300,motorway,1,"LINESTRING (24.8281421 60.1760574, 24.8282673 60.1762785, 24.8283123 60.1764998, 24.8283492 60.1766865, 24.8284038 60.1768569, 24.8284597 60.1769825, 24.8285430 60.1770985, 24.8286713 60.1772255, 24.8288256 60.1773500)",auto,0,1,,
,280,476091418,176,206,1,153.84,4,60,2300,motorway,1,"LINESTRING (24.8276990 60.1763766, 24.8276911 60.1761685, 24.8276066 60.1758652, 24.8274970 60.1754653, 24.8274302 60.1752200, 24.8273681 60.1750064)",auto,0,1,,
Kehä I,281,476091427,188,179,1,136.31,2,60,2300,motorway,1,"LINESTRING (24.8281421 60.1760574, 24.8281525 60.1762938, 24.8281681 60.1765480, 24.8281417 60.1767874, 24.8280589 60.1770387, 24.8279533 60.1772716)",auto,0,0,,
Kehä I,282,476091428,207,206,1,257.23,2,60,2300,motorway,1,"LINESTRING (24.8276824 60.1772737, 24.8278295 60.1770170, 24.8279045 60.1767770, 24.8279254 60.1765460, 24.8278973 60.1762798, 24.8278268 60.1759880, 24.8277395 60.1757546, 24.8273681 60.1750064)",auto,0,0,,
Otaranta,283,499062150,208,9,1,74.11,1,40,1000,residential,6,"LINESTRING (24.8348749 60.1816997, 24.8353687 60.1822090, 24.8354770 60.1822930)",auto,1,0,,
Otaranta,284,499062150,9,208,1,74.11,1,40,1000,residential,6,"LINESTRING (24.8354770 60.1822930, 24.8353687 60.1822090, 24.8348749 60.1816997)",auto,1,0,,
Otaranta,285,499062150,9,145,1,311.97,1,40,1000,residential,6,"LINESTRING (24.8354770 60.1822930, 24.8357571 60.1824736, 24.8362281 60.1827143, 24.8371406 60.1831999, 24.8372458 60.1832619, 24.8373173 60.1833216, 24.8373740 60.1833801, 24.8374216 60.1834403, 24.8374534 60.1835088, 24.8374666 60.1835725, 24.8374684 60.1836911, 24.8374258 60.1842809, 24.8374072 60.1845383, 24.8373934 60.1847289)",auto,1,0,,
Otaranta,286,499062150,145,9,1,311.97,1,40,1000,residential,6,"LINESTRING (24.8373934 60.1847289, 24.8374072 60.1845383, 24.8374258 60.1842809, 24.8374684 60.1836911, 24.8374666 60.1835725, 24.8374534 60.1835088, 24.8374216 60.1834403, 24.8373740 60.1833801, 24.8373173 60.1833216, 24.8372458 60.1832619, 24.8371406 60.1831999, 24.8362281 60.1827143, 24.8357571 60.1824736, 24.8354770 60.1822930)",auto,1,0,,
Otaranta,287,499062150,145,209,1,170.11,1,40,1000,residential,6,"LINESTRING (24.8373934 60.1847289, 24.8373977 60.1848114, 24.8373933 60.1849827, 24.8373749 60.1851495, 24.8373763 60.1853300, 24.8373774 60.1855080, 24.8373770 60.1856892, 24.8373476 60.1858605, 24.8373422 60.1859780, 24.8373338 60.1860771, 24.8373321 60.1862553)",auto,1,0,,
Otaranta,288,499062150,209,145,1,170.11,1,40,1000,residential,6,"LINESTRING (24.8373321 60.1862553, 24.8373338 60.1860771, 24.8373422 60.1859780, 24.8373476 60.1858605, 24.8373770 60.1856892, 24.8373774 60.1855080, 24.8373763 60.1853300, 24.8373749 60.1851495, 24.8373933 60.1849827, 24.8373977 60.1848114, 24.8373934 60.1847289)",auto,1,0,,
Otasolmu,289,521818831,210,211,1,18.64,1,40,1600,secondary,4,"LINESTRING (24.8280589 60.1777459, 24.8279552 60.1777598, 24.8278557 60.1777676, 24.8277281 60.1777715)",auto,0,0,,
Otasolmu,290,521818832,171,186,1,35.89,2,50,1600,secondary,4,"LINESTRING (24.8285254 60.1774098, 24.8284810 60.1774575, 24.8284529 60.1774997, 24.8284284 60.1775383, 24.8284065 60.1775730, 24.8283834 60.1776042, 24.8283464 60.1776395, 24.8282509 60.1776979)",auto,0,0,,
Otasolmu,291,521818832,186,210,1,11.99,2,50,1600,secondary,4,"LINESTRING (24.8282509 60.1776979, 24.8282076 60.1777142, 24.8281491 60.1777287, 24.8280589 60.1777459)",auto,0,0,,
Otasolmu,292,521818833,170,175,1,15.96,2,50,1600,secondary,4,"LINESTRING (24.8271559 60.1774786, 24.8271627 60.1774362, 24.8271863 60.1773920, 24.8272393 60.1773437)",auto,0,0,,
Otasolmu,293,521818834,212,170,1,17.71,1,50,1600,secondary,4,"LINESTRING (24.8272243 60.1776335, 24.8271979 60.1775920, 24.8271782 60.1775541, 24.8271639 60.1775158, 24.8271559 60.1774786)",auto,0,0,,
Otasolmu,294,521818835,211,212,1,33.49,1,50,1600,secondary,4,"LINESTRING (24.8277281 60.1777715, 24.8276478 60.1777689, 24.8275492 60.1777582, 24.8274647 60.1777427, 24.8273863 60.1777225, 24.8272991 60.1776882, 24.8272243 60.1776335)",auto,0,0,,
Tekniikantie,295,524102819,55,151,1,8.92,2,50,1200,tertiary,5,"LINESTRING (24.8123782 60.1863448, 24.8122215 60.1863630)",auto,0,0,,
Kehä I,296,562750496,74,213,1,286.99,2,60,2200,trunk,2,"LINESTRING (24.8153243 60.1823554, 24.8170254 60.1816084, 24.8178710 60.1812492, 24.8192938 60.1807046)",auto,0,0,,
Kehä I,297,562750497,214,48,1,203.91,3,70,2200,trunk,2,"LINESTRING (24.8217550 60.1799261, 24.8212500 60.1801288, 24.8200335 60.1805714, 24.8188226 60.1810297)",auto,0,0,,
Kehä I,298,569293022,202,214,1,41.92,4,70,2200,trunk,2,"LINESTRING (24.8223357 60.1796853, 24.8217550 60.1799261)",auto,0,0,,
Tekniikantie,299,574637836,158,72,1,24.78,1,40,1200,tertiary,5,"LINESTRING (24.8157879 60.1841921, 24.8159080 60.1839778)",auto,1,0,,
Tekniikantie,300,574637836,72,158,1,24.78,1,40,1200,tertiary,5,"LINESTRING (24.8159080 60.1839778, 24.8157879 60.1841921)",auto,1,0,,
Otakaari,301,586662334,79,194,1,28.39,2,40,1200,tertiary,5,"LINESTRING (24.8347558 60.1883190, 24.8346539 60.1884936, 24.8346132 60.1885638)",auto,1,0,,
Otakaari,302,586662334,194,79,1,28.39,2,40,1200,tertiary,5,"LINESTRING (24.8346132 60.1885638, 24.8346539 60.1884936, 24.8347558 60.1883190)",auto,1,0,,
Itäranta,303,595536924,67,64,1,10.47,1,30,1000,residential,6,"LINESTRING (24.8218533 60.1790506, 24.8218633 60.1789567)",auto,0,0,,
Itäranta,304,595536926,87,215,1,18.35,1,30,1000,residential,6,"LINESTRING (24.8222002 60.1786807, 24.8220997 60.1788377)",auto,0,0,,
Itäranta,305,595536926,215,65,1,15.07,1,30,1000,residential,6,"LINESTRING (24.8220997 60.1788377, 24.8220823 60.1788630, 24.8220095 60.1789653)",auto,0,0,,
,306,595536934,216,217,1,106.04,3,60,2200,trunk,2,"LINESTRING (24.8205234 60.1802483, 24.8208591 60.1800674, 24.8211005 60.1799594, 24.8213138 60.1798560, 24.8215042 60.1797480, 24.8216356 60.1796153, 24.8217027 60.1795166)",auto,0,1,,
Tapiolantie,307,595536945,191,218,1,49.96,1,40,1200,tertiary,5,"LINESTRING (24.8253599 60.1784088, 24.8254290 60.1784284, 24.8259687 60.1787366)",auto,1,0,,
Tapiolantie,308,595536945,218,191,1,49.96,1,40,1200,tertiary,5,"LINESTRING (24.8259687 60.1787366, 24.8254290 60.1784284, 24.8253599 60.1784088)",auto,1,0,,
Tapiolantie,309,595536947,218,201,1,18.07,1,40,1200,tertiary,5,"LINESTRING (24.8259687 60.1787366, 24.8260809 60.1788170, 24.8261409 60.1788740)",auto,1,0,,
Tapiolantie,310,595536947,201,218,1,18.07,1,40,1200,tertiary,5,"LINESTRING (24.8261409 60.1788740, 24.8260809 60.1788170, 24.8259687 60.1787366)",auto,1,0,,
,311,630012269,219,183,1,94.14,1,60,2300,motorway,1,"LINESTRING (24.8302493 60.1779102, 24.8305329 60.1780117, 24.8308578 60.1781435, 24.8311843 60.1782954, 24.8315250 60.1784652)",auto,0,1,,
,312,630012270,182,219,1,17.22,1,60,2300,motorway,1,"LINESTRING (24.8299906 60.1778248, 24.8302493 60.1779102)",auto,0,1,,
,313,645226119,205,169,1,31.47,2,50,2200,trunk,2,"LINESTRING (24.8255930 60.1783993, 24.8257354 60.1783195, 24.8258036 60.1782707, 24.8259231 60.1781707)",auto,0,1,,
Kehä I,314,645226121,220,202,1,143.28,3,70,2200,trunk,2,"LINESTRING (24.8244643 60.1789594, 24.8236325 60.1792091, 24.8234153 60.1792818, 24.8229137 60.1794626, 24.8223357 60.1796853)",auto,0,0,,
Keilaportti,315,645226128,190,171,1,35.91,2,40,1200,tertiary,5,"LINESTRING (24.8290494 60.1772263, 24.8288283 60.1772804, 24.8287368 60.1773090, 24.8286222 60.1773599, 24.8285254 60.1774098)",auto,0,0,,
Otasolmu,316,645226130,173,171,1,36.04,1,50,1600,secondary,4,"LINESTRING (24.8280143 60.1772128, 24.8281083 60.1772380, 24.8282207 60.1772757, 24.8283342 60.1773178, 24.8285254 60.1774098)",auto,0,0,,
Tekniikantie,317,668249665,163,221,1,38.77,2,40,1200,tertiary,5,"LINESTRING (24.8163300 60.1833930, 24.8165207 60.1831065, 24.8165499 60.1830626)",auto,1,0,,
Tekniikantie,318,668249665,221,163,1,38.77,2,40,1200,tertiary,5,"LINESTRING (24.8165499 60.1830626, 24.8165207 60.1831065, 24.8163300 60.1833930)",auto,1,0,,
Tekniikantie,319,668249666,221,146,1,234.5,2,40,1200,tertiary,5,"LINESTRING (24.8165499 60.1830626, 24.8167671 60.1827393, 24.8168693 60.1826244, 24.8169923 60.1825054, 24.8170962 60.1824215, 24.8172276 60.1823363, 24.8174404 60.1822256, 24.8176432 60.1821363, 24.8178764 60.1820505, 24.8179457 60.1820252, 24.8182193 60.1819453, 24.8184549 60.1818927, 24.8186940 60.1818473, 24.8188852 60.1818238, 24.8190822 60.1818048, 24.8192725 60.1817953, 24.8193326 60.1817948, 24.8193927 60.1817943, 24.8195063 60.1817972)",auto,1,0,,
Tekniikantie,320,668249666,146,221,1,234.5,2,40,1200,tertiary,5,"LINESTRING (24.8195063 60.1817972, 24.8193927 60.1817943, 24.8193326 60.1817948, 24.8192725 60.1817953, 24.8190822 60.1818048, 24.8188852 60.1818238, 24.8186940 60.1818473, 24.8184549 60.1818927, 24.8182193 60.1819453, 24.8179457 60.1820252, 24.8178764 60.1820505, 24.8176432 60.1821363, 24.8174404 60.1822256, 24.8172276 60.1823363, 24.8170962 60.1824215, 24.8169923 60.1825054, 24.8168693 60.1826244, 24.8167671 60.1827393, 24.8165499 60.1830626)",auto,1,0,,
Otakaari,321,683214430,196,198,1,13.31,2,40,1200,tertiary,5,"LINESTRING (24.8343363 60.1888641, 24.8344107 60.1888554, 24.8344652 60.1888562, 24.8345170 60.1888647, 24.8345619 60.1888801)",auto,0,0,,
Otakaari,322,683214431,197,195,1,11.48,2,40,1200,tertiary,5,"LINESTRING (24.8344616 60.1890434, 24.8344202 60.1890443, 24.8343794 60.1890408, 24.8343411 60.1890330, 24.8343071 60.1890213, 24.8342789 60.1890062)",auto,0,0,,
Otakaari,323,683214432,198,129,1,13.28,2,40,1200,tertiary,5,"LINESTRING (24.8345619 60.1888801, 24.8345989 60.1889036, 24.8346194 60.1889316, 24.8346214 60.1889614, 24.8346048 60.1889900)",auto,0,0,,
Otakaari,324,683214432,129,197,1,10.3,2,40,1200,tertiary,5,"LINESTRING (24.8346048 60.1889900, 24.8345800 60.1890096, 24.8345465 60.1890256, 24.8345063 60.1890371, 24.8344616 60.1890434)",auto,0,0,,
Kehä I,325,689646133,84,203,1,159.25,2,60,2200,trunk,2,"LINESTRING (24.8234560 60.1791315, 24.8241619 60.1789366, 24.8245539 60.1788256, 24.8250348 60.1786976, 24.8254791 60.1785773, 24.8257388 60.1785005, 24.8259599 60.1784327)",auto,0,0,,
Itäranta,326,690793859,64,87,1,37.17,1,30,1000,residential,6,"LINESTRING (24.8218633 60.1789567, 24.8219394 60.1788417, 24.8220098 60.1787596, 24.8222002 60.1786807)",auto,0,0,,
Itäranta,327,690793864,65,67,1,12.86,1,30,1000,residential,6,"LINESTRING (24.8220095 60.1789653, 24.8218533 60.1790506)",auto,0,0,,
Miestentie,328,690793867,63,201,1,37.83,1,40,1200,tertiary,5,"LINESTRING (24.8255933 60.1790581, 24.8257176 60.1789778, 24.8259372 60.1789023, 24.8261409 60.1788740)",auto,0,0,,
Tietotie,329,693001066,160,246,1,40.03,2,40,800,unclassified,11,"LINESTRING (24.8220863 60.1860395, 24.8222897 60.1861501, 24.8223900 60.1862450, 24.8224129 60.1862734, 24.8224523 60.1863423)",auto,0,0,,
Konemiehentie,330,693001067,246,165,1,54.67,1,40,1200,tertiary,5,"LINESTRING (24.8224523 60.1863423, 24.8225800 60.1865170, 24.8226338 60.1865974, 24.8226636 60.1867030, 24.8226696 60.1868165)",auto,0,0,,
Maarintie,332,693001072,246,223,1,53.89,1,40,1200,tertiary,5,"LINESTRING (24.8223280 60.1863798, 24.8219950 60.1864236, 24.8219265 60.1864333, 24.8213732 60.1864608)",auto,0,0,,
Maarintie,333,693001073,223,246,1,53.13,2,40,1200,tertiary,5,"LINESTRING (24.8213732 60.1864608, 24.8218498 60.1863790, 24.8219627 60.1863596, 24.8222876 60.1863204)",auto,0,0,,
Maarintie,335,693001074,224,225,1,157.2,1,50,1200,tertiary,5,"LINESTRING (24.8177246 60.1867274, 24.8182671 60.1866893, 24.8191314 60.1866104, 24.8194942 60.1865846, 24.8200986 60.1865476, 24.8205266 60.1865173)",auto,1,0,,
Maarintie,336,693001074,225,224,1,157.2,1,50,1200,tertiary,5,"LINESTRING (24.8205266 60.1865173, 24.8200986 60.1865476, 24.8194942 60.1865846, 24.8191314 60.1866104, 24.8182671 60.1866893, 24.8177246 60.1867274)",auto,1,0,,
Maarintie,337,693001075,224,226,1,45.45,1,50,1200,tertiary,5,"LINESTRING (24.8177246 60.1867274, 24.8173978 60.1867745, 24.8171631 60.1867922, 24.8170673 60.1867912, 24.8169258 60.1867731)",auto,0,0,,
Maarintie,338,693001076,226,224,1,45.06,1,50,1200,tertiary,5,"LINESTRING (24.8169258 60.1867731, 24.8170617 60.1867446, 24.8171481 60.1867399, 24.8173894 60.1867265, 24.8177246 60.1867274)",auto,0,0,,
Maarintie,339,693001081,227,228,1,120.34,1,50,1200,tertiary,5,"LINESTRING (24.8137846 60.1869041, 24.8139447 60.1869056, 24.8142293 60.1868925, 24.8149398 60.1868240, 24.8157909 60.1867380, 24.8159220 60.1867320)",auto,1,0,,
Maarintie,340,693001081,228,227,1,120.34,1,50,1200,tertiary,5,"LINESTRING (24.8159220 60.1867320, 24.8157909 60.1867380, 24.8149398 60.1868240, 24.8142293 60.1868925, 24.8139447 60.1869056, 24.8137846 60.1869041)",auto,1,0,,
Maarinrannantie,341,693001087,229,230,1,9.82,1,30,800,unclassified,11,"LINESTRING (24.8133654 60.1868170, 24.8132729 60.1868922)",auto,1,0,,
Maarinrannantie,342,693001087,230,229,1,9.82,1,30,800,unclassified,11,"LINESTRING (24.8132729 60.1868922, 24.8133654 60.1868170)",auto,1,0,,
Maarinrannantie,343,693001087,230,43,1,183.74,1,30,800,unclassified,11,"LINESTRING (24.8132729 60.1868922, 24.8132046 60.1869448, 24.8131048 60.1870217, 24.8129774 60.1871095, 24.8128765 60.1871547, 24.8127589 60.1871868, 24.8125866 60.1872104, 24.8124020 60.1872281, 24.8122098 60.1872466, 24.8111292 60.1873501, 24.8107075 60.1873737, 24.8105162 60.1873852, 24.8104114 60.1873931, 24.8102847 60.1874078)",auto,1,0,,
Maarinrannantie,344,693001087,43,230,1,183.74,1,30,800,unclassified,11,"LINESTRING (24.8102847 60.1874078, 24.8104114 60.1873931, 24.8105162 60.1873852, 24.8107075 60.1873737, 24.8111292 60.1873501, 24.8122098 60.1872466, 24.8124020 60.1872281, 24.8125866 60.1872104, 24.8127589 60.1871868, 24.8128765 60.1871547, 24.8129774 60.1871095, 24.8131048 60.1870217, 24.8132046 60.1869448, 24.8132729 60.1868922)",auto,1,0,,
Maarintie,345,693001088,227,230,1,28.85,1,40,1200,tertiary,5,"LINESTRING (24.8137846 60.1869041, 24.8136071 60.1869142, 24.8134543 60.1869176, 24.8133272 60.1869012, 24.8132729 60.1868922)",auto,0,0,,
Maarintie,346,693001088,230,161,1,70.33,1,40,1200,tertiary,5,"LINESTRING (24.8132729 60.1868922, 24.8131929 60.1868677, 24.8131155 60.1868447, 24.8127365 60.1867279, 24.8125866 60.1866749, 24.8124886 60.1866185, 24.8124143 60.1865698, 24.8123289 60.1864898)",auto,0,0,,
Maarintie,347,693001089,229,227,1,25.25,1,40,1200,tertiary,5,"LINESTRING (24.8133654 60.1868170, 24.8135021 60.1868531, 24.8135822 60.1868696, 24.8137846 60.1869041)",auto,0,0,,
Maarintie,348,693001090,231,229,1,52.23,2,40,1200,tertiary,5,"LINESTRING (24.8125656 60.1865705, 24.8126805 60.1866151, 24.8132127 60.1867676, 24.8132829 60.1867903, 24.8133654 60.1868170)",auto,0,0,,
Maarintie,349,693001091,56,231,1,16.94,1,40,1200,tertiary,5,"LINESTRING (24.8124263 60.1864363, 24.8124788 60.1865064, 24.8125656 60.1865705)",auto,0,0,,
Kehä I,350,694524244,232,233,1,49.81,2,60,2200,trunk,2,"LINESTRING (24.8261826 60.1784915, 24.8259190 60.1785746, 24.8256537 60.1786494, 24.8254053 60.1787149)",auto,0,0,,
,351,694610191,210,177,1,45.97,1,50,2200,trunk,2,"LINESTRING (24.8280589 60.1777459, 24.8278256 60.1778468, 24.8276735 60.1779273, 24.8274992 60.1780475)",auto,0,1,,
,352,694610192,234,220,1,59.93,1,70,2200,trunk,2,"LINESTRING (24.8254624 60.1787628, 24.8248610 60.1789130, 24.8244643 60.1789594)",auto,0,1,,
Konemiehentie,353,700185937,165,14,1,113.59,1,40,1200,tertiary,5,"LINESTRING (24.8226696 60.1868165, 24.8228238 60.1870727, 24.8228609 60.1871315, 24.8228877 60.1871757, 24.8231138 60.1875701, 24.8231507 60.1876339, 24.8232007 60.1877125, 24.8232508 60.1877499, 24.8233140 60.1877757)",auto,1,0,,
Konemiehentie,354,700185937,14,165,1,113.59,1,40,1200,tertiary,5,"LINESTRING (24.8233140 60.1877757, 24.8232508 60.1877499, 24.8232007 60.1877125, 24.8231507 60.1876339, 24.8231138 60.1875701, 24.8228877 60.1871757, 24.8228609 60.1871315, 24.8228238 60.1870727, 24.8226696 60.1868165)",auto,1,0,,
,355,702413228,133,92,1,78.63,1,70,2200,trunk,2,"LINESTRING (24.8092046 60.1864467, 24.8092147 60.1862968, 24.8092802 60.1861926, 24.8095081 60.1859408, 24.8095638 60.1858817, 24.8095910 60.1858439, 24.8096013 60.1858118, 24.8095891 60.1857797)",auto,0,1,,
Lämpömiehenkuja,356,708659156,33,235,1,118.22,1,40,800,unclassified,11,"LINESTRING (24.8307227 60.1820359, 24.8308040 60.1821165, 24.8310070 60.1824362, 24.8311906 60.1827503, 24.8312447 60.1828244, 24.8313259 60.1829273, 24.8313380 60.1829461, 24.8313684 60.1829900, 24.8314003 60.1830408)",auto,1,0,,
Lämpömiehenkuja,357,708659156,235,33,1,118.22,1,40,800,unclassified,11,"LINESTRING (24.8314003 60.1830408, 24.8313684 60.1829900, 24.8313380 60.1829461, 24.8313259 60.1829273, 24.8312447 60.1828244, 24.8311906 60.1827503, 24.8310070 60.1824362, 24.8308040 60.1821165, 24.8307227 60.1820359)",auto,1,0,,
Miestentie,358,718856415,108,236,1,75.51,1,40,1200,tertiary,5,"LINESTRING (24.8334325 60.1797844, 24.8339874 60.1801050, 24.8340457 60.1801302, 24.8344597 60.1801954)",auto,1,0,,
Miestentie,359,718856415,236,108,1,75.51,1,40,1200,tertiary,5,"LINESTRING (24.8344597 60.1801954, 24.8340457 60.1801302, 24.8339874 60.1801050, 24.8334325 60.1797844)",auto,1,0,,
Kehä I,360,725396290,136,133,1,50.33,5,70,2200,trunk,2,"LINESTRING (24.8087947 60.1868499, 24.8092046 60.1864467)",auto,0,0,,
Kehä I,361,727253060,216,83,1,103.55,2,60,2200,trunk,2,"LINESTRING (24.8205234 60.1802483, 24.8216316 60.1798366, 24.8220026 60.1796816)",auto,0,0,,
Kehä I,362,737346138,213,216,1,85.06,3,60,2200,trunk,2,"LINESTRING (24.8192938 60.1807046, 24.8205234 60.1802483)",auto,0,0,,
Kuusisaarentie,363,738707658,237,185,1,18.32,1,50,1600,secondary,4,"LINESTRING (24.8297787 60.1780265, 24.8294878 60.1779486)",auto,0,0,,
Kuusisaarentie,364,738707659,184,237,1,17.14,1,50,1600,secondary,4,"LINESTRING (24.8300524 60.1780979, 24.8297787 60.1780265)",auto,0,0,,
Kuusisaarentie,365,738707660,172,238,1,16.71,1,50,1600,secondary,4,"LINESTRING (24.8298610 60.1779395, 24.8301296 60.1780073)",auto,0,0,,
Kuusisaarentie,366,738707661,238,183,1,92.85,1,50,1600,secondary,4,"LINESTRING (24.8301296 60.1780073, 24.8304948 60.1781046, 24.8308130 60.1782071, 24.8311438 60.1783235, 24.8315250 60.1784652)",auto,0,0,,
Kehä I,367,741879061,204,207,1,4.23,2,60,2300,motorway,1,"LINESTRING (24.8276585 60.1773098, 24.8276824 60.1772737)",auto,0,0,,
Kehä I,368,741879062,180,232,1,165.96,2,60,2300,motorway,1,"LINESTRING (24.8279221 60.1773152, 24.8277772 60.1775181, 24.8275821 60.1777298, 24.8273173 60.1779355, 24.8270689 60.1780977, 24.8267727 60.1782579, 24.8265065 60.1783719, 24.8261826 60.1784915)",auto,0,0,,
Sähkömiehentie,369,747405864,200,101,1,13.65,1,30,800,unclassified,11,"LINESTRING (24.8287799 60.1882137, 24.8288316 60.1881972, 24.8288571 60.1881891, 24.8289872 60.1881477)",auto,1,0,,
Sähkömiehentie,370,747405864,101,200,1,13.65,1,30,800,unclassified,11,"LINESTRING (24.8289872 60.1881477, 24.8288571 60.1881891, 24.8288316 60.1881972, 24.8287799 60.1882137)",auto,1,0,,
Sähkömiehentie,371,747405865,113,199,1,31.14,1,30,800,unclassified,11,"LINESTRING (24.8270991 60.1887464, 24.8275264 60.1886123, 24.8275742 60.1885973)",auto,1,0,,
Sähkömiehentie,372,747405865,199,113,1,31.14,1,30,800,unclassified,11,"LINESTRING (24.8275742 60.1885973, 24.8275264 60.1886123, 24.8270991 60.1887464)",auto,1,0,,
Kehä I,373,748774174,233,220,1,58.88,2,70,2200,trunk,2,"LINESTRING (24.8254053 60.1787149, 24.8244643 60.1789594)",auto,0,0,,
,374,748774175,178,234,1,45.07,1,50,2200,trunk,2,"LINESTRING (24.8262115 60.1786062, 24.8254624 60.1787628)",auto,0,1,,
,375,801554928,217,239,1,46.0,2,60,2200,trunk,2,"LINESTRING (24.8217027 60.1795166, 24.8217416 60.1794152, 24.8217832 60.1792905, 24.8218297 60.1791086)",auto,0,1,,
,376,801554928,239,67,1,6.59,2,60,2200,trunk,2,"LINESTRING (24.8218297 60.1791086, 24.8218533 60.1790506)",auto,0,1,,
Maarintie,377,820139070,225,223,1,47.38,1,40,1200,tertiary,5,"LINESTRING (24.8205266 60.1865173, 24.8213732 60.1864608)",auto,1,0,,
Maarintie,378,820139070,223,225,1,47.38,1,40,1200,tertiary,5,"LINESTRING (24.8213732 60.1864608, 24.8205266 60.1865173)",auto,1,0,,
Otaranta,379,884721281,240,208,1,52.21,1,40,1000,residential,6,"LINESTRING (24.8344106 60.1812986, 24.8345007 60.1813351, 24.8345904 60.1813936, 24.8348239 60.1816471, 24.8348749 60.1816997)",auto,1,0,,
Otaranta,380,884721281,208,240,1,52.21,1,40,1000,residential,6,"LINESTRING (24.8348749 60.1816997, 24.8348239 60.1816471, 24.8345904 60.1813936, 24.8345007 60.1813351, 24.8344106 60.1812986)",auto,1,0,,
,381,900490572,241,153,1,9.96,2,60,1600,secondary,4,"LINESTRING (24.8351542 60.1796649, 24.8351199 60.1797070, 24.8350650 60.1797415)",auto,0,0,,
,382,900490572,153,36,1,14.0,2,60,1600,secondary,4,"LINESTRING (24.8350650 60.1797415, 24.8349778 60.1797654, 24.8348839 60.1797742, 24.8348266 60.1797730)",auto,0,0,,
,383,900490572,36,40,1,12.75,2,60,1600,secondary,4,"LINESTRING (24.8348266 60.1797730, 24.8347614 60.1797602, 24.8347055 60.1797443, 24.8346415 60.1797091)",auto,0,0,,
,384,900490572,40,81,1,8.74,2,60,1600,secondary,4,"LINESTRING (24.8346415 60.1797091, 24.8346048 60.1796653, 24.8346010 60.1796343)",auto,0,0,,
,385,900490572,81,51,1,14.43,2,60,1600,secondary,4,"LINESTRING (24.8346010 60.1796343, 24.8345992 60.1796199, 24.8346232 60.1795760, 24.8346741 60.1795382, 24.8347126 60.1795236)",auto,0,0,,
,386,900490572,51,41,1,5.71,2,60,1600,secondary,4,"LINESTRING (24.8347126 60.1795236, 24.8347467 60.1795106, 24.8348018 60.1794989)",auto,0,0,,
,387,900490572,41,53,1,11.92,2,60,1600,secondary,4,"LINESTRING (24.8348018 60.1794989, 24.8348333 60.1794960, 24.8349247 60.1794959, 24.8350114 60.1795104)",auto,0,0,,
,388,900490572,53,76,1,15.2,2,60,1600,secondary,4,"LINESTRING (24.8350114 60.1795104, 24.8350842 60.1795379, 24.8351353 60.1795756, 24.8351595 60.1796195)",auto,0,0,,
,389,900490572,76,241,1,5.06,2,60,1600,secondary,4,"LINESTRING (24.8351595 60.1796195, 24.8351542 60.1796649)",auto,0,0,,
Otakaari,390,924750773,35,168,1,11.17,1,40,1200,tertiary,5,"LINESTRING (24.8317054 60.1833486, 24.8317595 60.1834452)",auto,1,0,,
Otakaari,391,924750773,168,35,1,11.17,1,40,1200,tertiary,5,"LINESTRING (24.8317595 60.1834452, 24.8317054 60.1833486)",auto,1,0,,
Tietotie,392,941370251,158,242,1,21.75,1,40,800,unclassified,11,"LINESTRING (24.8157879 60.1841921, 24.8160680 60.1842180, 24.8161729 60.1842290)",auto,1,0,,
Tietotie,393,941370251,242,158,1,21.75,1,40,800,unclassified,11,"LINESTRING (24.8161729 60.1842290, 24.8160680 60.1842180, 24.8157879 60.1841921)",auto,1,0,,
Tietotie,394,941370252,242,243,1,26.22,1,40,800,unclassified,11,"LINESTRING (24.8161729 60.1842290, 24.8163332 60.1842448, 24.8166367 60.1842747)",auto,1,0,,
Tietotie,395,941370252,243,242,1,26.22,1,40,800,unclassified,11,"LINESTRING (24.8166367 60.1842747, 24.8163332 60.1842448, 24.8161729 60.1842290)",auto,1,0,,
Tietotie,396,941370253,243,6,1,3.84,1,40,800,unclassified,11,"LINESTRING (24.8166367 60.1842747, 24.8167046 60.1842814)",auto,1,0,,
Tietotie,397,941370253,6,243,1,3.84,1,40,800,unclassified,11,"LINESTRING (24.8167046 60.1842814, 24.8166367 60.1842747)",auto,1,0,,
Maarintie,398,946065101,228,226,1,55.91,2,50,1200,tertiary,5,"LINESTRING (24.8159220 60.1867320, 24.8160500 60.1867305, 24.8166205 60.1867560, 24.8169258 60.1867731)",auto,1,0,,
Maarintie,399,946065101,226,228,1,55.91,1,50,1200,tertiary,5,"LINESTRING (24.8169258 60.1867731, 24.8166205 60.1867560, 24.8160500 60.1867305, 24.8159220 60.1867320)",auto,1,0,,
Miestentie,400,970098670,201,109,1,12.5,1,40,1200,tertiary,5,"LINESTRING (24.8261409 60.1788740, 24.8263624 60.1788533)",auto,1,0,,
Miestentie,401,970098670,109,201,1,12.5,1,40,1200,tertiary,5,"LINESTRING (24.8263624 60.1788533, 24.8261409 60.1788740)",auto,1,0,,
Otaniementie,402,970619094,39,236,1,2.32,1,40,1200,tertiary,5,"LINESTRING (24.8344696 60.1801752, 24.8344597 60.1801954)",auto,1,0,,
Otaniementie,403,970619094,236,39,1,2.32,1,40,1200,tertiary,5,"LINESTRING (24.8344597 60.1801954, 24.8344696 60.1801752)",auto,1,0,,
Otaniementie,404,970619094,236,244,1,97.13,1,40,1200,tertiary,5,"LINESTRING (24.8344597 60.1801954, 24.8344189 60.1802781, 24.8343236 60.1804464, 24.8342936 60.1804890, 24.8339365 60.1810273)",auto,1,0,,
Otaniementie,405,970619094,244,236,1,97.13,1,40,1200,tertiary,5,"LINESTRING (24.8339365 60.1810273, 24.8342936 60.1804890, 24.8343236 60.1804464, 24.8344189 60.1802781, 24.8344597 60.1801954)",auto,1,0,,
Otaniementie,406,970619095,244,154,1,81.79,1,40,1200,tertiary,5,"LINESTRING (24.8339365 60.1810273, 24.8339415 60.1810910, 24.8338795 60.1812108, 24.8336372 60.1816219, 24.8335913 60.1816683, 24.8335047 60.1817192)",auto,0,0,,
Otaniementie,407,970619096,154,245,1,60.38,2,40,1200,tertiary,5,"LINESTRING (24.8335047 60.1817192, 24.8335044 60.1816540, 24.8335260 60.1816057, 24.8337663 60.1811953)",auto,0,0,,
Otaniementie,408,970619097,245,244,1,21.54,1,40,1200,tertiary,5,"LINESTRING (24.8337663 60.1811953, 24.8338406 60.1810748, 24.8339365 60.1810273)",auto,0,0,,
Otaniementie,409,971174613,100,235,1,71.28,2,40,1200,tertiary,5,"LINESTRING (24.8305284 60.1835083, 24.8306365 60.1834249, 24.8310354 60.1832237, 24.8313083 60.1830818, 24.8314003 60.1830408)",auto,0,0,,
Otaniementie,410,971174614,34,100,1,69.39,1,40,1200,tertiary,5,"LINESTRING (24.8314542 60.1830973, 24.8313722 60.1831362, 24.8311229 60.1832655, 24.8307208 60.1834636, 24.8305284 60.1835083)",auto,0,0,,
Otakaari,411,971174615,235,34,1,6.97,1,40,1200,tertiary,5,"LINESTRING (24.8314003 60.1830408, 24.8314542 60.1830973)",auto,1,0,,
Otakaari,412,971174615,34,235,1,6.97,1,40,1200,tertiary,5,"LINESTRING (24.8314542 60.1830973, 24.8314003 60.1830408)",auto,1,0,,
Otaniementie,413,971174616,155,34,1,25.37,1,40,1200,tertiary,5,"LINESTRING (24.8317411 60.1829214, 24.8316513 60.1829944, 24.8314542 60.1830973)",auto,0,0,,
Otaniementie,414,971174617,235,155,1,23.36,1,40,1200,tertiary,5,"LINESTRING (24.8314003 60.1830408, 24.8315841 60.1829580, 24.8317411 60.1829214)",auto,0,0,,
Otakaari,415,997663578,139,168,1,30.0,1,40,1200,tertiary,5,"LINESTRING (24.8317098 60.1837133, 24.8317274 60.1835798, 24.8317595 60.1834452)",auto,0,0,,
