link_id,name,from_node_id,to_node_id,facility_type,link_type,dir_flag,cell_type,length,lanes,free_speed,capacity,mvmt_txt_id,main_node_id,cycle_length,start_green_time,end_green_time,nema_phase,geometry,track,track2,track3,track4,track5,length_inkm,,
445,,321,808,,1,1,0,7.00000,1,60.0,2000.0,,,,,,,"LINESTRING (-111.947980 33.255780, -111.947910 33.255820)",,,,,,0.007,,
446,,324,321,,1,1,0,7.00000,1,60.0,2000.0,,,,,,,"LINESTRING (-111.948040 33.255750, -111.947980 33.255780)",,,,,,0.007,,
447,,327,324,,1,1,0,7.00000,1,60.0,2000.0,,,,,,,"LINESTRING (-111.948100 33.255710, -111.948040 33.255750)",,,,,,0.007,,
448,,330,327,,1,1,0,7.00000,1,60.0,2000.0,,,,,,,"LINESTRING (-111.948160 33.255680, -111.948100 33.255710)",,,,,,0.007,,
449,,333,330,,1,1,0,7.00000,1,60.0,2000.0,,,,,,,"LINESTRING (-111.948230 33.255640, -111.948160 33.255680)",,,,,,0.007,,
450,,336,333,,1,1,0,7.00000,1,60.0,2000.0,,,,,,,"LINESTRING (-111.948290 33.255610, -111.948230 33.255640)",,,,,,0.007,,
451,,339,336,,1,1,0,7.00000,1,60.0,2000.0,,,,,,,"LINESTRING (-111.948350 33.255580, -111.948290 33.255610)",,,,,,0.007,,
452,,342,339,,1,1,0,7.00000,1,60.0,2000.0,,,,,,,"LINESTRING (-111.948420 33.255540, -111.948350 33.255580)",,,,,,0.007,,
453,,345,342,,1,1,0,7.00000,1,60.0,2000.0,,,,,,,"LINESTRING (-111.948480 33.255510, -111.948420 33.255540)",,,,,,0.007,,
454,,348,345,,1,1,0,7.00000,1,60.0,2000.0,,,,,,,"LINESTRING (-111.948540 33.255470, -111.948480 33.255510)",,,,,,0.007,,
455,,351,348,,1,1,0,7.00000,1,60.0,2000.0,,,,,,,"LINESTRING (-111.948610 33.255440, -111.948540 33.255470)",,,,,,0.007,,
456,,354,351,,1,1,0,9.92000,1,60.0,2000.0,,,,,,,"LINESTRING (-111.948700 33.255390, -111.948610 33.255440)",,,,,,0.00992,,
457,,322,808,,1,1,0,7.83000,1,60.0,2000.0,,,,,,,"LINESTRING (-111.948000 33.255810, -111.947910 33.255820)",,,,,,0.00783,,
458,,325,321,,1,1,0,7.83000,1,60.0,2000.0,,,,,,,"LINESTRING (-111.948060 33.255770, -111.947980 33.255780)",,,,,,0.00783,,
459,,328,324,,1,1,0,7.83000,1,60.0,2000.0,,,,,,,"LINESTRING (-111.948120 33.255740, -111.948040 33.255750)",,,,,,0.00783,,
460,,331,327,,1,1,0,7.83000,1,60.0,2000.0,,,,,,,"LINESTRING (-111.948190 33.255700, -111.948100 33.255710)",,,,,,0.00783,,
461,,334,330,,1,1,0,7.83000,1,60.0,2000.0,,,,,,,"LINESTRING (-111.948250 33.255670, -111.948160 33.255680)",,,,,,0.00783,,
462,,337,333,,1,1,0,7.83000,1,60.0,2000.0,,,,,,,"LINESTRING (-111.948310 33.255640, -111.948230 33.255640)",,,,,,0.00783,,
463,,340,336,,1,1,0,7.83000,1,60.0,2000.0,,,,,,,"LINESTRING (-111.948370 33.255600, -111.948290 33.255610)",,,,,,0.00783,,
464,,343,339,,1,1,0,7.83000,1,60.0,2000.0,,,,,,,"LINESTRING (-111.948440 33.255570, -111.948350 33.255580)",,,,,,0.00783,,
465,,346,342,,1,1,0,7.83000,1,60.0,2000.0,,,,,,,"LINESTRING (-111.948500 33.255530, -111.948420 33.255540)",,,,,,0.00783,,
466,,349,345,,1,1,0,7.83000,1,60.0,2000.0,,,,,,,"LINESTRING (-111.948560 33.255500, -111.948480 33.255510)",,,,,,0.00783,,
467,,352,348,,1,1,0,7.83000,1,60.0,2000.0,,,,,,,"LINESTRING (-111.948630 33.255460, -111.948540 33.255470)",,,,,,0.00783,,
468,,355,351,,1,1,0,10.52000,1,60.0,2000.0,,,,,,,"LINESTRING (-111.948720 33.255420, -111.948610 33.255440)",,,,,,0.01052,,
469,,322,809,,1,1,0,7.00000,1,60.0,2000.0,,,,,,,"LINESTRING (-111.948000 33.255810, -111.947930 33.255840)",,,,,,0.007,,
470,,325,322,,1,1,0,7.00000,1,60.0,2000.0,,,,,,,"LINESTRING (-111.948060 33.255770, -111.948000 33.255810)",,,,,,0.007,,
471,,328,325,,1,1,0,7.00000,1,60.0,2000.0,,,,,,,"LINESTRING (-111.948120 33.255740, -111.948060 33.255770)",,,,,,0.007,,
472,,331,328,,1,1,0,7.00000,1,60.0,2000.0,,,,,,,"LINESTRING (-111.948190 33.255700, -111.948120 33.255740)",,,,,,0.007,,
473,,334,331,,1,1,0,7.00000,1,60.0,2000.0,,,,,,,"LINESTRING (-111.948250 33.255670, -111.948190 33.255700)",,,,,,0.007,,
474,,337,334,,1,1,0,7.00000,1,60.0,2000.0,,,,,,,"LINESTRING (-111.948310 33.255640, -111.948250 33.255670)",,,,,,0.007,,
475,,340,337,,1,1,0,7.00000,1,60.0,2000.0,,,,,,,"LINESTRING (-111.948370 33.255600, -111.948310 33.255640)",,,,,,0.007,,
476,,343,340,,1,1,0,7.00000,1,60.0,2000.0,,,,,,,"LINESTRING (-111.948440 33.255570, -111.948370 33.255600)",,,,,,0.007,,
477,,346,343,,1,1,0,7.00000,1,60.0,2000.0,,,,,,,"LINESTRING (-111.948500 33.255530, -111.948440 33.255570)",,,,,,0.007,,
478,,349,346,,1,1,0,7.00000,1,60.0,2000.0,,,,,,,"LINESTRING (-111.948560 33.255500, -111.948500 33.255530)",,,,,,0.007,,
479,,352,349,,1,1,0,7.00000,1,60.0,2000.0,,,,,,,"LINESTRING (-111.948630 33.255460, -111.948560 33.255500)",,,,,,0.007,,
480,,355,352,,1,1,0,9.92000,1,60.0,2000.0,,,,,,,"LINESTRING (-111.948720 33.255420, -111.948630 33.255460)",,,,,,0.00992,,
481,,323,809,,1,1,0,7.83000,1,60.0,2000.0,,,,,,,"LINESTRING (-111.948020 33.255830, -111.947930 33.255840)",,,,,,0.00783,,
482,,326,322,,1,1,0,7.83000,1,60.0,2000.0,,,,,,,"LINESTRING (-111.948080 33.255800, -111.948000 33.255810)",,,,,,0.00783,,
483,,329,325,,1,1,0,7.83000,1,60.0,2000.0,,,,,,,"LINESTRING (-111.948140 33.255770, -111.948060 33.255770)",,,,,,0.00783,,
484,,332,328,,1,1,0,7.83000,1,60.0,2000.0,,,,,,,"LINESTRING (-111.948210 33.255730, -111.948120 33.255740)",,,,,,0.00783,,
485,,335,331,,1,1,0,7.83000,1,60.0,2000.0,,,,,,,"LINESTRING (-111.948270 33.255700, -111.948190 33.255700)",,,,,,0.00783,,
486,,338,334,,1,1,0,7.83000,1,60.0,2000.0,,,,,,,"LINESTRING (-111.948330 33.255660, -111.948250 33.255670)",,,,,,0.00783,,
487,,341,337,,1,1,0,7.83000,1,60.0,2000.0,,,,,,,"LINESTRING (-111.948390 33.255630, -111.948310 33.255640)",,,,,,0.00783,,
488,,344,340,,1,1,0,7.83000,1,60.0,2000.0,,,,,,,"LINESTRING (-111.948460 33.255590, -111.948370 33.255600)",,,,,,0.00783,,
489,,347,343,,1,1,0,7.83000,1,60.0,2000.0,,,,,,,"LINESTRING (-111.948520 33.255560, -111.948440 33.255570)",,,,,,0.00783,,
490,,350,346,,1,1,0,7.83000,1,60.0,2000.0,,,,,,,"LINESTRING (-111.948580 33.255520, -111.948500 33.255530)",,,,,,0.00783,,
491,,353,349,,1,1,0,7.83000,1,60.0,2000.0,,,,,,,"LINESTRING (-111.948650 33.255490, -111.948560 33.255500)",,,,,,0.00783,,
492,,356,352,,1,1,0,10.52000,1,60.0,2000.0,,,,,,,"LINESTRING (-111.948740 33.255440, -111.948630 33.255460)",,,,,,0.01052,,
493,,321,809,,1,1,0,7.83000,1,60.0,2000.0,,,,,,,"LINESTRING (-111.947980 33.255780, -111.947930 33.255840)",,,,,,0.00783,,
494,,324,322,,1,1,0,7.83000,1,60.0,2000.0,,,,,,,"LINESTRING (-111.948040 33.255750, -111.948000 33.255810)",,,,,,0.00783,,
495,,327,325,,1,1,0,7.83000,1,60.0,2000.0,,,,,,,"LINESTRING (-111.948100 33.255710, -111.948060 33.255770)",,,,,,0.00783,,
496,,330,328,,1,1,0,7.83000,1,60.0,2000.0,,,,,,,"LINESTRING (-111.948160 33.255680, -111.948120 33.255740)",,,,,,0.00783,,
497,,333,331,,1,1,0,7.83000,1,60.0,2000.0,,,,,,,"LINESTRING (-111.948230 33.255640, -111.948190 33.255700)",,,,,,0.00783,,
498,,336,334,,1,1,0,7.83000,1,60.0,2000.0,,,,,,,"LINESTRING (-111.948290 33.255610, -111.948250 33.255670)",,,,,,0.00783,,
499,,339,337,,1,1,0,7.83000,1,60.0,2000.0,,,,,,,"LINESTRING (-111.948350 33.255580, -111.948310 33.255640)",,,,,,0.00783,,
500,,342,340,,1,1,0,7.83000,1,60.0,2000.0,,,,,,,"LINESTRING (-111.948420 33.255540, -111.948370 33.255600)",,,,,,0.00783,,
501,,345,343,,1,1,0,7.83000,1,60.0,2000.0,,,,,,,"LINESTRING (-111.948480 33.255510, -111.948440 33.255570)",,,,,,0.00783,,
502,,348,346,,1,1,0,7.83000,1,60.0,2000.0,,,,,,,"LINESTRING (-111.948540 33.255470, -111.948500 33.255530)",,,,,,0.00783,,
503,,351,349,,1,1,0,7.83000,1,60.0,2000.0,,,,,,,"LINESTRING (-111.948610 33.255440, -111.948560 33.255500)",,,,,,0.00783,,
504,,354,352,,1,1,0,10.52000,1,60.0,2000.0,,,,,,,"LINESTRING (-111.948700 33.255390, -111.948630 33.255460)",,,,,,0.01052,,
505,,323,810,,1,1,0,7.00000,1,60.0,2000.0,,,,,,,"LINESTRING (-111.948020 33.255830, -111.947950 33.255870)",,,,,,0.007,,
506,,326,323,,1,1,0,7.00000,1,60.0,2000.0,,,,,,,"LINESTRING (-111.948080 33.255800, -111.948020 33.255830)",,,,,,0.007,,
507,,329,326,,1,1,0,7.00000,1,60.0,2000.0,,,,,,,"LINESTRING (-111.948140 33.255770, -111.948080 33.255800)",,,,,,0.007,,
508,,332,329,,1,1,0,7.00000,1,60.0,2000.0,,,,,,,"LINESTRING (-111.948210 33.255730, -111.948140 33.255770)",,,,,,0.007,,
509,,335,332,,1,1,0,7.00000,1,60.0,2000.0,,,,,,,"LINESTRING (-111.948270 33.255700, -111.948210 33.255730)",,,,,,0.007,,
510,,338,335,,1,1,0,7.00000,1,60.0,2000.0,,,,,,,"LINESTRING (-111.948330 33.255660, -111.948270 33.255700)",,,,,,0.007,,
511,,341,338,,1,1,0,7.00000,1,60.0,2000.0,,,,,,,"LINESTRING (-111.948390 33.255630, -111.948330 33.255660)",,,,,,0.007,,
512,,344,341,,1,1,0,7.00000,1,60.0,2000.0,,,,,,,"LINESTRING (-111.948460 33.255590, -111.948390 33.255630)",,,,,,0.007,,
513,,347,344,,1,1,0,7.00000,1,60.0,2000.0,,,,,,,"LINESTRING (-111.948520 33.255560, -111.948460 33.255590)",,,,,,0.007,,
514,,350,347,,1,1,0,7.00000,1,60.0,2000.0,,,,,,,"LINESTRING (-111.948580 33.255520, -111.948520 33.255560)",,,,,,0.007,,
515,,353,350,,1,1,0,7.00000,1,60.0,2000.0,,,,,,,"LINESTRING (-111.948650 33.255490, -111.948580 33.255520)",,,,,,0.007,,
516,,356,353,,1,1,0,9.92000,1,60.0,2000.0,,,,,,,"LINESTRING (-111.948740 33.255440, -111.948650 33.255490)",,,,,,0.00992,,
517,,322,810,,1,1,0,7.83000,1,60.0,2000.0,,,,,,,"LINESTRING (-111.948000 33.255810, -111.947950 33.255870)",,,,,,0.00783,,
518,,325,323,,1,1,0,7.83000,1,60.0,2000.0,,,,,,,"LINESTRING (-111.948060 33.255770, -111.948020 33.255830)",,,,,,0.00783,,
519,,328,326,,1,1,0,7.83000,1,60.0,2000.0,,,,,,,"LINESTRING (-111.948120 33.255740, -111.948080 33.255800)",,,,,,0.00783,,
520,,331,329,,1,1,0,7.83000,1,60.0,2000.0,,,,,,,"LINESTRING (-111.948190 33.255700, -111.948140 33.255770)",,,,,,0.00783,,
521,,334,332,,1,1,0,7.83000,1,60.0,2000.0,,,,,,,"LINESTRING (-111.948250 33.255670, -111.948210 33.255730)",,,,,,0.00783,,
522,,337,335,,1,1,0,7.83000,1,60.0,2000.0,,,,,,,"LINESTRING (-111.948310 33.255640, -111.948270 33.255700)",,,,,,0.00783,,
523,,340,338,,1,1,0,7.83000,1,60.0,2000.0,,,,,,,"LINESTRING (-111.948370 33.255600, -111.948330 33.255660)",,,,,,0.00783,,
524,,343,341,,1,1,0,7.83000,1,60.0,2000.0,,,,,,,"LINESTRING (-111.948440 33.255570, -111.948390 33.255630)",,,,,,0.00783,,
525,,346,344,,1,1,0,7.83000,1,60.0,2000.0,,,,,,,"LINESTRING (-111.948500 33.255530, -111.948460 33.255590)",,,,,,0.00783,,
526,,349,347,,1,1,0,7.83000,1,60.0,2000.0,,,,,,,"LINESTRING (-111.948560 33.255500, -111.948520 33.255560)",,,,,,0.00783,,
527,,352,350,,1,1,0,7.83000,1,60.0,2000.0,,,,,,,"LINESTRING (-111.948630 33.255460, -111.948580 33.255520)",,,,,,0.00783,,
528,,355,353,,1,1,0,10.52000,1,60.0,2000.0,,,,,,,"LINESTRING (-111.948720 33.255420, -111.948650 33.255490)",,,,,,0.01052,,
1252,,805,802,,1,1,0,7.00000,1,60.0,2000.0,,,,,,,"LINESTRING (-111.947850 33.255850, -111.947780 33.255890)",,,,,,0.007,,
1253,,808,805,,1,1,0,7.19000,1,60.0,2000.0,,,,,,,"LINESTRING (-111.947910 33.255820, -111.947850 33.255850)",,,,,,0.00719,,
1261,,806,802,,1,1,0,7.83000,1,60.0,2000.0,,,,,,,"LINESTRING (-111.947870 33.255880, -111.947780 33.255890)",,,,,,0.00783,,
1262,,809,805,,1,1,0,7.99000,1,60.0,2000.0,,,,,,,"LINESTRING (-111.947930 33.255840, -111.947850 33.255850)",,,,,,0.00799,,
1270,,806,803,,1,1,0,7.00000,1,60.0,2000.0,,,,,,,"LINESTRING (-111.947870 33.255880, -111.947800 33.255910)",,,,,,0.007,,
1271,,809,806,,1,1,0,7.19000,1,60.0,2000.0,,,,,,,"LINESTRING (-111.947930 33.255840, -111.947870 33.255880)",,,,,,0.00719,,
1279,,807,803,,1,1,0,7.83000,1,60.0,2000.0,,,,,,,"LINESTRING (-111.947890 33.255900, -111.947800 33.255910)",,,,,,0.00783,,
1280,,810,806,,1,1,0,7.99000,1,60.0,2000.0,,,,,,,"LINESTRING (-111.947950 33.255870, -111.947870 33.255880)",,,,,,0.00799,,
1288,,805,803,,1,1,0,7.83000,1,60.0,2000.0,,,,,,,"LINESTRING (-111.947850 33.255850, -111.947800 33.255910)",,,,,,0.00783,,
1289,,808,806,,1,1,0,7.99000,1,60.0,2000.0,,,,,,,"LINESTRING (-111.947910 33.255820, -111.947870 33.255880)",,,,,,0.00799,,
1297,,807,804,,1,1,0,7.00000,1,60.0,2000.0,,,,,,,"LINESTRING (-111.947890 33.255900, -111.947820 33.255940)",,,,,,0.007,,
1298,,810,807,,1,1,0,7.19000,1,60.0,2000.0,,,,,,,"LINESTRING (-111.947950 33.255870, -111.947890 33.255900)",,,,,,0.00719,,
1306,,806,804,,1,1,0,7.83000,1,60.0,2000.0,,,,,,,"LINESTRING (-111.947870 33.255880, -111.947820 33.255940)",,,,,,0.00783,,
1307,,809,807,,1,1,0,7.99000,1,60.0,2000.0,,,,,,,"LINESTRING (-111.947930 33.255840, -111.947890 33.255900)",,,,,,0.00799,,
1397,,1003,1005,,1,1,0,7.00000,1,104.0,2000.0,,,,,,,"LINESTRING (-111.948930 33.256180, -111.948890 33.256130)",,,,,,0.007,,
1398,,1005,1271,,1,1,0,5.43000,1,104.0,2000.0,,,,,,,"LINESTRING (-111.948890 33.256130, -111.948860 33.256090)",,,,,,0.00543,,
1399,,1271,1011,,1,1,0,6.99000,1,104.0,2000.0,,,,,,,"LINESTRING (-111.948860 33.256090, -111.948820 33.256040)",,,,,,0.00699,,
1400,,1011,1013,,1,1,0,7.00000,1,104.0,2000.0,,,,,,,"LINESTRING (-111.948820 33.256040, -111.948780 33.255980)",,,,,,0.007,,
1401,,1013,1015,,1,1,0,7.00000,1,104.0,2000.0,,,,,,,"LINESTRING (-111.948780 33.255980, -111.948730 33.255930)",,,,,,0.007,,
1402,,1015,1017,,1,1,0,7.00000,1,104.0,2000.0,,,,,,,"LINESTRING (-111.948730 33.255930, -111.948690 33.255880)",,,,,,0.007,,
1403,,1017,1019,,1,1,0,7.00000,1,104.0,2000.0,,,,,,,"LINESTRING (-111.948690 33.255880, -111.948650 33.255820)",,,,,,0.007,,
1404,,1019,1021,,1,1,0,7.00000,1,104.0,2000.0,,,,,,,"LINESTRING (-111.948650 33.255820, -111.948610 33.255770)",,,,,,0.007,,
1405,,1021,1023,,1,1,0,7.00000,1,104.0,2000.0,,,,,,,"LINESTRING (-111.948610 33.255770, -111.948570 33.255720)",,,,,,0.007,,
1406,,1023,1025,,1,1,0,7.00000,1,104.0,2000.0,,,,,,,"LINESTRING (-111.948570 33.255720, -111.948530 33.255670)",,,,,,0.007,,
1407,,1025,1027,,1,1,0,7.00000,1,104.0,2000.0,,,,,,,"LINESTRING (-111.948530 33.255670, -111.948490 33.255610)",,,,,,0.007,,
1408,,1027,1029,,1,1,0,7.00000,1,104.0,2000.0,,,,,,,"LINESTRING (-111.948490 33.255610, -111.948450 33.255560)",,,,,,0.007,,
1409,,1029,1031,,1,1,0,7.00000,1,104.0,2000.0,,,,,,,"LINESTRING (-111.948450 33.255560, -111.948410 33.255510)",,,,,,0.007,,
1410,,1031,1033,,1,1,0,7.00000,1,104.0,2000.0,,,,,,,"LINESTRING (-111.948410 33.255510, -111.948370 33.255450)",,,,,,0.007,,
1411,,1033,1035,,1,1,0,7.00000,1,104.0,2000.0,,,,,,,"LINESTRING (-111.948370 33.255450, -111.948320 33.255400)",,,,,,0.007,,
1412,,1035,1037,,1,1,0,7.00000,1,104.0,2000.0,,,,,,,"LINESTRING (-111.948320 33.255400, -111.948280 33.255350)",,,,,,0.007,,
1413,,1037,1039,,1,1,0,7.00000,1,104.0,2000.0,,,,,,,"LINESTRING (-111.948280 33.255350, -111.948240 33.255290)",,,,,,0.007,,
1414,,1039,1041,,1,1,0,7.00000,1,104.0,2000.0,,,,,,,"LINESTRING (-111.948240 33.255290, -111.948200 33.255240)",,,,,,0.007,,
1415,,1041,1043,,1,1,0,7.00000,1,104.0,2000.0,,,,,,,"LINESTRING (-111.948200 33.255240, -111.948160 33.255190)",,,,,,0.007,,
1416,,1043,1045,,1,1,0,7.00000,1,104.0,2000.0,,,,,,,"LINESTRING (-111.948160 33.255190, -111.948120 33.255140)",,,,,,0.007,,
1417,,1045,1047,,1,1,0,7.00000,1,104.0,2000.0,,,,,,,"LINESTRING (-111.948120 33.255140, -111.948080 33.255080)",,,,,,0.007,,
1418,,1047,1049,,1,1,0,7.00000,1,104.0,2000.0,,,,,,,"LINESTRING (-111.948080 33.255080, -111.948040 33.255030)",,,,,,0.007,,
1419,,1049,1051,,1,1,0,7.00000,1,104.0,2000.0,,,,,,,"LINESTRING (-111.948040 33.255030, -111.948000 33.254980)",,,,,,0.007,,
1420,,1051,1053,,1,1,0,7.00000,1,104.0,2000.0,,,,,,,"LINESTRING (-111.948000 33.254980, -111.947960 33.254920)",,,,,,0.007,,
1421,,1053,1055,,1,1,0,7.00000,1,104.0,2000.0,,,,,,,"LINESTRING (-111.947960 33.254920, -111.947910 33.254870)",,,,,,0.007,,
1422,,1055,1057,,1,1,0,7.00000,1,104.0,2000.0,,,,,,,"LINESTRING (-111.947910 33.254870, -111.947870 33.254820)",,,,,,0.007,,
1423,,1057,1059,,1,1,0,7.00000,1,104.0,2000.0,,,,,,,"LINESTRING (-111.947870 33.254820, -111.947830 33.254770)",,,,,,0.007,,
1608,,1003,1006,,1,1,0,7.83000,1,104.0,2000.0,,,,,,,"LINESTRING (-111.948930 33.256180, -111.948920 33.256110)",,,,,,0.00783,,
1609,,1005,1272,,1,1,0,6.47000,1,104.0,2000.0,,,,,,,"LINESTRING (-111.948890 33.256130, -111.948890 33.256070)",,,,,,0.00647,,
1610,,1271,1012,,1,1,0,7.82000,1,104.0,2000.0,,,,,,,"LINESTRING (-111.948860 33.256090, -111.948850 33.256020)",,,,,,0.00782,,
1611,,1011,1014,,1,1,0,7.83000,1,104.0,2000.0,,,,,,,"LINESTRING (-111.948820 33.256040, -111.948810 33.255970)",,,,,,0.00783,,
1612,,1013,1016,,1,1,0,7.83000,1,104.0,2000.0,,,,,,,"LINESTRING (-111.948780 33.255980, -111.948770 33.255910)",,,,,,0.00783,,
1613,,1015,1018,,1,1,0,7.83000,1,104.0,2000.0,,,,,,,"LINESTRING (-111.948730 33.255930, -111.948730 33.255860)",,,,,,0.00783,,
1614,,1017,1020,,1,1,0,7.83000,1,104.0,2000.0,,,,,,,"LINESTRING (-111.948690 33.255880, -111.948680 33.255810)",,,,,,0.00783,,
1615,,1019,1022,,1,1,0,7.83000,1,104.0,2000.0,,,,,,,"LINESTRING (-111.948650 33.255820, -111.948640 33.255750)",,,,,,0.00783,,
1616,,1021,1024,,1,1,0,7.83000,1,104.0,2000.0,,,,,,,"LINESTRING (-111.948610 33.255770, -111.948600 33.255700)",,,,,,0.00783,,
1617,,1023,1026,,1,1,0,7.83000,1,104.0,2000.0,,,,,,,"LINESTRING (-111.948570 33.255720, -111.948560 33.255650)",,,,,,0.00783,,
1618,,1025,1028,,1,1,0,7.83000,1,104.0,2000.0,,,,,,,"LINESTRING (-111.948530 33.255670, -111.948520 33.255600)",,,,,,0.00783,,
1619,,1027,1030,,1,1,0,7.83000,1,104.0,2000.0,,,,,,,"LINESTRING (-111.948490 33.255610, -111.948480 33.255540)",,,,,,0.00783,,
1620,,1029,1032,,1,1,0,7.83000,1,104.0,2000.0,,,,,,,"LINESTRING (-111.948450 33.255560, -111.948440 33.255490)",,,,,,0.00783,,
1621,,1031,1034,,1,1,0,7.83000,1,104.0,2000.0,,,,,,,"LINESTRING (-111.948410 33.255510, -111.948400 33.255440)",,,,,,0.00783,,
1622,,1033,1036,,1,1,0,7.83000,1,104.0,2000.0,,,,,,,"LINESTRING (-111.948370 33.255450, -111.948360 33.255380)",,,,,,0.00783,,
1623,,1035,1038,,1,1,0,7.83000,1,104.0,2000.0,,,,,,,"LINESTRING (-111.948320 33.255400, -111.948320 33.255330)",,,,,,0.00783,,
1624,,1037,1040,,1,1,0,7.83000,1,104.0,2000.0,,,,,,,"LINESTRING (-111.948280 33.255350, -111.948270 33.255280)",,,,,,0.00783,,
1625,,1039,1042,,1,1,0,7.83000,1,104.0,2000.0,,,,,,,"LINESTRING (-111.948240 33.255290, -111.948230 33.255220)",,,,,,0.00783,,
1626,,1041,1044,,1,1,0,7.83000,1,104.0,2000.0,,,,,,,"LINESTRING (-111.948200 33.255240, -111.948190 33.255170)",,,,,,0.00783,,
1627,,1043,1046,,1,1,0,7.83000,1,104.0,2000.0,,,,,,,"LINESTRING (-111.948160 33.255190, -111.948150 33.255120)",,,,,,0.00783,,
1628,,1045,1048,,1,1,0,7.83000,1,104.0,2000.0,,,,,,,"LINESTRING (-111.948120 33.255140, -111.948110 33.255070)",,,,,,0.00783,,
1629,,1047,1050,,1,1,0,7.83000,1,104.0,2000.0,,,,,,,"LINESTRING (-111.948080 33.255080, -111.948070 33.255010)",,,,,,0.00783,,
1630,,1049,1052,,1,1,0,7.83000,1,104.0,2000.0,,,,,,,"LINESTRING (-111.948040 33.255030, -111.948030 33.254960)",,,,,,0.00783,,
1631,,1051,1054,,1,1,0,7.83000,1,104.0,2000.0,,,,,,,"LINESTRING (-111.948000 33.254980, -111.947990 33.254910)",,,,,,0.00783,,
1632,,1053,1056,,1,1,0,7.83000,1,104.0,2000.0,,,,,,,"LINESTRING (-111.947960 33.254920, -111.947950 33.254850)",,,,,,0.00783,,
1633,,1055,1058,,1,1,0,7.83000,1,104.0,2000.0,,,,,,,"LINESTRING (-111.947910 33.254870, -111.947900 33.254800)",,,,,,0.00783,,
1634,,1057,1060,,1,1,0,7.83000,1,104.0,2000.0,,,,,,,"LINESTRING (-111.947870 33.254820, -111.947860 33.254750)",,,,,,0.00783,,
1819,,1004,1006,,1,1,0,7.00000,1,104.0,2000.0,,,,,,,"LINESTRING (-111.948960 33.256170, -111.948920 33.256110)",,,,,,0.007,,
1820,,1006,1272,,1,1,0,5.45000,1,104.0,2000.0,,,,,,,"LINESTRING (-111.948920 33.256110, -111.948890 33.256070)",,,,,,0.00545,,
1821,,1272,1012,,1,1,0,7.01000,1,104.0,2000.0,,,,,,,"LINESTRING (-111.948890 33.256070, -111.948850 33.256020)",,,,,,0.00701,,
1822,,1012,1014,,1,1,0,7.00000,1,104.0,2000.0,,,,,,,"LINESTRING (-111.948850 33.256020, -111.948810 33.255970)",,,,,,0.007,,
1823,,1014,1016,,1,1,0,7.00000,1,104.0,2000.0,,,,,,,"LINESTRING (-111.948810 33.255970, -111.948770 33.255910)",,,,,,0.007,,
1824,,1016,1018,,1,1,0,7.00000,1,104.0,2000.0,,,,,,,"LINESTRING (-111.948770 33.255910, -111.948730 33.255860)",,,,,,0.007,,
1825,,1018,1020,,1,1,0,7.00000,1,104.0,2000.0,,,,,,,"LINESTRING (-111.948730 33.255860, -111.948680 33.255810)",,,,,,0.007,,
1826,,1020,1022,,1,1,0,7.00000,1,104.0,2000.0,,,,,,,"LINESTRING (-111.948680 33.255810, -111.948640 33.255750)",,,,,,0.007,,
1827,,1022,1024,,1,1,0,7.00000,1,104.0,2000.0,,,,,,,"LINESTRING (-111.948640 33.255750, -111.948600 33.255700)",,,,,,0.007,,
1828,,1024,1026,,1,1,0,7.00000,1,104.0,2000.0,,,,,,,"LINESTRING (-111.948600 33.255700, -111.948560 33.255650)",,,,,,0.007,,
1829,,1026,1028,,1,1,0,7.00000,1,104.0,2000.0,,,,,,,"LINESTRING (-111.948560 33.255650, -111.948520 33.255600)",,,,,,0.007,,
1830,,1028,1030,,1,1,0,7.00000,1,104.0,2000.0,,,,,,,"LINESTRING (-111.948520 33.255600, -111.948480 33.255540)",,,,,,0.007,,
1831,,1030,1032,,1,1,0,7.00000,1,104.0,2000.0,,,,,,,"LINESTRING (-111.948480 33.255540, -111.948440 33.255490)",,,,,,0.007,,
1832,,1032,1034,,1,1,0,7.00000,1,104.0,2000.0,,,,,,,"LINESTRING (-111.948440 33.255490, -111.948400 33.255440)",,,,,,0.007,,
1833,,1034,1036,,1,1,0,7.00000,1,104.0,2000.0,,,,,,,"LINESTRING (-111.948400 33.255440, -111.948360 33.255380)",,,,,,0.007,,
1834,,1036,1038,,1,1,0,7.00000,1,104.0,2000.0,,,,,,,"LINESTRING (-111.948360 33.255380, -111.948320 33.255330)",,,,,,0.007,,
1835,,1038,1040,,1,1,0,7.00000,1,104.0,2000.0,,,,,,,"LINESTRING (-111.948320 33.255330, -111.948270 33.255280)",,,,,,0.007,,
1836,,1040,1042,,1,1,0,7.00000,1,104.0,2000.0,,,,,,,"LINESTRING (-111.948270 33.255280, -111.948230 33.255220)",,,,,,0.007,,
1837,,1042,1044,,1,1,0,7.00000,1,104.0,2000.0,,,,,,,"LINESTRING (-111.948230 33.255220, -111.948190 33.255170)",,,,,,0.007,,
1838,,1044,1046,,1,1,0,7.00000,1,104.0,2000.0,,,,,,,"LINESTRING (-111.948190 33.255170, -111.948150 33.255120)",,,,,,0.007,,
1839,,1046,1048,,1,1,0,7.00000,1,104.0,2000.0,,,,,,,"LINESTRING (-111.948150 33.255120, -111.948110 33.255070)",,,,,,0.007,,
1840,,1048,1050,,1,1,0,7.00000,1,104.0,2000.0,,,,,,,"LINESTRING (-111.948110 33.255070, -111.948070 33.255010)",,,,,,0.007,,
1841,,1050,1052,,1,1,0,7.00000,1,104.0,2000.0,,,,,,,"LINESTRING (-111.948070 33.255010, -111.948030 33.254960)",,,,,,0.007,,
1842,,1052,1054,,1,1,0,7.00000,1,104.0,2000.0,,,,,,,"LINESTRING (-111.948030 33.254960, -111.947990 33.254910)",,,,,,0.007,,
1843,,1054,1056,,1,1,0,7.00000,1,104.0,2000.0,,,,,,,"LINESTRING (-111.947990 33.254910, -111.947950 33.254850)",,,,,,0.007,,
1844,,1056,1058,,1,1,0,7.00000,1,104.0,2000.0,,,,,,,"LINESTRING (-111.947950 33.254850, -111.947900 33.254800)",,,,,,0.007,,
1845,,1058,1060,,1,1,0,7.00000,1,104.0,2000.0,,,,,,,"LINESTRING (-111.947900 33.254800, -111.947860 33.254750)",,,,,,0.007,,
2030,,1004,1005,,1,1,0,7.83000,1,104.0,2000.0,,,,,,,"LINESTRING (-111.948960 33.256170, -111.948890 33.256130)",,,,,,0.00783,,
2031,,1006,1271,,1,1,0,6.46000,1,104.0,2000.0,,,,,,,"LINESTRING (-111.948920 33.256110, -111.948860 33.256090)",,,,,,0.00646,,
2032,,1272,1011,,1,1,0,7.83000,1,104.0,2000.0,,,,,,,"LINESTRING (-111.948890 33.256070, -111.948820 33.256040)",,,,,,0.00783,,
2033,,1012,1013,,1,1,0,7.83000,1,104.0,2000.0,,,,,,,"LINESTRING (-111.948850 33.256020, -111.948780 33.255980)",,,,,,0.00783,,
2034,,1014,1015,,1,1,0,7.83000,1,104.0,2000.0,,,,,,,"LINESTRING (-111.948810 33.255970, -111.948730 33.255930)",,,,,,0.00783,,
2035,,1016,1017,,1,1,0,7.83000,1,104.0,2000.0,,,,,,,"LINESTRING (-111.948770 33.255910, -111.948690 33.255880)",,,,,,0.00783,,
2036,,1018,1019,,1,1,0,7.83000,1,104.0,2000.0,,,,,,,"LINESTRING (-111.948730 33.255860, -111.948650 33.255820)",,,,,,0.00783,,
2037,,1020,1021,,1,1,0,7.83000,1,104.0,2000.0,,,,,,,"LINESTRING (-111.948680 33.255810, -111.948610 33.255770)",,,,,,0.00783,,
2038,,1022,1023,,1,1,0,7.83000,1,104.0,2000.0,,,,,,,"LINESTRING (-111.948640 33.255750, -111.948570 33.255720)",,,,,,0.00783,,
2039,,1024,1025,,1,1,0,7.83000,1,104.0,2000.0,,,,,,,"LINESTRING (-111.948600 33.255700, -111.948530 33.255670)",,,,,,0.00783,,
2040,,1026,1027,,1,1,0,7.83000,1,104.0,2000.0,,,,,,,"LINESTRING (-111.948560 33.255650, -111.948490 33.255610)",,,,,,0.00783,,
2041,,1028,1029,,1,1,0,7.83000,1,104.0,2000.0,,,,,,,"LINESTRING (-111.948520 33.255600, -111.948450 33.255560)",,,,,,0.00783,,
2042,,1030,1031,,1,1,0,7.83000,1,104.0,2000.0,,,,,,,"LINESTRING (-111.948480 33.255540, -111.948410 33.255510)",,,,,,0.00783,,
2043,,1032,1033,,1,1,0,7.83000,1,104.0,2000.0,,,,,,,"LINESTRING (-111.948440 33.255490, -111.948370 33.255450)",,,,,,0.00783,,
2044,,1034,1035,,1,1,0,7.83000,1,104.0,2000.0,,,,,,,"LINESTRING (-111.948400 33.255440, -111.948320 33.255400)",,,,,,0.00783,,
2045,,1036,1037,,1,1,0,7.83000,1,104.0,2000.0,,,,,,,"LINESTRING (-111.948360 33.255380, -111.948280 33.255350)",,,,,,0.00783,,
2046,,1038,1039,,1,1,0,7.83000,1,104.0,2000.0,,,,,,,"LINESTRING (-111.948320 33.255330, -111.948240 33.255290)",,,,,,0.00783,,
2047,,1040,1041,,1,1,0,7.83000,1,104.0,2000.0,,,,,,,"LINESTRING (-111.948270 33.255280, -111.948200 33.255240)",,,,,,0.00783,,
2048,,1042,1043,,1,1,0,7.83000,1,104.0,2000.0,,,,,,,"LINESTRING (-111.948230 33.255220, -111.948160 33.255190)",,,,,,0.00783,,
2049,,1044,1045,,1,1,0,7.83000,1,104.0,2000.0,,,,,,,"LINESTRING (-111.948190 33.255170, -111.948120 33.255140)",,,,,,0.00783,,
2050,,1046,1047,,1,1,0,7.83000,1,104.0,2000.0,,,,,,,"LINESTRING (-111.948150 33.255120, -111.948080 33.255080)",,,,,,0.00783,,
2051,,1048,1049,,1,1,0,7.83000,1,104.0,2000.0,,,,,,,"LINESTRING (-111.948110 33.255070, -111.948040 33.255030)",,,,,,0.00783,,
2052,,1050,1051,,1,1,0,7.83000,1,104.0,2000.0,,,,,,,"LINESTRING (-111.948070 33.255010, -111.948000 33.254980)",,,,,,0.00783,,
2053,,1052,1053,,1,1,0,7.83000,1,104.0,2000.0,,,,,,,"LINESTRING (-111.948030 33.254960, -111.947960 33.254920)",,,,,,0.00783,,
2054,,1054,1055,,1,1,0,7.83000,1,104.0,2000.0,,,,,,,"LINESTRING (-111.947990 33.254910, -111.947910 33.254870)",,,,,,0.00783,,
2055,,1056,1057,,1,1,0,7.83000,1,104.0,2000.0,,,,,,,"LINESTRING (-111.947950 33.254850, -111.947870 33.254820)",,,,,,0.00783,,
2056,,1058,1059,,1,1,0,7.83000,1,104.0,2000.0,,,,,,,"LINESTRING (-111.947900 33.254800, -111.947830 33.254770)",,,,,,0.00783,,
2816,,1687,1771,,1,1,0,7.00000,1,72.0,2000.0,,,,,,,"LINESTRING (-111.947810 33.255790, -111.947880 33.255750)",,,,,,0.007,,
2817,,1691,1687,,1,1,0,7.00000,1,72.0,2000.0,,,,,,,"LINESTRING (-111.947750 33.255820, -111.947810 33.255790)",,,,,,0.007,,
2825,,1688,1771,,1,1,0,7.83000,1,72.0,2000.0,,,,,,,"LINESTRING (-111.947790 33.255760, -111.947880 33.255750)",,,,,,0.00783,,
2826,,1692,1687,,1,1,0,7.83000,1,72.0,2000.0,,,,,,,"LINESTRING (-111.947730 33.255800, -111.947810 33.255790)",,,,,,0.00783,,
2834,,1688,1772,,1,1,0,7.00000,1,72.0,2000.0,,,,,,,"LINESTRING (-111.947790 33.255760, -111.947850 33.255730)",,,,,,0.007,,
2843,,1689,1772,,1,1,0,7.83000,1,72.0,2000.0,,,,,,,"LINESTRING (-111.947770 33.255740, -111.947850 33.255730)",,,,,,0.00783,,
2852,,1687,1772,,1,1,0,7.83000,1,72.0,2000.0,,,,,,,"LINESTRING (-111.947810 33.255790, -111.947850 33.255730)",,,,,,0.00783,,
2861,,1689,1773,,1,1,0,7.00000,1,72.0,2000.0,,,,,,,"LINESTRING (-111.947770 33.255740, -111.947830 33.255700)",,,,,,0.007,,
2870,,1690,1773,,1,1,0,7.83000,1,72.0,2000.0,,,,,,,"LINESTRING (-111.947750 33.255710, -111.947830 33.255700)",,,,,,0.00783,,
2879,,1688,1773,,1,1,0,7.83000,1,72.0,2000.0,,,,,,,"LINESTRING (-111.947790 33.255760, -111.947830 33.255700)",,,,,,0.00783,,
2888,,1690,1774,,1,1,0,7.00000,1,72.0,2000.0,,,,,,,"LINESTRING (-111.947750 33.255710, -111.947810 33.255680)",,,,,,0.007,,
2897,,1689,1774,,1,1,0,7.83000,1,72.0,2000.0,,,,,,,"LINESTRING (-111.947770 33.255740, -111.947810 33.255680)",,,,,,0.00783,,
2906,,1727,3061,,1,1,0,7.00000,1,72.0,2000.0,,,,,,,"LINESTRING (-111.948570 33.255360, -111.948630 33.255320)",,,,,,0.007,,
2907,,1731,1727,,1,1,0,7.00000,1,72.0,2000.0,,,,,,,"LINESTRING (-111.948500 33.255390, -111.948570 33.255360)",,,,,,0.007,,
2908,,1735,1731,,1,1,0,7.00000,1,72.0,2000.0,,,,,,,"LINESTRING (-111.948440 33.255430, -111.948500 33.255390)",,,,,,0.007,,
2909,,1739,1735,,1,1,0,7.00000,1,72.0,2000.0,,,,,,,"LINESTRING (-111.948380 33.255460, -111.948440 33.255430)",,,,,,0.007,,
2910,,1743,1739,,1,1,0,7.00000,1,72.0,2000.0,,,,,,,"LINESTRING (-111.948320 33.255500, -111.948380 33.255460)",,,,,,0.007,,
2911,,1747,1743,,1,1,0,7.00000,1,72.0,2000.0,,,,,,,"LINESTRING (-111.948260 33.255530, -111.948320 33.255500)",,,,,,0.007,,
2912,,1751,1747,,1,1,0,7.00000,1,72.0,2000.0,,,,,,,"LINESTRING (-111.948190 33.255570, -111.948260 33.255530)",,,,,,0.007,,
2913,,1755,1751,,1,1,0,7.00000,1,72.0,2000.0,,,,,,,"LINESTRING (-111.948130 33.255610, -111.948190 33.255570)",,,,,,0.007,,
2914,,1759,1755,,1,1,0,7.00000,1,72.0,2000.0,,,,,,,"LINESTRING (-111.948070 33.255640, -111.948130 33.255610)",,,,,,0.007,,
2915,,1763,1759,,1,1,0,7.00000,1,72.0,2000.0,,,,,,,"LINESTRING (-111.948010 33.255680, -111.948070 33.255640)",,,,,,0.007,,
2916,,1767,1763,,1,1,0,7.00000,1,72.0,2000.0,,,,,,,"LINESTRING (-111.947950 33.255710, -111.948010 33.255680)",,,,,,0.007,,
2917,,1771,1767,,1,1,0,7.98000,1,72.0,2000.0,,,,,,,"LINESTRING (-111.947880 33.255750, -111.947950 33.255710)",,,,,,0.00798,,
2918,,1728,3061,,1,1,0,7.83000,1,72.0,2000.0,,,,,,,"LINESTRING (-111.948540 33.255330, -111.948630 33.255320)",,,,,,0.00783,,
2919,,1732,1727,,1,1,0,7.83000,1,72.0,2000.0,,,,,,,"LINESTRING (-111.948480 33.255370, -111.948570 33.255360)",,,,,,0.00783,,
2920,,1736,1731,,1,1,0,7.83000,1,72.0,2000.0,,,,,,,"LINESTRING (-111.948420 33.255400, -111.948500 33.255390)",,,,,,0.00783,,
2921,,1740,1735,,1,1,0,7.83000,1,72.0,2000.0,,,,,,,"LINESTRING (-111.948360 33.255440, -111.948440 33.255430)",,,,,,0.00783,,
2922,,1744,1739,,1,1,0,7.83000,1,72.0,2000.0,,,,,,,"LINESTRING (-111.948300 33.255470, -111.948380 33.255460)",,,,,,0.00783,,
2923,,1748,1743,,1,1,0,7.83000,1,72.0,2000.0,,,,,,,"LINESTRING (-111.948240 33.255510, -111.948320 33.255500)",,,,,,0.00783,,
2924,,1752,1747,,1,1,0,7.83000,1,72.0,2000.0,,,,,,,"LINESTRING (-111.948170 33.255540, -111.948260 33.255530)",,,,,,0.00783,,
2925,,1756,1751,,1,1,0,7.83000,1,72.0,2000.0,,,,,,,"LINESTRING (-111.948110 33.255580, -111.948190 33.255570)",,,,,,0.00783,,
2926,,1760,1755,,1,1,0,7.83000,1,72.0,2000.0,,,,,,,"LINESTRING (-111.948050 33.255620, -111.948130 33.255610)",,,,,,0.00783,,
2927,,1764,1759,,1,1,0,7.83000,1,72.0,2000.0,,,,,,,"LINESTRING (-111.947990 33.255650, -111.948070 33.255640)",,,,,,0.00783,,
2928,,1768,1763,,1,1,0,7.83000,1,72.0,2000.0,,,,,,,"LINESTRING (-111.947930 33.255690, -111.948010 33.255680)",,,,,,0.00783,,
2929,,1772,1767,,1,1,0,8.71000,1,72.0,2000.0,,,,,,,"LINESTRING (-111.947850 33.255730, -111.947950 33.255710)",,,,,,0.00871,,
2930,,1728,3062,,1,1,0,7.00000,1,72.0,2000.0,,,,,,,"LINESTRING (-111.948540 33.255330, -111.948610 33.255290)",,,,,,0.007,,
2931,,1732,1728,,1,1,0,7.00000,1,72.0,2000.0,,,,,,,"LINESTRING (-111.948480 33.255370, -111.948540 33.255330)",,,,,,0.007,,
2932,,1736,1732,,1,1,0,7.00000,1,72.0,2000.0,,,,,,,"LINESTRING (-111.948420 33.255400, -111.948480 33.255370)",,,,,,0.007,,
2933,,1740,1736,,1,1,0,7.00000,1,72.0,2000.0,,,,,,,"LINESTRING (-111.948360 33.255440, -111.948420 33.255400)",,,,,,0.007,,
2934,,1744,1740,,1,1,0,7.00000,1,72.0,2000.0,,,,,,,"LINESTRING (-111.948300 33.255470, -111.948360 33.255440)",,,,,,0.007,,
2935,,1748,1744,,1,1,0,7.00000,1,72.0,2000.0,,,,,,,"LINESTRING (-111.948240 33.255510, -111.948300 33.255470)",,,,,,0.007,,
2936,,1752,1748,,1,1,0,7.00000,1,72.0,2000.0,,,,,,,"LINESTRING (-111.948170 33.255540, -111.948240 33.255510)",,,,,,0.007,,
2937,,1756,1752,,1,1,0,7.00000,1,72.0,2000.0,,,,,,,"LINESTRING (-111.948110 33.255580, -111.948170 33.255540)",,,,,,0.007,,
2938,,1760,1756,,1,1,0,7.00000,1,72.0,2000.0,,,,,,,"LINESTRING (-111.948050 33.255620, -111.948110 33.255580)",,,,,,0.007,,
2939,,1764,1760,,1,1,0,7.00000,1,72.0,2000.0,,,,,,,"LINESTRING (-111.947990 33.255650, -111.948050 33.255620)",,,,,,0.007,,
2940,,1768,1764,,1,1,0,7.00000,1,72.0,2000.0,,,,,,,"LINESTRING (-111.947930 33.255690, -111.947990 33.255650)",,,,,,0.007,,
2941,,1772,1768,,1,1,0,7.98000,1,72.0,2000.0,,,,,,,"LINESTRING (-111.947850 33.255730, -111.947930 33.255690)",,,,,,0.00798,,
2942,,1729,3062,,1,1,0,7.83000,1,72.0,2000.0,,,,,,,"LINESTRING (-111.948520 33.255300, -111.948610 33.255290)",,,,,,0.00783,,
2943,,1733,1728,,1,1,0,7.83000,1,72.0,2000.0,,,,,,,"LINESTRING (-111.948460 33.255340, -111.948540 33.255330)",,,,,,0.00783,,
2944,,1737,1732,,1,1,0,7.83000,1,72.0,2000.0,,,,,,,"LINESTRING (-111.948400 33.255380, -111.948480 33.255370)",,,,,,0.00783,,
2945,,1741,1736,,1,1,0,7.83000,1,72.0,2000.0,,,,,,,"LINESTRING (-111.948340 33.255410, -111.948420 33.255400)",,,,,,0.00783,,
2946,,1745,1740,,1,1,0,7.83000,1,72.0,2000.0,,,,,,,"LINESTRING (-111.948280 33.255450, -111.948360 33.255440)",,,,,,0.00783,,
2947,,1749,1744,,1,1,0,7.83000,1,72.0,2000.0,,,,,,,"LINESTRING (-111.948210 33.255480, -111.948300 33.255470)",,,,,,0.00783,,
2948,,1753,1748,,1,1,0,7.83000,1,72.0,2000.0,,,,,,,"LINESTRING (-111.948150 33.255520, -111.948240 33.255510)",,,,,,0.00783,,
2949,,1757,1752,,1,1,0,7.83000,1,72.0,2000.0,,,,,,,"LINESTRING (-111.948090 33.255550, -111.948170 33.255540)",,,,,,0.00783,,
2950,,1761,1756,,1,1,0,7.83000,1,72.0,2000.0,,,,,,,"LINESTRING (-111.948030 33.255590, -111.948110 33.255580)",,,,,,0.00783,,
2951,,1765,1760,,1,1,0,7.83000,1,72.0,2000.0,,,,,,,"LINESTRING (-111.947970 33.255630, -111.948050 33.255620)",,,,,,0.00783,,
2952,,1769,1764,,1,1,0,7.83000,1,72.0,2000.0,,,,,,,"LINESTRING (-111.947900 33.255660, -111.947990 33.255650)",,,,,,0.00783,,
2953,,1773,1768,,1,1,0,8.71000,1,72.0,2000.0,,,,,,,"LINESTRING (-111.947830 33.255700, -111.947930 33.255690)",,,,,,0.00871,,
2954,,1727,3062,,1,1,0,7.83000,1,72.0,2000.0,,,,,,,"LINESTRING (-111.948570 33.255360, -111.948610 33.255290)",,,,,,0.00783,,
2955,,1731,1728,,1,1,0,7.83000,1,72.0,2000.0,,,,,,,"LINESTRING (-111.948500 33.255390, -111.948540 33.255330)",,,,,,0.00783,,
2956,,1735,1732,,1,1,0,7.83000,1,72.0,2000.0,,,,,,,"LINESTRING (-111.948440 33.255430, -111.948480 33.255370)",,,,,,0.00783,,
2957,,1739,1736,,1,1,0,7.83000,1,72.0,2000.0,,,,,,,"LINESTRING (-111.948380 33.255460, -111.948420 33.255400)",,,,,,0.00783,,
2958,,1743,1740,,1,1,0,7.83000,1,72.0,2000.0,,,,,,,"LINESTRING (-111.948320 33.255500, -111.948360 33.255440)",,,,,,0.00783,,
2959,,1747,1744,,1,1,0,7.83000,1,72.0,2000.0,,,,,,,"LINESTRING (-111.948260 33.255530, -111.948300 33.255470)",,,,,,0.00783,,
2960,,1751,1748,,1,1,0,7.83000,1,72.0,2000.0,,,,,,,"LINESTRING (-111.948190 33.255570, -111.948240 33.255510)",,,,,,0.00783,,
2961,,1755,1752,,1,1,0,7.83000,1,72.0,2000.0,,,,,,,"LINESTRING (-111.948130 33.255610, -111.948170 33.255540)",,,,,,0.00783,,
2962,,1759,1756,,1,1,0,7.83000,1,72.0,2000.0,,,,,,,"LINESTRING (-111.948070 33.255640, -111.948110 33.255580)",,,,,,0.00783,,
2963,,1763,1760,,1,1,0,7.83000,1,72.0,2000.0,,,,,,,"LINESTRING (-111.948010 33.255680, -111.948050 33.255620)",,,,,,0.00783,,
2964,,1767,1764,,1,1,0,7.83000,1,72.0,2000.0,,,,,,,"LINESTRING (-111.947950 33.255710, -111.947990 33.255650)",,,,,,0.00783,,
2965,,1771,1768,,1,1,0,8.71000,1,72.0,2000.0,,,,,,,"LINESTRING (-111.947880 33.255750, -111.947930 33.255690)",,,,,,0.00871,,
2966,,1729,3063,,1,1,0,7.00000,1,72.0,2000.0,,,,,,,"LINESTRING (-111.948520 33.255300, -111.948590 33.255270)",,,,,,0.007,,
2967,,1733,1729,,1,1,0,7.00000,1,72.0,2000.0,,,,,,,"LINESTRING (-111.948460 33.255340, -111.948520 33.255300)",,,,,,0.007,,
2968,,1737,1733,,1,1,0,7.00000,1,72.0,2000.0,,,,,,,"LINESTRING (-111.948400 33.255380, -111.948460 33.255340)",,,,,,0.007,,
2969,,1741,1737,,1,1,0,7.00000,1,72.0,2000.0,,,,,,,"LINESTRING (-111.948340 33.255410, -111.948400 33.255380)",,,,,,0.007,,
2970,,1745,1741,,1,1,0,7.00000,1,72.0,2000.0,,,,,,,"LINESTRING (-111.948280 33.255450, -111.948340 33.255410)",,,,,,0.007,,
2971,,1749,1745,,1,1,0,7.00000,1,72.0,2000.0,,,,,,,"LINESTRING (-111.948210 33.255480, -111.948280 33.255450)",,,,,,0.007,,
2972,,1753,1749,,1,1,0,7.00000,1,72.0,2000.0,,,,,,,"LINESTRING (-111.948150 33.255520, -111.948210 33.255480)",,,,,,0.007,,
2973,,1757,1753,,1,1,0,7.00000,1,72.0,2000.0,,,,,,,"LINESTRING (-111.948090 33.255550, -111.948150 33.255520)",,,,,,0.007,,
2974,,1761,1757,,1,1,0,7.00000,1,72.0,2000.0,,,,,,,"LINESTRING (-111.948030 33.255590, -111.948090 33.255550)",,,,,,0.007,,
2975,,1765,1761,,1,1,0,7.00000,1,72.0,2000.0,,,,,,,"LINESTRING (-111.947970 33.255630, -111.948030 33.255590)",,,,,,0.007,,
2976,,1769,1765,,1,1,0,7.00000,1,72.0,2000.0,,,,,,,"LINESTRING (-111.947900 33.255660, -111.947970 33.255630)",,,,,,0.007,,
2977,,1773,1769,,1,1,0,7.98000,1,72.0,2000.0,,,,,,,"LINESTRING (-111.947830 33.255700, -111.947900 33.255660)",,,,,,0.00798,,
2978,,1730,3063,,1,1,0,7.83000,1,72.0,2000.0,,,,,,,"LINESTRING (-111.948500 33.255280, -111.948590 33.255270)",,,,,,0.00783,,
2979,,1734,1729,,1,1,0,7.83000,1,72.0,2000.0,,,,,,,"LINESTRING (-111.948440 33.255310, -111.948520 33.255300)",,,,,,0.00783,,
2980,,1738,1733,,1,1,0,7.83000,1,72.0,2000.0,,,,,,,"LINESTRING (-111.948380 33.255350, -111.948460 33.255340)",,,,,,0.00783,,
2981,,1742,1737,,1,1,0,7.83000,1,72.0,2000.0,,,,,,,"LINESTRING (-111.948320 33.255380, -111.948400 33.255380)",,,,,,0.00783,,
2982,,1746,1741,,1,1,0,7.83000,1,72.0,2000.0,,,,,,,"LINESTRING (-111.948250 33.255420, -111.948340 33.255410)",,,,,,0.00783,,
2983,,1750,1745,,1,1,0,7.83000,1,72.0,2000.0,,,,,,,"LINESTRING (-111.948190 33.255460, -111.948280 33.255450)",,,,,,0.00783,,
2984,,1754,1749,,1,1,0,7.83000,1,72.0,2000.0,,,,,,,"LINESTRING (-111.948130 33.255490, -111.948210 33.255480)",,,,,,0.00783,,
2985,,1758,1753,,1,1,0,7.83000,1,72.0,2000.0,,,,,,,"LINESTRING (-111.948070 33.255530, -111.948150 33.255520)",,,,,,0.00783,,
2986,,1762,1757,,1,1,0,7.83000,1,72.0,2000.0,,,,,,,"LINESTRING (-111.948010 33.255560, -111.948090 33.255550)",,,,,,0.00783,,
2987,,1766,1761,,1,1,0,7.83000,1,72.0,2000.0,,,,,,,"LINESTRING (-111.947940 33.255600, -111.948030 33.255590)",,,,,,0.00783,,
2988,,1770,1765,,1,1,0,7.83000,1,72.0,2000.0,,,,,,,"LINESTRING (-111.947880 33.255640, -111.947970 33.255630)",,,,,,0.00783,,
2989,,1774,1769,,1,1,0,8.71000,1,72.0,2000.0,,,,,,,"LINESTRING (-111.947810 33.255680, -111.947900 33.255660)",,,,,,0.00871,,
2990,,1728,3063,,1,1,0,7.83000,1,72.0,2000.0,,,,,,,"LINESTRING (-111.948540 33.255330, -111.948590 33.255270)",,,,,,0.00783,,
2991,,1732,1729,,1,1,0,7.83000,1,72.0,2000.0,,,,,,,"LINESTRING (-111.948480 33.255370, -111.948520 33.255300)",,,,,,0.00783,,
2992,,1736,1733,,1,1,0,7.83000,1,72.0,2000.0,,,,,,,"LINESTRING (-111.948420 33.255400, -111.948460 33.255340)",,,,,,0.00783,,
2993,,1740,1737,,1,1,0,7.83000,1,72.0,2000.0,,,,,,,"LINESTRING (-111.948360 33.255440, -111.948400 33.255380)",,,,,,0.00783,,
2994,,1744,1741,,1,1,0,7.83000,1,72.0,2000.0,,,,,,,"LINESTRING (-111.948300 33.255470, -111.948340 33.255410)",,,,,,0.00783,,
2995,,1748,1745,,1,1,0,7.83000,1,72.0,2000.0,,,,,,,"LINESTRING (-111.948240 33.255510, -111.948280 33.255450)",,,,,,0.00783,,
2996,,1752,1749,,1,1,0,7.83000,1,72.0,2000.0,,,,,,,"LINESTRING (-111.948170 33.255540, -111.948210 33.255480)",,,,,,0.00783,,
2997,,1756,1753,,1,1,0,7.83000,1,72.0,2000.0,,,,,,,"LINESTRING (-111.948110 33.255580, -111.948150 33.255520)",,,,,,0.00783,,
2998,,1760,1757,,1,1,0,7.83000,1,72.0,2000.0,,,,,,,"LINESTRING (-111.948050 33.255620, -111.948090 33.255550)",,,,,,0.00783,,
2999,,1764,1761,,1,1,0,7.83000,1,72.0,2000.0,,,,,,,"LINESTRING (-111.947990 33.255650, -111.948030 33.255590)",,,,,,0.00783,,
3000,,1768,1765,,1,1,0,7.83000,1,72.0,2000.0,,,,,,,"LINESTRING (-111.947930 33.255690, -111.947970 33.255630)",,,,,,0.00783,,
3001,,1772,1769,,1,1,0,8.71000,1,72.0,2000.0,,,,,,,"LINESTRING (-111.947850 33.255730, -111.947900 33.255660)",,,,,,0.00871,,
3002,,1730,3064,,1,1,0,7.00000,1,72.0,2000.0,,,,,,,"LINESTRING (-111.948500 33.255280, -111.948570 33.255240)",,,,,,0.007,,
3003,,1734,1730,,1,1,0,7.00000,1,72.0,2000.0,,,,,,,"LINESTRING (-111.948440 33.255310, -111.948500 33.255280)",,,,,,0.007,,
3004,,1738,1734,,1,1,0,7.00000,1,72.0,2000.0,,,,,,,"LINESTRING (-111.948380 33.255350, -111.948440 33.255310)",,,,,,0.007,,
3005,,1742,1738,,1,1,0,7.00000,1,72.0,2000.0,,,,,,,"LINESTRING (-111.948320 33.255380, -111.948380 33.255350)",,,,,,0.007,,
3006,,1746,1742,,1,1,0,7.00000,1,72.0,2000.0,,,,,,,"LINESTRING (-111.948250 33.255420, -111.948320 33.255380)",,,,,,0.007,,
3007,,1750,1746,,1,1,0,7.00000,1,72.0,2000.0,,,,,,,"LINESTRING (-111.948190 33.255460, -111.948250 33.255420)",,,,,,0.007,,
3008,,1754,1750,,1,1,0,7.00000,1,72.0,2000.0,,,,,,,"LINESTRING (-111.948130 33.255490, -111.948190 33.255460)",,,,,,0.007,,
3009,,1758,1754,,1,1,0,7.00000,1,72.0,2000.0,,,,,,,"LINESTRING (-111.948070 33.255530, -111.948130 33.255490)",,,,,,0.007,,
3010,,1762,1758,,1,1,0,7.00000,1,72.0,2000.0,,,,,,,"LINESTRING (-111.948010 33.255560, -111.948070 33.255530)",,,,,,0.007,,
3011,,1766,1762,,1,1,0,7.00000,1,72.0,2000.0,,,,,,,"LINESTRING (-111.947940 33.255600, -111.948010 33.255560)",,,,,,0.007,,
3012,,1770,1766,,1,1,0,7.00000,1,72.0,2000.0,,,,,,,"LINESTRING (-111.947880 33.255640, -111.947940 33.255600)",,,,,,0.007,,
3013,,1774,1770,,1,1,0,7.98000,1,72.0,2000.0,,,,,,,"LINESTRING (-111.947810 33.255680, -111.947880 33.255640)",,,,,,0.00798,,
3014,,1729,3064,,1,1,0,7.83000,1,72.0,2000.0,,,,,,,"LINESTRING (-111.948520 33.255300, -111.948570 33.255240)",,,,,,0.00783,,
3015,,1733,1730,,1,1,0,7.83000,1,72.0,2000.0,,,,,,,"LINESTRING (-111.948460 33.255340, -111.948500 33.255280)",,,,,,0.00783,,
3016,,1737,1734,,1,1,0,7.83000,1,72.0,2000.0,,,,,,,"LINESTRING (-111.948400 33.255380, -111.948440 33.255310)",,,,,,0.00783,,
3017,,1741,1738,,1,1,0,7.83000,1,72.0,2000.0,,,,,,,"LINESTRING (-111.948340 33.255410, -111.948380 33.255350)",,,,,,0.00783,,
3018,,1745,1742,,1,1,0,7.83000,1,72.0,2000.0,,,,,,,"LINESTRING (-111.948280 33.255450, -111.948320 33.255380)",,,,,,0.00783,,
3019,,1749,1746,,1,1,0,7.83000,1,72.0,2000.0,,,,,,,"LINESTRING (-111.948210 33.255480, -111.948250 33.255420)",,,,,,0.00783,,
3020,,1753,1750,,1,1,0,7.83000,1,72.0,2000.0,,,,,,,"LINESTRING (-111.948150 33.255520, -111.948190 33.255460)",,,,,,0.00783,,
3021,,1757,1754,,1,1,0,7.83000,1,72.0,2000.0,,,,,,,"LINESTRING (-111.948090 33.255550, -111.948130 33.255490)",,,,,,0.00783,,
3022,,1761,1758,,1,1,0,7.83000,1,72.0,2000.0,,,,,,,"LINESTRING (-111.948030 33.255590, -111.948070 33.255530)",,,,,,0.00783,,
3023,,1765,1762,,1,1,0,7.83000,1,72.0,2000.0,,,,,,,"LINESTRING (-111.947970 33.255630, -111.948010 33.255560)",,,,,,0.00783,,
3024,,1769,1766,,1,1,0,7.83000,1,72.0,2000.0,,,,,,,"LINESTRING (-111.947900 33.255660, -111.947940 33.255600)",,,,,,0.00783,,
3025,,1773,1770,,1,1,0,8.71000,1,72.0,2000.0,,,,,,,"LINESTRING (-111.947830 33.255700, -111.947880 33.255640)",,,,,,0.00871,,
4383,,2570,354,,1,1,0,7.00000,1,60.0,2000.0,,,,,,,"LINESTRING (-111.948760 33.255350, -111.948700 33.255390)",,,,,,0.007,,
4384,,2573,2570,,1,1,0,7.00000,1,60.0,2000.0,,,,,,,"LINESTRING (-111.948820 33.255320, -111.948760 33.255350)",,,,,,0.007,,
4385,,2576,2573,,1,1,0,7.00000,1,60.0,2000.0,,,,,,,"LINESTRING (-111.948890 33.255280, -111.948820 33.255320)",,,,,,0.007,,
4386,,2579,2576,,1,1,0,7.00000,1,60.0,2000.0,,,,,,,"LINESTRING (-111.948950 33.255250, -111.948890 33.255280)",,,,,,0.007,,
4387,,2582,2579,,1,1,0,7.00000,1,60.0,2000.0,,,,,,,"LINESTRING (-111.949010 33.255210, -111.948950 33.255250)",,,,,,0.007,,
4388,,2585,2582,,1,1,0,7.00000,1,60.0,2000.0,,,,,,,"LINESTRING (-111.949070 33.255180, -111.949010 33.255210)",,,,,,0.007,,
4389,,2588,2585,,1,1,0,7.00000,1,60.0,2000.0,,,,,,,"LINESTRING (-111.949140 33.255140, -111.949070 33.255180)",,,,,,0.007,,
4390,,2591,2588,,1,1,0,7.00000,1,60.0,2000.0,,,,,,,"LINESTRING (-111.949200 33.255110, -111.949140 33.255140)",,,,,,0.007,,
4391,,2594,2591,,1,1,0,5.06000,1,60.0,2000.0,,,,,,,"LINESTRING (-111.949240 33.255080, -111.949200 33.255110)",,,,,,0.00506,,
4392,,2571,354,,1,1,0,7.83000,1,60.0,2000.0,,,,,,,"LINESTRING (-111.948780 33.255380, -111.948700 33.255390)",,,,,,0.00783,,
4393,,2574,2570,,1,1,0,7.83000,1,60.0,2000.0,,,,,,,"LINESTRING (-111.948840 33.255340, -111.948760 33.255350)",,,,,,0.00783,,
4394,,2577,2573,,1,1,0,7.83000,1,60.0,2000.0,,,,,,,"LINESTRING (-111.948910 33.255310, -111.948820 33.255320)",,,,,,0.00783,,
4395,,2580,2576,,1,1,0,7.83000,1,60.0,2000.0,,,,,,,"LINESTRING (-111.948970 33.255270, -111.948890 33.255280)",,,,,,0.00783,,
4396,,2583,2579,,1,1,0,7.83000,1,60.0,2000.0,,,,,,,"LINESTRING (-111.949030 33.255240, -111.948950 33.255250)",,,,,,0.00783,,
4397,,2586,2582,,1,1,0,7.83000,1,60.0,2000.0,,,,,,,"LINESTRING (-111.949090 33.255210, -111.949010 33.255210)",,,,,,0.00783,,
4398,,2589,2585,,1,1,0,7.83000,1,60.0,2000.0,,,,,,,"LINESTRING (-111.949160 33.255170, -111.949070 33.255180)",,,,,,0.00783,,
4399,,2592,2588,,1,1,0,7.83000,1,60.0,2000.0,,,,,,,"LINESTRING (-111.949220 33.255140, -111.949140 33.255140)",,,,,,0.00783,,
4400,,2595,2591,,1,1,0,6.15000,1,60.0,2000.0,,,,,,,"LINESTRING (-111.949260 33.255110, -111.949200 33.255110)",,,,,,0.00615,,
4401,,2571,355,,1,1,0,7.00000,1,60.0,2000.0,,,,,,,"LINESTRING (-111.948780 33.255380, -111.948720 33.255420)",,,,,,0.007,,
4402,,2574,2571,,1,1,0,7.00000,1,60.0,2000.0,,,,,,,"LINESTRING (-111.948840 33.255340, -111.948780 33.255380)",,,,,,0.007,,
4403,,2577,2574,,1,1,0,7.00000,1,60.0,2000.0,,,,,,,"LINESTRING (-111.948910 33.255310, -111.948840 33.255340)",,,,,,0.007,,
4404,,2580,2577,,1,1,0,7.00000,1,60.0,2000.0,,,,,,,"LINESTRING (-111.948970 33.255270, -111.948910 33.255310)",,,,,,0.007,,
4405,,2583,2580,,1,1,0,7.00000,1,60.0,2000.0,,,,,,,"LINESTRING (-111.949030 33.255240, -111.948970 33.255270)",,,,,,0.007,,
4406,,2586,2583,,1,1,0,7.00000,1,60.0,2000.0,,,,,,,"LINESTRING (-111.949090 33.255210, -111.949030 33.255240)",,,,,,0.007,,
4407,,2589,2586,,1,1,0,7.00000,1,60.0,2000.0,,,,,,,"LINESTRING (-111.949160 33.255170, -111.949090 33.255210)",,,,,,0.007,,
4408,,2592,2589,,1,1,0,7.00000,1,60.0,2000.0,,,,,,,"LINESTRING (-111.949220 33.255140, -111.949160 33.255170)",,,,,,0.007,,
4409,,2595,2592,,1,1,0,5.06000,1,60.0,2000.0,,,,,,,"LINESTRING (-111.949260 33.255110, -111.949220 33.255140)",,,,,,0.00506,,
4410,,2572,355,,1,1,0,7.83000,1,60.0,2000.0,,,,,,,"LINESTRING (-111.948800 33.255410, -111.948720 33.255420)",,,,,,0.00783,,
4411,,2575,2571,,1,1,0,7.83000,1,60.0,2000.0,,,,,,,"LINESTRING (-111.948860 33.255370, -111.948780 33.255380)",,,,,,0.00783,,
4412,,2578,2574,,1,1,0,7.83000,1,60.0,2000.0,,,,,,,"LINESTRING (-111.948930 33.255340, -111.948840 33.255340)",,,,,,0.00783,,
4413,,2581,2577,,1,1,0,7.83000,1,60.0,2000.0,,,,,,,"LINESTRING (-111.948990 33.255300, -111.948910 33.255310)",,,,,,0.00783,,
4414,,2584,2580,,1,1,0,7.83000,1,60.0,2000.0,,,,,,,"LINESTRING (-111.949050 33.255270, -111.948970 33.255270)",,,,,,0.00783,,
4415,,2587,2583,,1,1,0,7.83000,1,60.0,2000.0,,,,,,,"LINESTRING (-111.949110 33.255230, -111.949030 33.255240)",,,,,,0.00783,,
4416,,2590,2586,,1,1,0,7.83000,1,60.0,2000.0,,,,,,,"LINESTRING (-111.949180 33.255200, -111.949090 33.255210)",,,,,,0.00783,,
4417,,2593,2589,,1,1,0,7.83000,1,60.0,2000.0,,,,,,,"LINESTRING (-111.949240 33.255160, -111.949160 33.255170)",,,,,,0.00783,,
4418,,2596,2592,,1,1,0,6.15000,1,60.0,2000.0,,,,,,,"LINESTRING (-111.949290 33.255140, -111.949220 33.255140)",,,,,,0.00615,,
4419,,2570,355,,1,1,0,7.83000,1,60.0,2000.0,,,,,,,"LINESTRING (-111.948760 33.255350, -111.948720 33.255420)",,,,,,0.00783,,
4420,,2573,2571,,1,1,0,7.83000,1,60.0,2000.0,,,,,,,"LINESTRING (-111.948820 33.255320, -111.948780 33.255380)",,,,,,0.00783,,
4421,,2576,2574,,1,1,0,7.83000,1,60.0,2000.0,,,,,,,"LINESTRING (-111.948890 33.255280, -111.948840 33.255340)",,,,,,0.00783,,
4422,,2579,2577,,1,1,0,7.83000,1,60.0,2000.0,,,,,,,"LINESTRING (-111.948950 33.255250, -111.948910 33.255310)",,,,,,0.00783,,
4423,,2582,2580,,1,1,0,7.83000,1,60.0,2000.0,,,,,,,"LINESTRING (-111.949010 33.255210, -111.948970 33.255270)",,,,,,0.00783,,
4424,,2585,2583,,1,1,0,7.83000,1,60.0,2000.0,,,,,,,"LINESTRING (-111.949070 33.255180, -111.949030 33.255240)",,,,,,0.00783,,
4425,,2588,2586,,1,1,0,7.83000,1,60.0,2000.0,,,,,,,"LINESTRING (-111.949140 33.255140, -111.949090 33.255210)",,,,,,0.00783,,
4426,,2591,2589,,1,1,0,7.83000,1,60.0,2000.0,,,,,,,"LINESTRING (-111.949200 33.255110, -111.949160 33.255170)",,,,,,0.00783,,
4427,,2594,2592,,1,1,0,6.15000,1,60.0,2000.0,,,,,,,"LINESTRING (-111.949240 33.255080, -111.949220 33.255140)",,,,,,0.00615,,
4428,,2572,356,,1,1,0,7.00000,1,60.0,2000.0,,,,,,,"LINESTRING (-111.948800 33.255410, -111.948740 33.255440)",,,,,,0.007,,
4429,,2575,2572,,1,1,0,7.00000,1,60.0,2000.0,,,,,,,"LINESTRING (-111.948860 33.255370, -111.948800 33.255410)",,,,,,0.007,,
4430,,2578,2575,,1,1,0,7.00000,1,60.0,2000.0,,,,,,,"LINESTRING (-111.948930 33.255340, -111.948860 33.255370)",,,,,,0.007,,
4431,,2581,2578,,1,1,0,7.00000,1,60.0,2000.0,,,,,,,"LINESTRING (-111.948990 33.255300, -111.948930 33.255340)",,,,,,0.007,,
4432,,2584,2581,,1,1,0,7.00000,1,60.0,2000.0,,,,,,,"LINESTRING (-111.949050 33.255270, -111.948990 33.255300)",,,,,,0.007,,
4433,,2587,2584,,1,1,0,7.00000,1,60.0,2000.0,,,,,,,"LINESTRING (-111.949110 33.255230, -111.949050 33.255270)",,,,,,0.007,,
4434,,2590,2587,,1,1,0,7.00000,1,60.0,2000.0,,,,,,,"LINESTRING (-111.949180 33.255200, -111.949110 33.255230)",,,,,,0.007,,
4435,,2593,2590,,1,1,0,7.00000,1,60.0,2000.0,,,,,,,"LINESTRING (-111.949240 33.255160, -111.949180 33.255200)",,,,,,0.007,,
4436,,2596,2593,,1,1,0,5.06000,1,60.0,2000.0,,,,,,,"LINESTRING (-111.949290 33.255140, -111.949240 33.255160)",,,,,,0.00506,,
4437,,2571,356,,1,1,0,7.83000,1,60.0,2000.0,,,,,,,"LINESTRING (-111.948780 33.255380, -111.948740 33.255440)",,,,,,0.00783,,
4438,,2574,2572,,1,1,0,7.83000,1,60.0,2000.0,,,,,,,"LINESTRING (-111.948840 33.255340, -111.948800 33.255410)",,,,,,0.00783,,
4439,,2577,2575,,1,1,0,7.83000,1,60.0,2000.0,,,,,,,"LINESTRING (-111.948910 33.255310, -111.948860 33.255370)",,,,,,0.00783,,
4440,,2580,2578,,1,1,0,7.83000,1,60.0,2000.0,,,,,,,"LINESTRING (-111.948970 33.255270, -111.948930 33.255340)",,,,,,0.00783,,
4441,,2583,2581,,1,1,0,7.83000,1,60.0,2000.0,,,,,,,"LINESTRING (-111.949030 33.255240, -111.948990 33.255300)",,,,,,0.00783,,
4442,,2586,2584,,1,1,0,7.83000,1,60.0,2000.0,,,,,,,"LINESTRING (-111.949090 33.255210, -111.949050 33.255270)",,,,,,0.00783,,
4443,,2589,2587,,1,1,0,7.83000,1,60.0,2000.0,,,,,,,"LINESTRING (-111.949160 33.255170, -111.949110 33.255230)",,,,,,0.00783,,
4444,,2592,2590,,1,1,0,7.83000,1,60.0,2000.0,,,,,,,"LINESTRING (-111.949220 33.255140, -111.949180 33.255200)",,,,,,0.00783,,
4445,,2595,2593,,1,1,0,6.15000,1,60.0,2000.0,,,,,,,"LINESTRING (-111.949260 33.255110, -111.949240 33.255160)",,,,,,0.00615,,
5312,,3029,3025,,1,1,0,7.00000,1,72.0,2000.0,WBT,2,100,5,55,,"LINESTRING (-111.949130 33.255050, -111.949200 33.255020)",,,,,,0.007,,
5313,,3033,3029,,1,1,0,7.00000,1,72.0,2000.0,,,,,,,"LINESTRING (-111.949070 33.255080, -111.949130 33.255050)",,,,,,0.007,,
5314,,3037,3033,,1,1,0,7.00000,1,72.0,2000.0,,,,,,,"LINESTRING (-111.949010 33.255120, -111.949070 33.255080)",,,,,,0.007,,
5315,,3041,3037,,1,1,0,7.00000,1,72.0,2000.0,,,,,,,"LINESTRING (-111.948940 33.255150, -111.949010 33.255120)",,,,,,0.007,,
5316,,3045,3041,,1,1,0,7.00000,1,72.0,2000.0,,,,,,,"LINESTRING (-111.948880 33.255180, -111.948940 33.255150)",,,,,,0.007,,
5317,,3049,3045,,1,1,0,7.00000,1,72.0,2000.0,,,,,,,"LINESTRING (-111.948820 33.255220, -111.948880 33.255180)",,,,,,0.007,,
5318,,3053,3049,,1,1,0,7.00000,1,72.0,2000.0,,,,,,,"LINESTRING (-111.948750 33.255250, -111.948820 33.255220)",,,,,,0.007,,
5319,,3057,3053,,1,1,0,7.00000,1,72.0,2000.0,,,,,,,"LINESTRING (-111.948690 33.255290, -111.948750 33.255250)",,,,,,0.007,,
5320,,3061,3057,,1,1,0,6.84000,1,72.0,2000.0,,,,,,,"LINESTRING (-111.948630 33.255320, -111.948690 33.255290)",,,,,,0.00684,,
5322,,3034,3029,,1,1,0,7.83000,1,72.0,2000.0,,,,,,,"LINESTRING (-111.949050 33.255060, -111.949130 33.255050)",,,,,,0.00783,,
5323,,3038,3033,,1,1,0,7.83000,1,72.0,2000.0,,,,,,,"LINESTRING (-111.948990 33.255090, -111.949070 33.255080)",,,,,,0.00783,,
5324,,3042,3037,,1,1,0,7.83000,1,72.0,2000.0,,,,,,,"LINESTRING (-111.948920 33.255120, -111.949010 33.255120)",,,,,,0.00783,,
5325,,3046,3041,,1,1,0,7.83000,1,72.0,2000.0,,,,,,,"LINESTRING (-111.948860 33.255160, -111.948940 33.255150)",,,,,,0.00783,,
5326,,3050,3045,,1,1,0,7.83000,1,72.0,2000.0,,,,,,,"LINESTRING (-111.948800 33.255190, -111.948880 33.255180)",,,,,,0.00783,,
5327,,3054,3049,,1,1,0,7.83000,1,72.0,2000.0,,,,,,,"LINESTRING (-111.948730 33.255230, -111.948820 33.255220)",,,,,,0.00783,,
5328,,3058,3053,,1,1,0,7.83000,1,72.0,2000.0,,,,,,,"LINESTRING (-111.948670 33.255260, -111.948750 33.255250)",,,,,,0.00783,,
5329,,3062,3057,,1,1,0,7.68000,1,72.0,2000.0,,,,,,,"LINESTRING (-111.948610 33.255290, -111.948690 33.255290)",,,,,,0.00768,,
5330,,3030,3026,,1,1,0,7.00000,1,72.0,2000.0,WBT,2,100,5,55,,"LINESTRING (-111.949110 33.255020, -111.949180 33.254990)",,,,,,0.007,,
5331,,3034,3030,,1,1,0,7.00000,1,72.0,2000.0,,,,,,,"LINESTRING (-111.949050 33.255060, -111.949110 33.255020)",,,,,,0.007,,
5332,,3038,3034,,1,1,0,7.00000,1,72.0,2000.0,,,,,,,"LINESTRING (-111.948990 33.255090, -111.949050 33.255060)",,,,,,0.007,,
5333,,3042,3038,,1,1,0,7.00000,1,72.0,2000.0,,,,,,,"LINESTRING (-111.948920 33.255120, -111.948990 33.255090)",,,,,,0.007,,
5334,,3046,3042,,1,1,0,7.00000,1,72.0,2000.0,,,,,,,"LINESTRING (-111.948860 33.255160, -111.948920 33.255120)",,,,,,0.007,,
5335,,3050,3046,,1,1,0,7.00000,1,72.0,2000.0,,,,,,,"LINESTRING (-111.948800 33.255190, -111.948860 33.255160)",,,,,,0.007,,
5336,,3054,3050,,1,1,0,7.00000,1,72.0,2000.0,,,,,,,"LINESTRING (-111.948730 33.255230, -111.948800 33.255190)",,,,,,0.007,,
5337,,3058,3054,,1,1,0,7.00000,1,72.0,2000.0,,,,,,,"LINESTRING (-111.948670 33.255260, -111.948730 33.255230)",,,,,,0.007,,
5338,,3062,3058,,1,1,0,6.84000,1,72.0,2000.0,,,,,,,"LINESTRING (-111.948610 33.255290, -111.948670 33.255260)",,,,,,0.00684,,
5340,,3035,3030,,1,1,0,7.83000,1,72.0,2000.0,,,,,,,"LINESTRING (-111.949030 33.255030, -111.949110 33.255020)",,,,,,0.00783,,
5341,,3039,3034,,1,1,0,7.83000,1,72.0,2000.0,,,,,,,"LINESTRING (-111.948970 33.255060, -111.949050 33.255060)",,,,,,0.00783,,
5342,,3043,3038,,1,1,0,7.83000,1,72.0,2000.0,,,,,,,"LINESTRING (-111.948900 33.255100, -111.948990 33.255090)",,,,,,0.00783,,
5343,,3047,3042,,1,1,0,7.83000,1,72.0,2000.0,,,,,,,"LINESTRING (-111.948840 33.255130, -111.948920 33.255120)",,,,,,0.00783,,
5344,,3051,3046,,1,1,0,7.83000,1,72.0,2000.0,,,,,,,"LINESTRING (-111.948780 33.255170, -111.948860 33.255160)",,,,,,0.00783,,
5345,,3055,3050,,1,1,0,7.83000,1,72.0,2000.0,,,,,,,"LINESTRING (-111.948710 33.255200, -111.948800 33.255190)",,,,,,0.00783,,
5346,,3059,3054,,1,1,0,7.83000,1,72.0,2000.0,,,,,,,"LINESTRING (-111.948650 33.255230, -111.948730 33.255230)",,,,,,0.00783,,
5347,,3063,3058,,1,1,0,7.68000,1,72.0,2000.0,,,,,,,"LINESTRING (-111.948590 33.255270, -111.948670 33.255260)",,,,,,0.00768,,
5349,,3033,3030,,1,1,0,7.83000,1,72.0,2000.0,,,,,,,"LINESTRING (-111.949070 33.255080, -111.949110 33.255020)",,,,,,0.00783,,
5350,,3037,3034,,1,1,0,7.83000,1,72.0,2000.0,,,,,,,"LINESTRING (-111.949010 33.255120, -111.949050 33.255060)",,,,,,0.00783,,
5351,,3041,3038,,1,1,0,7.83000,1,72.0,2000.0,,,,,,,"LINESTRING (-111.948940 33.255150, -111.948990 33.255090)",,,,,,0.00783,,
5352,,3045,3042,,1,1,0,7.83000,1,72.0,2000.0,,,,,,,"LINESTRING (-111.948880 33.255180, -111.948920 33.255120)",,,,,,0.00783,,
5353,,3049,3046,,1,1,0,7.83000,1,72.0,2000.0,,,,,,,"LINESTRING (-111.948820 33.255220, -111.948860 33.255160)",,,,,,0.00783,,
5354,,3053,3050,,1,1,0,7.83000,1,72.0,2000.0,,,,,,,"LINESTRING (-111.948750 33.255250, -111.948800 33.255190)",,,,,,0.00783,,
5355,,3057,3054,,1,1,0,7.83000,1,72.0,2000.0,,,,,,,"LINESTRING (-111.948690 33.255290, -111.948730 33.255230)",,,,,,0.00783,,
5356,,3061,3058,,1,1,0,7.68000,1,72.0,2000.0,,,,,,,"LINESTRING (-111.948630 33.255320, -111.948670 33.255260)",,,,,,0.00768,,
5357,,3031,3027,,1,1,0,7.00000,1,72.0,2000.0,WBT,,100,5,55,,"LINESTRING (-111.949090 33.255000, -111.949160 33.254960)",,,,,,0.007,,
5358,,3035,3031,,1,1,0,7.00000,1,72.0,2000.0,,,,,,,"LINESTRING (-111.949030 33.255030, -111.949090 33.255000)",,,,,,0.007,,
5359,,3039,3035,,1,1,0,7.00000,1,72.0,2000.0,,,,,,,"LINESTRING (-111.948970 33.255060, -111.949030 33.255030)",,,,,,0.007,,
5360,,3043,3039,,1,1,0,7.00000,1,72.0,2000.0,,,,,,,"LINESTRING (-111.948900 33.255100, -111.948970 33.255060)",,,,,,0.007,,
5361,,3047,3043,,1,1,0,7.00000,1,72.0,2000.0,,,,,,,"LINESTRING (-111.948840 33.255130, -111.948900 33.255100)",,,,,,0.007,,
5362,,3051,3047,,1,1,0,7.00000,1,72.0,2000.0,,,,,,,"LINESTRING (-111.948780 33.255170, -111.948840 33.255130)",,,,,,0.007,,
5363,,3055,3051,,1,1,0,7.00000,1,72.0,2000.0,,,,,,,"LINESTRING (-111.948710 33.255200, -111.948780 33.255170)",,,,,,0.007,,
5364,,3059,3055,,1,1,0,7.00000,1,72.0,2000.0,,,,,,,"LINESTRING (-111.948650 33.255230, -111.948710 33.255200)",,,,,,0.007,,
5365,,3063,3059,,1,1,0,6.84000,1,72.0,2000.0,,,,,,,"LINESTRING (-111.948590 33.255270, -111.948650 33.255230)",,,,,,0.00684,,
5367,,3036,3031,,1,1,0,7.83000,1,72.0,2000.0,,,,,,,"LINESTRING (-111.949010 33.255000, -111.949090 33.255000)",,,,,,0.00783,,
5368,,3040,3035,,1,1,0,7.83000,1,72.0,2000.0,,,,,,,"LINESTRING (-111.948950 33.255040, -111.949030 33.255030)",,,,,,0.00783,,
5369,,3044,3039,,1,1,0,7.83000,1,72.0,2000.0,,,,,,,"LINESTRING (-111.948880 33.255070, -111.948970 33.255060)",,,,,,0.00783,,
5370,,3048,3043,,1,1,0,7.83000,1,72.0,2000.0,,,,,,,"LINESTRING (-111.948820 33.255100, -111.948900 33.255100)",,,,,,0.00783,,
5371,,3052,3047,,1,1,0,7.83000,1,72.0,2000.0,,,,,,,"LINESTRING (-111.948760 33.255140, -111.948840 33.255130)",,,,,,0.00783,,
5372,,3056,3051,,1,1,0,7.83000,1,72.0,2000.0,,,,,,,"LINESTRING (-111.948690 33.255170, -111.948780 33.255170)",,,,,,0.00783,,
5373,,3060,3055,,1,1,0,7.83000,1,72.0,2000.0,,,,,,,"LINESTRING (-111.948630 33.255210, -111.948710 33.255200)",,,,,,0.00783,,
5374,,3064,3059,,1,1,0,7.68000,1,72.0,2000.0,,,,,,,"LINESTRING (-111.948570 33.255240, -111.948650 33.255230)",,,,,,0.00768,,
5376,,3034,3031,,1,1,0,7.83000,1,72.0,2000.0,,,,,,,"LINESTRING (-111.949050 33.255060, -111.949090 33.255000)",,,,,,0.00783,,
5377,,3038,3035,,1,1,0,7.83000,1,72.0,2000.0,,,,,,,"LINESTRING (-111.948990 33.255090, -111.949030 33.255030)",,,,,,0.00783,,
5378,,3042,3039,,1,1,0,7.83000,1,72.0,2000.0,,,,,,,"LINESTRING (-111.948920 33.255120, -111.948970 33.255060)",,,,,,0.00783,,
5379,,3046,3043,,1,1,0,7.83000,1,72.0,2000.0,,,,,,,"LINESTRING (-111.948860 33.255160, -111.948900 33.255100)",,,,,,0.00783,,
5380,,3050,3047,,1,1,0,7.83000,1,72.0,2000.0,,,,,,,"LINESTRING (-111.948800 33.255190, -111.948840 33.255130)",,,,,,0.00783,,
5381,,3054,3051,,1,1,0,7.83000,1,72.0,2000.0,,,,,,,"LINESTRING (-111.948730 33.255230, -111.948780 33.255170)",,,,,,0.00783,,
5382,,3058,3055,,1,1,0,7.83000,1,72.0,2000.0,,,,,,,"LINESTRING (-111.948670 33.255260, -111.948710 33.255200)",,,,,,0.00783,,
5383,,3062,3059,,1,1,0,7.68000,1,72.0,2000.0,,,,,,,"LINESTRING (-111.948610 33.255290, -111.948650 33.255230)",,,,,,0.00768,,
5384,,3032,3028,,1,1,0,7.00000,1,72.0,2000.0,WBR,2,0,0,0,,"LINESTRING (-111.949070 33.254970, -111.949140 33.254940)",,,,,,0.007,,
5385,,3036,3032,,1,1,0,7.00000,1,72.0,2000.0,,,,,,,"LINESTRING (-111.949010 33.255000, -111.949070 33.254970)",,,,,,0.007,,
5386,,3040,3036,,1,1,0,7.00000,1,72.0,2000.0,,,,,,,"LINESTRING (-111.948950 33.255040, -111.949010 33.255000)",,,,,,0.007,,
5387,,3044,3040,,1,1,0,7.00000,1,72.0,2000.0,,,,,,,"LINESTRING (-111.948880 33.255070, -111.948950 33.255040)",,,,,,0.007,,
5388,,3048,3044,,1,1,0,7.00000,1,72.0,2000.0,,,,,,,"LINESTRING (-111.948820 33.255100, -111.948880 33.255070)",,,,,,0.007,,
5389,,3052,3048,,1,1,0,7.00000,1,72.0,2000.0,,,,,,,"LINESTRING (-111.948760 33.255140, -111.948820 33.255100)",,,,,,0.007,,
5390,,3056,3052,,1,1,0,7.00000,1,72.0,2000.0,,,,,,,"LINESTRING (-111.948690 33.255170, -111.948760 33.255140)",,,,,,0.007,,
5391,,3060,3056,,1,1,0,7.00000,1,72.0,2000.0,,,,,,,"LINESTRING (-111.948630 33.255210, -111.948690 33.255170)",,,,,,0.007,,
5392,,3064,3060,,1,1,0,6.84000,1,72.0,2000.0,,,,,,,"LINESTRING (-111.948570 33.255240, -111.948630 33.255210)",,,,,,0.00684,,
5394,,3035,3032,,1,1,0,7.83000,1,72.0,2000.0,,,,,,,"LINESTRING (-111.949030 33.255030, -111.949070 33.254970)",,,,,,0.00783,,
5395,,3039,3036,,1,1,0,7.83000,1,72.0,2000.0,,,,,,,"LINESTRING (-111.948970 33.255060, -111.949010 33.255000)",,,,,,0.00783,,
5396,,3043,3040,,1,1,0,7.83000,1,72.0,2000.0,,,,,,,"LINESTRING (-111.948900 33.255100, -111.948950 33.255040)",,,,,,0.00783,,
5397,,3047,3044,,1,1,0,7.83000,1,72.0,2000.0,,,,,,,"LINESTRING (-111.948840 33.255130, -111.948880 33.255070)",,,,,,0.00783,,
5398,,3051,3048,,1,1,0,7.83000,1,72.0,2000.0,,,,,,,"LINESTRING (-111.948780 33.255170, -111.948820 33.255100)",,,,,,0.00783,,
5399,,3055,3052,,1,1,0,7.83000,1,72.0,2000.0,,,,,,,"LINESTRING (-111.948710 33.255200, -111.948760 33.255140)",,,,,,0.00783,,
5400,,3059,3056,,1,1,0,7.83000,1,72.0,2000.0,,,,,,,"LINESTRING (-111.948650 33.255230, -111.948690 33.255170)",,,,,,0.00783,,
5401,,3063,3060,,1,1,0,7.68000,1,72.0,2000.0,,,,,,,"LINESTRING (-111.948590 33.255270, -111.948630 33.255210)",,,,,,0.00768,,
5543,,3143,3145,,1,1,0,7.28000,1,60.0,2000.0,,,,,,,"LINESTRING (-111.949170 33.254780, -111.949120 33.254720)",,,,,,0.00728,,
5545,,3143,3146,,1,1,0,8.08000,1,60.0,2000.0,,,,,,,"LINESTRING (-111.949170 33.254780, -111.949150 33.254700)",,,,,,0.00808,,
5546,,3142,3144,,1,1,0,7.00000,1,60.0,2000.0,,,,,,,"LINESTRING (-111.949240 33.254800, -111.949200 33.254760)",,,,,,0.007,,
6998,,4121,4123,,1,1,0,7.00000,1,104.0,2000.0,,,,,,,"LINESTRING (-111.947740 33.255150, -111.947780 33.255200)",,,,,,0.007,,
6999,,4123,4125,,1,1,0,7.00000,1,104.0,2000.0,,,,,,,"LINESTRING (-111.947780 33.255200, -111.947830 33.255260)",,,,,,0.007,,
7000,,4125,4127,,1,1,0,7.00000,1,104.0,2000.0,,,,,,,"LINESTRING (-111.947830 33.255260, -111.947870 33.255310)",,,,,,0.007,,
7001,,4127,4129,,1,1,0,7.00000,1,104.0,2000.0,,,,,,,"LINESTRING (-111.947870 33.255310, -111.947910 33.255360)",,,,,,0.007,,
7002,,4129,4131,,1,1,0,7.00000,1,104.0,2000.0,,,,,,,"LINESTRING (-111.947910 33.255360, -111.947950 33.255420)",,,,,,0.007,,
7003,,4131,4133,,1,1,0,7.00000,1,104.0,2000.0,,,,,,,"LINESTRING (-111.947950 33.255420, -111.947990 33.255470)",,,,,,0.007,,
7004,,4133,4135,,1,1,0,7.00000,1,104.0,2000.0,,,,,,,"LINESTRING (-111.947990 33.255470, -111.948030 33.255520)",,,,,,0.007,,
7005,,4135,4137,,1,1,0,7.00000,1,104.0,2000.0,,,,,,,"LINESTRING (-111.948030 33.255520, -111.948070 33.255580)",,,,,,0.007,,
7006,,4137,4139,,1,1,0,7.00000,1,104.0,2000.0,,,,,,,"LINESTRING (-111.948070 33.255580, -111.948110 33.255630)",,,,,,0.007,,
7007,,4139,4141,,1,1,0,7.00000,1,104.0,2000.0,,,,,,,"LINESTRING (-111.948110 33.255630, -111.948150 33.255680)",,,,,,0.007,,
7008,,4141,4143,,1,1,0,7.00000,1,104.0,2000.0,,,,,,,"LINESTRING (-111.948150 33.255680, -111.948190 33.255730)",,,,,,0.007,,
7009,,4143,4145,,1,1,0,7.00000,1,104.0,2000.0,,,,,,,"LINESTRING (-111.948190 33.255730, -111.948240 33.255790)",,,,,,0.007,,
7010,,4145,4147,,1,1,0,7.00000,1,104.0,2000.0,,,,,,,"LINESTRING (-111.948240 33.255790, -111.948280 33.255840)",,,,,,0.007,,
7011,,4147,4149,,1,1,0,7.00000,1,104.0,2000.0,,,,,,,"LINESTRING (-111.948280 33.255840, -111.948320 33.255890)",,,,,,0.007,,
7012,,4149,4151,,1,1,0,7.00000,1,104.0,2000.0,,,,,,,"LINESTRING (-111.948320 33.255890, -111.948360 33.255950)",,,,,,0.007,,
7013,,4151,4153,,1,1,0,7.00000,1,104.0,2000.0,,,,,,,"LINESTRING (-111.948360 33.255950, -111.948400 33.256000)",,,,,,0.007,,
7014,,4153,4155,,1,1,0,7.00000,1,104.0,2000.0,,,,,,,"LINESTRING (-111.948400 33.256000, -111.948440 33.256050)",,,,,,0.007,,
7015,,4155,4157,,1,1,0,7.00000,1,104.0,2000.0,,,,,,,"LINESTRING (-111.948440 33.256050, -111.948480 33.256110)",,,,,,0.007,,
7016,,4157,4159,,1,1,0,7.00000,1,104.0,2000.0,,,,,,,"LINESTRING (-111.948480 33.256110, -111.948520 33.256160)",,,,,,0.007,,
7187,,4123,4126,,1,1,0,7.83000,1,104.0,2000.0,,,,,,,"LINESTRING (-111.947780 33.255200, -111.947790 33.255270)",,,,,,0.00783,,
7188,,4125,4128,,1,1,0,7.83000,1,104.0,2000.0,,,,,,,"LINESTRING (-111.947830 33.255260, -111.947840 33.255330)",,,,,,0.00783,,
7189,,4127,4130,,1,1,0,7.83000,1,104.0,2000.0,,,,,,,"LINESTRING (-111.947870 33.255310, -111.947880 33.255380)",,,,,,0.00783,,
7190,,4129,4132,,1,1,0,7.83000,1,104.0,2000.0,,,,,,,"LINESTRING (-111.947910 33.255360, -111.947920 33.255430)",,,,,,0.00783,,
7191,,4131,4134,,1,1,0,7.83000,1,104.0,2000.0,,,,,,,"LINESTRING (-111.947950 33.255420, -111.947960 33.255490)",,,,,,0.00783,,
7192,,4133,4136,,1,1,0,7.83000,1,104.0,2000.0,,,,,,,"LINESTRING (-111.947990 33.255470, -111.948000 33.255540)",,,,,,0.00783,,
7193,,4135,4138,,1,1,0,7.83000,1,104.0,2000.0,,,,,,,"LINESTRING (-111.948030 33.255520, -111.948040 33.255590)",,,,,,0.00783,,
7194,,4137,4140,,1,1,0,7.83000,1,104.0,2000.0,,,,,,,"LINESTRING (-111.948070 33.255580, -111.948080 33.255650)",,,,,,0.00783,,
7195,,4139,4142,,1,1,0,7.83000,1,104.0,2000.0,,,,,,,"LINESTRING (-111.948110 33.255630, -111.948120 33.255700)",,,,,,0.00783,,
7196,,4141,4144,,1,1,0,7.83000,1,104.0,2000.0,,,,,,,"LINESTRING (-111.948150 33.255680, -111.948160 33.255750)",,,,,,0.00783,,
7197,,4143,4146,,1,1,0,7.83000,1,104.0,2000.0,,,,,,,"LINESTRING (-111.948190 33.255730, -111.948200 33.255800)",,,,,,0.00783,,
7198,,4145,4148,,1,1,0,7.83000,1,104.0,2000.0,,,,,,,"LINESTRING (-111.948240 33.255790, -111.948240 33.255860)",,,,,,0.00783,,
7199,,4147,4150,,1,1,0,7.83000,1,104.0,2000.0,,,,,,,"LINESTRING (-111.948280 33.255840, -111.948290 33.255910)",,,,,,0.00783,,
7200,,4149,4152,,1,1,0,7.83000,1,104.0,2000.0,,,,,,,"LINESTRING (-111.948320 33.255890, -111.948330 33.255960)",,,,,,0.00783,,
7201,,4151,4154,,1,1,0,7.83000,1,104.0,2000.0,,,,,,,"LINESTRING (-111.948360 33.255950, -111.948370 33.256020)",,,,,,0.00783,,
7202,,4153,4156,,1,1,0,7.83000,1,104.0,2000.0,,,,,,,"LINESTRING (-111.948400 33.256000, -111.948410 33.256070)",,,,,,0.00783,,
7203,,4155,4158,,1,1,0,7.83000,1,104.0,2000.0,,,,,,,"LINESTRING (-111.948440 33.256050, -111.948450 33.256120)",,,,,,0.00783,,
7204,,4157,4160,,1,1,0,7.83000,1,104.0,2000.0,,,,,,,"LINESTRING (-111.948480 33.256110, -111.948490 33.256180)",,,,,,0.00783,,
7375,,4124,4126,,1,1,0,7.00000,1,104.0,2000.0,,,,,,,"LINESTRING (-111.947750 33.255220, -111.947790 33.255270)",,,,,,0.007,,
7376,,4126,4128,,1,1,0,7.00000,1,104.0,2000.0,,,,,,,"LINESTRING (-111.947790 33.255270, -111.947840 33.255330)",,,,,,0.007,,
7377,,4128,4130,,1,1,0,7.00000,1,104.0,2000.0,,,,,,,"LINESTRING (-111.947840 33.255330, -111.947880 33.255380)",,,,,,0.007,,
7378,,4130,4132,,1,1,0,7.00000,1,104.0,2000.0,,,,,,,"LINESTRING (-111.947880 33.255380, -111.947920 33.255430)",,,,,,0.007,,
7379,,4132,4134,,1,1,0,7.00000,1,104.0,2000.0,,,,,,,"LINESTRING (-111.947920 33.255430, -111.947960 33.255490)",,,,,,0.007,,
7380,,4134,4136,,1,1,0,7.00000,1,104.0,2000.0,,,,,,,"LINESTRING (-111.947960 33.255490, -111.948000 33.255540)",,,,,,0.007,,
7381,,4136,4138,,1,1,0,7.00000,1,104.0,2000.0,,,,,,,"LINESTRING (-111.948000 33.255540, -111.948040 33.255590)",,,,,,0.007,,
7382,,4138,4140,,1,1,0,7.00000,1,104.0,2000.0,,,,,,,"LINESTRING (-111.948040 33.255590, -111.948080 33.255650)",,,,,,0.007,,
7383,,4140,4142,,1,1,0,7.00000,1,104.0,2000.0,,,,,,,"LINESTRING (-111.948080 33.255650, -111.948120 33.255700)",,,,,,0.007,,
7384,,4142,4144,,1,1,0,7.00000,1,104.0,2000.0,,,,,,,"LINESTRING (-111.948120 33.255700, -111.948160 33.255750)",,,,,,0.007,,
7385,,4144,4146,,1,1,0,7.00000,1,104.0,2000.0,,,,,,,"LINESTRING (-111.948160 33.255750, -111.948200 33.255800)",,,,,,0.007,,
7386,,4146,4148,,1,1,0,7.00000,1,104.0,2000.0,,,,,,,"LINESTRING (-111.948200 33.255800, -111.948240 33.255860)",,,,,,0.007,,
7387,,4148,4150,,1,1,0,7.00000,1,104.0,2000.0,,,,,,,"LINESTRING (-111.948240 33.255860, -111.948290 33.255910)",,,,,,0.007,,
7388,,4150,4152,,1,1,0,7.00000,1,104.0,2000.0,,,,,,,"LINESTRING (-111.948290 33.255910, -111.948330 33.255960)",,,,,,0.007,,
7389,,4152,4154,,1,1,0,7.00000,1,104.0,2000.0,,,,,,,"LINESTRING (-111.948330 33.255960, -111.948370 33.256020)",,,,,,0.007,,
7390,,4154,4156,,1,1,0,7.00000,1,104.0,2000.0,,,,,,,"LINESTRING (-111.948370 33.256020, -111.948410 33.256070)",,,,,,0.007,,
7391,,4156,4158,,1,1,0,7.00000,1,104.0,2000.0,,,,,,,"LINESTRING (-111.948410 33.256070, -111.948450 33.256120)",,,,,,0.007,,
7562,,4122,4123,,1,1,0,7.83000,1,104.0,2000.0,,,,,,,"LINESTRING (-111.947710 33.255170, -111.947780 33.255200)",,,,,,0.00783,,
7563,,4124,4125,,1,1,0,7.83000,1,104.0,2000.0,,,,,,,"LINESTRING (-111.947750 33.255220, -111.947830 33.255260)",,,,,,0.00783,,
7564,,4126,4127,,1,1,0,7.83000,1,104.0,2000.0,,,,,,,"LINESTRING (-111.947790 33.255270, -111.947870 33.255310)",,,,,,0.00783,,
7565,,4128,4129,,1,1,0,7.83000,1,104.0,2000.0,,,,,,,"LINESTRING (-111.947840 33.255330, -111.947910 33.255360)",,,,,,0.00783,,
7566,,4130,4131,,1,1,0,7.83000,1,104.0,2000.0,,,,,,,"LINESTRING (-111.947880 33.255380, -111.947950 33.255420)",,,,,,0.00783,,
7567,,4132,4133,,1,1,0,7.83000,1,104.0,2000.0,,,,,,,"LINESTRING (-111.947920 33.255430, -111.947990 33.255470)",,,,,,0.00783,,
7568,,4134,4135,,1,1,0,7.83000,1,104.0,2000.0,,,,,,,"LINESTRING (-111.947960 33.255490, -111.948030 33.255520)",,,,,,0.00783,,
7569,,4136,4137,,1,1,0,7.83000,1,104.0,2000.0,,,,,,,"LINESTRING (-111.948000 33.255540, -111.948070 33.255580)",,,,,,0.00783,,
7570,,4138,4139,,1,1,0,7.83000,1,104.0,2000.0,,,,,,,"LINESTRING (-111.948040 33.255590, -111.948110 33.255630)",,,,,,0.00783,,
7571,,4140,4141,,1,1,0,7.83000,1,104.0,2000.0,,,,,,,"LINESTRING (-111.948080 33.255650, -111.948150 33.255680)",,,,,,0.00783,,
7572,,4142,4143,,1,1,0,7.83000,1,104.0,2000.0,,,,,,,"LINESTRING (-111.948120 33.255700, -111.948190 33.255730)",,,,,,0.00783,,
7573,,4144,4145,,1,1,0,7.83000,1,104.0,2000.0,,,,,,,"LINESTRING (-111.948160 33.255750, -111.948240 33.255790)",,,,,,0.00783,,
7574,,4146,4147,,1,1,0,7.83000,1,104.0,2000.0,,,,,,,"LINESTRING (-111.948200 33.255800, -111.948280 33.255840)",,,,,,0.00783,,
7575,,4148,4149,,1,1,0,7.83000,1,104.0,2000.0,,,,,,,"LINESTRING (-111.948240 33.255860, -111.948320 33.255890)",,,,,,0.00783,,
7576,,4150,4151,,1,1,0,7.83000,1,104.0,2000.0,,,,,,,"LINESTRING (-111.948290 33.255910, -111.948360 33.255950)",,,,,,0.00783,,
7577,,4152,4153,,1,1,0,7.83000,1,104.0,2000.0,,,,,,,"LINESTRING (-111.948330 33.255960, -111.948400 33.256000)",,,,,,0.00783,,
7578,,4154,4155,,1,1,0,7.83000,1,104.0,2000.0,,,,,,,"LINESTRING (-111.948370 33.256020, -111.948440 33.256050)",,,,,,0.00783,,
7579,,4156,4157,,1,1,0,7.83000,1,104.0,2000.0,,,,,,,"LINESTRING (-111.948410 33.256070, -111.948480 33.256110)",,,,,,0.00783,,
7728,,2566,4408,,1,1,0,7.00000,1,72.0,2000.0,,,,,,,"LINESTRING (-111.949420 33.254780, -111.949350 33.254790)",,,,,,0.007,,
7729,,4408,3142,,1,1,0,9.76000,1,72.0,2000.0,,,,,,,"LINESTRING (-111.949350 33.254790, -111.949240 33.254800)",,,,,,0.00976,,
,,2563,2596,,1,1,0,15.61000,1,65.0,1900.0,,,,,,,"LINESTRING (-111.949490 33.254860, -111.949290 33.255140)",,,,,,0.01561,,
,,2564,2595,,1,1,0,15.61000,1,65.0,1900.0,,,,,,,"LINESTRING (-111.949460 33.254830, -111.949260 33.255110)",,,,,,0.01561,,
,,2565,2594,,1,1,0,15.61000,1,65.0,1900.0,,,,,,,"LINESTRING (-111.949440 33.254800, -111.949240 33.255080)",,,,,,0.01561,,
,,3025,4417,,1,1,0,17.98000,1,65.0,1900.0,,,,,,,"LINESTRING (-111.949200 33.255020, -111.949460 33.255020)",,,,,,0.01798,,
,,3026,4414,,1,1,0,17.99000,1,65.0,1900.0,,,,,,,"LINESTRING (-111.949180 33.254990, -111.949440 33.255000)",,,,,,0.01799,,
,,3028,3143,,1,1,0,4.63000,1,65.0,1900.0,,,,,,,"LINESTRING (-111.949140 33.254940, -111.949170 33.254780)",,,,,,0.00463,,
,,3027,4426,,1,1,0,18.19000,1,65.0,1900.0,,,,,,,"LINESTRING (-111.949160 33.254960, -111.949423 33.254974)",,,,,,0.01819,,
,,2378,2596,,1,1,0,9.03000,1,45.0,2000.0,,,,,,,"LINESTRING (-111.949420 33.255170, -111.949290 33.255140)",,,,,,0.00903,,
,,2379,4428,,1,1,0,13.17000,1,45.0,2000.0,,,,,,,"LINESTRING (-111.949450 33.255160, -111.949261 33.255097)",,,,,,0.01317,,
