link_id,from_node_id,to_node_id,time_period,duration_in_sec,state,state_name
4092,2375,2378,0600:00.000_0600:50.000,50,0,r
4092,2375,2378,0600:50.000_0601:11.000,21,1,g
4092,2375,2378,0601:11.000_0602:30.000,79,0,r
4092,2375,2378,0602:30.000_0602:51.000,21,1,g
4092,2375,2378,0602:51.000_0604:10.000,79,0,r
4092,2375,2378,0604:10.000_0604:31.000,21,1,g
4092,2375,2378,0604:31.000_0605:50.000,79,0,r
4092,2375,2378,0605:50.000_0606:11.000,21,1,g
4092,2375,2378,0606:11.000_0607:30.000,79,0,r
4092,2375,2378,0607:30.000_0607:51.000,21,1,g
4092,2375,2378,0607:51.000_0609:10.000,79,0,r
4092,2375,2378,0609:10.000_0609:31.000,21,1,g
4092,2375,2378,0609:31.000_0610:50.000,79,0,r
4092,2375,2378,0610:50.000_0611:11.000,21,1,g
4092,2375,2378,0611:11.000_0612:30.000,79,0,r
4092,2375,2378,0612:30.000_0612:51.000,21,1,g
4092,2375,2378,0612:51.000_0614:10.000,79,0,r
4092,2375,2378,0614:10.000_0614:31.000,21,1,g
4092,2375,2378,0614:31.000_0615:50.000,79,0,r
4092,2375,2378,0615:50.000_0616:11.000,21,1,g
4092,2375,2378,0616:11.000_0617:30.000,79,0,r
4092,2375,2378,0617:30.000_0617:51.000,21,1,g
4092,2375,2378,0617:51.000_0619:10.000,79,0,r
4092,2375,2378,0619:10.000_0619:31.000,21,1,g
4092,2375,2378,0619:31.000_0620:50.000,79,0,r
4092,2375,2378,0620:50.000_0621:11.000,21,1,g
4092,2375,2378,0621:11.000_0622:30.000,79,0,r
4092,2375,2378,0622:30.000_0622:51.000,21,1,g
4092,2375,2378,0622:51.000_0624:10.000,79,0,r
4092,2375,2378,0624:10.000_0624:31.000,21,1,g
4092,2375,2378,0624:31.000_0625:50.000,79,0,r
4092,2375,2378,0625:50.000_0626:11.000,21,1,g
4092,2375,2378,0626:11.000_0627:30.000,79,0,r
4092,2375,2378,0627:30.000_0627:51.000,21,1,g
4092,2375,2378,0627:51.000_0629:10.000,79,0,r
4092,2375,2378,0629:10.000_0629:31.000,21,1,g
4092,2375,2378,0629:31.000_0630:50.000,79,0,r
4092,2375,2378,0630:50.000_0631:11.000,21,1,g
4092,2375,2378,0631:11.000_0632:30.000,79,0,r
4092,2375,2378,0632:30.000_0632:51.000,21,1,g
4092,2375,2378,0632:51.000_0634:10.000,79,0,r
4092,2375,2378,0634:10.000_0634:31.000,21,1,g
4092,2375,2378,0634:31.000_0635:50.000,79,0,r
4092,2375,2378,0635:50.000_0636:11.000,21,1,g
4092,2375,2378,0636:11.000_0637:30.000,79,0,r
4092,2375,2378,0637:30.000_0637:51.000,21,1,g
4092,2375,2378,0637:51.000_0639:10.000,79,0,r
4092,2375,2378,0639:10.000_0639:31.000,21,1,g
4092,2375,2378,0639:31.000_0640:50.000,79,0,r
4092,2375,2378,0640:50.000_0641:11.000,21,1,g
4092,2375,2378,0641:11.000_0642:30.000,79,0,r
4092,2375,2378,0642:30.000_0642:51.000,21,1,g
4092,2375,2378,0642:51.000_0644:10.000,79,0,r
4092,2375,2378,0644:10.000_0644:31.000,21,1,g
4092,2375,2378,0644:31.000_0645:50.000,79,0,r
4092,2375,2378,0645:50.000_0646:11.000,21,1,g
4092,2375,2378,0646:11.000_0647:30.000,79,0,r
4092,2375,2378,0647:30.000_0647:51.000,21,1,g
4092,2375,2378,0647:51.000_0649:10.000,79,0,r
4092,2375,2378,0649:10.000_0649:31.000,21,1,g
4092,2375,2378,0649:31.000_0650:50.000,79,0,r
4092,2375,2378,0650:50.000_0651:11.000,21,1,g
4092,2375,2378,0651:11.000_0652:30.000,79,0,r
4092,2375,2378,0652:30.000_0652:51.000,21,1,g
4092,2375,2378,0652:51.000_0654:10.000,79,0,r
4092,2375,2378,0654:10.000_0654:31.000,21,1,g
4092,2375,2378,0654:31.000_0655:50.000,79,0,r
4092,2375,2378,0655:50.000_0656:11.000,21,1,g
4092,2375,2378,0656:11.000_0657:30.000,79,0,r
4092,2375,2378,0657:30.000_0657:51.000,21,1,g
4092,2375,2378,0657:51.000_0659:10.000,79,0,r
4092,2375,2378,0659:10.000_0659:31.000,21,1,g
4092,2375,2378,0659:31.000_0659:59.000,28,0,r
4106,2376,2379,0600:00.000_0600:50.000,50,0,r
4106,2376,2379,0600:50.000_0601:11.000,21,1,g
4106,2376,2379,0601:11.000_0602:30.000,79,0,r
4106,2376,2379,0602:30.000_0602:51.000,21,1,g
4106,2376,2379,0602:51.000_0604:10.000,79,0,r
4106,2376,2379,0604:10.000_0604:31.000,21,1,g
4106,2376,2379,0604:31.000_0605:50.000,79,0,r
4106,2376,2379,0605:50.000_0606:11.000,21,1,g
4106,2376,2379,0606:11.000_0607:30.000,79,0,r
4106,2376,2379,0607:30.000_0607:51.000,21,1,g
4106,2376,2379,0607:51.000_0609:10.000,79,0,r
4106,2376,2379,0609:10.000_0609:31.000,21,1,g
4106,2376,2379,0609:31.000_0610:50.000,79,0,r
4106,2376,2379,0610:50.000_0611:11.000,21,1,g
4106,2376,2379,0611:11.000_0612:30.000,79,0,r
4106,2376,2379,0612:30.000_0612:51.000,21,1,g
4106,2376,2379,0612:51.000_0614:10.000,79,0,r
4106,2376,2379,0614:10.000_0614:31.000,21,1,g
4106,2376,2379,0614:31.000_0615:50.000,79,0,r
4106,2376,2379,0615:50.000_0616:11.000,21,1,g
4106,2376,2379,0616:11.000_0617:30.000,79,0,r
4106,2376,2379,0617:30.000_0617:51.000,21,1,g
4106,2376,2379,0617:51.000_0619:10.000,79,0,r
4106,2376,2379,0619:10.000_0619:31.000,21,1,g
4106,2376,2379,0619:31.000_0620:50.000,79,0,r
4106,2376,2379,0620:50.000_0621:11.000,21,1,g
4106,2376,2379,0621:11.000_0622:30.000,79,0,r
4106,2376,2379,0622:30.000_0622:51.000,21,1,g
4106,2376,2379,0622:51.000_0624:10.000,79,0,r
4106,2376,2379,0624:10.000_0624:31.000,21,1,g
4106,2376,2379,0624:31.000_0625:50.000,79,0,r
4106,2376,2379,0625:50.000_0626:11.000,21,1,g
4106,2376,2379,0626:11.000_0627:30.000,79,0,r
4106,2376,2379,0627:30.000_0627:51.000,21,1,g
4106,2376,2379,0627:51.000_0629:10.000,79,0,r
4106,2376,2379,0629:10.000_0629:31.000,21,1,g
4106,2376,2379,0629:31.000_0630:50.000,79,0,r
4106,2376,2379,0630:50.000_0631:11.000,21,1,g
4106,2376,2379,0631:11.000_0632:30.000,79,0,r
4106,2376,2379,0632:30.000_0632:51.000,21,1,g
4106,2376,2379,0632:51.000_0634:10.000,79,0,r
4106,2376,2379,0634:10.000_0634:31.000,21,1,g
4106,2376,2379,0634:31.000_0635:50.000,79,0,r
4106,2376,2379,0635:50.000_0636:11.000,21,1,g
4106,2376,2379,0636:11.000_0637:30.000,79,0,r
4106,2376,2379,0637:30.000_0637:51.000,21,1,g
4106,2376,2379,0637:51.000_0639:10.000,79,0,r
4106,2376,2379,0639:10.000_0639:31.000,21,1,g
4106,2376,2379,0639:31.000_0640:50.000,79,0,r
4106,2376,2379,0640:50.000_0641:11.000,21,1,g
4106,2376,2379,0641:11.000_0642:30.000,79,0,r
4106,2376,2379,0642:30.000_0642:51.000,21,1,g
4106,2376,2379,0642:51.000_0644:10.000,79,0,r
4106,2376,2379,0644:10.000_0644:31.000,21,1,g
4106,2376,2379,0644:31.000_0645:50.000,79,0,r
4106,2376,2379,0645:50.000_0646:11.000,21,1,g
4106,2376,2379,0646:11.000_0647:30.000,79,0,r
4106,2376,2379,0647:30.000_0647:51.000,21,1,g
4106,2376,2379,0647:51.000_0649:10.000,79,0,r
4106,2376,2379,0649:10.000_0649:31.000,21,1,g
4106,2376,2379,0649:31.000_0650:50.000,79,0,r
4106,2376,2379,0650:50.000_0651:11.000,21,1,g
4106,2376,2379,0651:11.000_0652:30.000,79,0,r
4106,2376,2379,0652:30.000_0652:51.000,21,1,g
4106,2376,2379,0652:51.000_0654:10.000,79,0,r
4106,2376,2379,0654:10.000_0654:31.000,21,1,g
4106,2376,2379,0654:31.000_0655:50.000,79,0,r
4106,2376,2379,0655:50.000_0656:11.000,21,1,g
4106,2376,2379,0656:11.000_0657:30.000,79,0,r
4106,2376,2379,0657:30.000_0657:51.000,21,1,g
4106,2376,2379,0657:51.000_0659:10.000,79,0,r
4106,2376,2379,0659:10.000_0659:31.000,21,1,g
4106,2376,2379,0659:31.000_0659:59.000,28,0,r
4278,2523,2526,0600:00.000_0600:51.000,51,1,g
4278,2523,2526,0600:51.000_0601:40.000,49,0,r
4278,2523,2526,0601:40.000_0602:31.000,51,1,g
4278,2523,2526,0602:31.000_0603:20.000,49,0,r
4278,2523,2526,0603:20.000_0604:11.000,51,1,g
4278,2523,2526,0604:11.000_0605:00.000,49,0,r
4278,2523,2526,0605:00.000_0605:51.000,51,1,g
4278,2523,2526,0605:51.000_0606:40.000,49,0,r
4278,2523,2526,0606:40.000_0607:31.000,51,1,g
4278,2523,2526,0607:31.000_0608:20.000,49,0,r
4278,2523,2526,0608:20.000_0609:11.000,51,1,g
4278,2523,2526,0609:11.000_0610:00.000,49,0,r
4278,2523,2526,0610:00.000_0610:51.000,51,1,g
4278,2523,2526,0610:51.000_0611:40.000,49,0,r
4278,2523,2526,0611:40.000_0612:31.000,51,1,g
4278,2523,2526,0612:31.000_0613:20.000,49,0,r
4278,2523,2526,0613:20.000_0614:11.000,51,1,g
4278,2523,2526,0614:11.000_0615:00.000,49,0,r
4278,2523,2526,0615:00.000_0615:51.000,51,1,g
4278,2523,2526,0615:51.000_0616:40.000,49,0,r
4278,2523,2526,0616:40.000_0617:31.000,51,1,g
4278,2523,2526,0617:31.000_0618:20.000,49,0,r
4278,2523,2526,0618:20.000_0619:11.000,51,1,g
4278,2523,2526,0619:11.000_0620:00.000,49,0,r
4278,2523,2526,0620:00.000_0620:51.000,51,1,g
4278,2523,2526,0620:51.000_0621:40.000,49,0,r
4278,2523,2526,0621:40.000_0622:31.000,51,1,g
4278,2523,2526,0622:31.000_0623:20.000,49,0,r
4278,2523,2526,0623:20.000_0624:11.000,51,1,g
4278,2523,2526,0624:11.000_0625:00.000,49,0,r
4278,2523,2526,0625:00.000_0625:51.000,51,1,g
4278,2523,2526,0625:51.000_0626:40.000,49,0,r
4278,2523,2526,0626:40.000_0627:31.000,51,1,g
4278,2523,2526,0627:31.000_0628:20.000,49,0,r
4278,2523,2526,0628:20.000_0629:11.000,51,1,g
4278,2523,2526,0629:11.000_0630:00.000,49,0,r
4278,2523,2526,0630:00.000_0630:51.000,51,1,g
4278,2523,2526,0630:51.000_0631:40.000,49,0,r
4278,2523,2526,0631:40.000_0632:31.000,51,1,g
4278,2523,2526,0632:31.000_0633:20.000,49,0,r
4278,2523,2526,0633:20.000_0634:11.000,51,1,g
4278,2523,2526,0634:11.000_0635:00.000,49,0,r
4278,2523,2526,0635:00.000_0635:51.000,51,1,g
4278,2523,2526,0635:51.000_0636:40.000,49,0,r
4278,2523,2526,0636:40.000_0637:31.000,51,1,g
4278,2523,2526,0637:31.000_0638:20.000,49,0,r
4278,2523,2526,0638:20.000_0639:11.000,51,1,g
4278,2523,2526,0639:11.000_0640:00.000,49,0,r
4278,2523,2526,0640:00.000_0640:51.000,51,1,g
4278,2523,2526,0640:51.000_0641:40.000,49,0,r
4278,2523,2526,0641:40.000_0642:31.000,51,1,g
4278,2523,2526,0642:31.000_0643:20.000,49,0,r
4278,2523,2526,0643:20.000_0644:11.000,51,1,g
4278,2523,2526,0644:11.000_0645:00.000,49,0,r
4278,2523,2526,0645:00.000_0645:51.000,51,1,g
4278,2523,2526,0645:51.000_0646:40.000,49,0,r
4278,2523,2526,0646:40.000_0647:31.000,51,1,g
4278,2523,2526,0647:31.000_0648:20.000,49,0,r
4278,2523,2526,0648:20.000_0649:11.000,51,1,g
4278,2523,2526,0649:11.000_0650:00.000,49,0,r
4278,2523,2526,0650:00.000_0650:51.000,51,1,g
4278,2523,2526,0650:51.000_0651:40.000,49,0,r
4278,2523,2526,0651:40.000_0652:31.000,51,1,g
4278,2523,2526,0652:31.000_0653:20.000,49,0,r
4278,2523,2526,0653:20.000_0654:11.000,51,1,g
4278,2523,2526,0654:11.000_0655:00.000,49,0,r
4278,2523,2526,0655:00.000_0655:51.000,51,1,g
4278,2523,2526,0655:51.000_0656:40.000,49,0,r
4278,2523,2526,0656:40.000_0657:31.000,51,1,g
4278,2523,2526,0657:31.000_0658:20.000,49,0,r
4278,2523,2526,0658:20.000_0659:11.000,51,1,g
4278,2523,2526,0659:11.000_0659:59.000,48,0,r
4288,2524,2527,0600:00.000_0600:51.000,51,1,g
4288,2524,2527,0600:51.000_0601:40.000,49,0,r
4288,2524,2527,0601:40.000_0602:31.000,51,1,g
4288,2524,2527,0602:31.000_0603:20.000,49,0,r
4288,2524,2527,0603:20.000_0604:11.000,51,1,g
4288,2524,2527,0604:11.000_0605:00.000,49,0,r
4288,2524,2527,0605:00.000_0605:51.000,51,1,g
4288,2524,2527,0605:51.000_0606:40.000,49,0,r
4288,2524,2527,0606:40.000_0607:31.000,51,1,g
4288,2524,2527,0607:31.000_0608:20.000,49,0,r
4288,2524,2527,0608:20.000_0609:11.000,51,1,g
4288,2524,2527,0609:11.000_0610:00.000,49,0,r
4288,2524,2527,0610:00.000_0610:51.000,51,1,g
4288,2524,2527,0610:51.000_0611:40.000,49,0,r
4288,2524,2527,0611:40.000_0612:31.000,51,1,g
4288,2524,2527,0612:31.000_0613:20.000,49,0,r
4288,2524,2527,0613:20.000_0614:11.000,51,1,g
4288,2524,2527,0614:11.000_0615:00.000,49,0,r
4288,2524,2527,0615:00.000_0615:51.000,51,1,g
4288,2524,2527,0615:51.000_0616:40.000,49,0,r
4288,2524,2527,0616:40.000_0617:31.000,51,1,g
4288,2524,2527,0617:31.000_0618:20.000,49,0,r
4288,2524,2527,0618:20.000_0619:11.000,51,1,g
4288,2524,2527,0619:11.000_0620:00.000,49,0,r
4288,2524,2527,0620:00.000_0620:51.000,51,1,g
4288,2524,2527,0620:51.000_0621:40.000,49,0,r
4288,2524,2527,0621:40.000_0622:31.000,51,1,g
4288,2524,2527,0622:31.000_0623:20.000,49,0,r
4288,2524,2527,0623:20.000_0624:11.000,51,1,g
4288,2524,2527,0624:11.000_0625:00.000,49,0,r
4288,2524,2527,0625:00.000_0625:51.000,51,1,g
4288,2524,2527,0625:51.000_0626:40.000,49,0,r
4288,2524,2527,0626:40.000_0627:31.000,51,1,g
4288,2524,2527,0627:31.000_0628:20.000,49,0,r
4288,2524,2527,0628:20.000_0629:11.000,51,1,g
4288,2524,2527,0629:11.000_0630:00.000,49,0,r
4288,2524,2527,0630:00.000_0630:51.000,51,1,g
4288,2524,2527,0630:51.000_0631:40.000,49,0,r
4288,2524,2527,0631:40.000_0632:31.000,51,1,g
4288,2524,2527,0632:31.000_0633:20.000,49,0,r
4288,2524,2527,0633:20.000_0634:11.000,51,1,g
4288,2524,2527,0634:11.000_0635:00.000,49,0,r
4288,2524,2527,0635:00.000_0635:51.000,51,1,g
4288,2524,2527,0635:51.000_0636:40.000,49,0,r
4288,2524,2527,0636:40.000_0637:31.000,51,1,g
4288,2524,2527,0637:31.000_0638:20.000,49,0,r
4288,2524,2527,0638:20.000_0639:11.000,51,1,g
4288,2524,2527,0639:11.000_0640:00.000,49,0,r
4288,2524,2527,0640:00.000_0640:51.000,51,1,g
4288,2524,2527,0640:51.000_0641:40.000,49,0,r
4288,2524,2527,0641:40.000_0642:31.000,51,1,g
4288,2524,2527,0642:31.000_0643:20.000,49,0,r
4288,2524,2527,0643:20.000_0644:11.000,51,1,g
4288,2524,2527,0644:11.000_0645:00.000,49,0,r
4288,2524,2527,0645:00.000_0645:51.000,51,1,g
4288,2524,2527,0645:51.000_0646:40.000,49,0,r
4288,2524,2527,0646:40.000_0647:31.000,51,1,g
4288,2524,2527,0647:31.000_0648:20.000,49,0,r
4288,2524,2527,0648:20.000_0649:11.000,51,1,g
4288,2524,2527,0649:11.000_0650:00.000,49,0,r
4288,2524,2527,0650:00.000_0650:51.000,51,1,g
4288,2524,2527,0650:51.000_0651:40.000,49,0,r
4288,2524,2527,0651:40.000_0652:31.000,51,1,g
4288,2524,2527,0652:31.000_0653:20.000,49,0,r
4288,2524,2527,0653:20.000_0654:11.000,51,1,g
4288,2524,2527,0654:11.000_0655:00.000,49,0,r
4288,2524,2527,0655:00.000_0655:51.000,51,1,g
4288,2524,2527,0655:51.000_0656:40.000,49,0,r
4288,2524,2527,0656:40.000_0657:31.000,51,1,g
4288,2524,2527,0657:31.000_0658:20.000,49,0,r
4288,2524,2527,0658:20.000_0659:11.000,51,1,g
4288,2524,2527,0659:11.000_0659:59.000,48,0,r
4337,2559,2563,0600:00.000_0600:50.000,50,0,r
4337,2559,2563,0600:50.000_0601:41.000,51,1,g
4337,2559,2563,0601:41.000_0602:30.000,49,0,r
4337,2559,2563,0602:30.000_0603:21.000,51,1,g
4337,2559,2563,0603:21.000_0604:10.000,49,0,r
4337,2559,2563,0604:10.000_0605:01.000,51,1,g
4337,2559,2563,0605:01.000_0605:50.000,49,0,r
4337,2559,2563,0605:50.000_0606:41.000,51,1,g
4337,2559,2563,0606:41.000_0607:30.000,49,0,r
4337,2559,2563,0607:30.000_0608:21.000,51,1,g
4337,2559,2563,0608:21.000_0609:10.000,49,0,r
4337,2559,2563,0609:10.000_0610:01.000,51,1,g
4337,2559,2563,0610:01.000_0610:50.000,49,0,r
4337,2559,2563,0610:50.000_0611:41.000,51,1,g
4337,2559,2563,0611:41.000_0612:30.000,49,0,r
4337,2559,2563,0612:30.000_0613:21.000,51,1,g
4337,2559,2563,0613:21.000_0614:10.000,49,0,r
4337,2559,2563,0614:10.000_0615:01.000,51,1,g
4337,2559,2563,0615:01.000_0615:50.000,49,0,r
4337,2559,2563,0615:50.000_0616:41.000,51,1,g
4337,2559,2563,0616:41.000_0617:30.000,49,0,r
4337,2559,2563,0617:30.000_0618:21.000,51,1,g
4337,2559,2563,0618:21.000_0619:10.000,49,0,r
4337,2559,2563,0619:10.000_0620:01.000,51,1,g
4337,2559,2563,0620:01.000_0620:50.000,49,0,r
4337,2559,2563,0620:50.000_0621:41.000,51,1,g
4337,2559,2563,0621:41.000_0622:30.000,49,0,r
4337,2559,2563,0622:30.000_0623:21.000,51,1,g
4337,2559,2563,0623:21.000_0624:10.000,49,0,r
4337,2559,2563,0624:10.000_0625:01.000,51,1,g
4337,2559,2563,0625:01.000_0625:50.000,49,0,r
4337,2559,2563,0625:50.000_0626:41.000,51,1,g
4337,2559,2563,0626:41.000_0627:30.000,49,0,r
4337,2559,2563,0627:30.000_0628:21.000,51,1,g
4337,2559,2563,0628:21.000_0629:10.000,49,0,r
4337,2559,2563,0629:10.000_0630:01.000,51,1,g
4337,2559,2563,0630:01.000_0630:50.000,49,0,r
4337,2559,2563,0630:50.000_0631:41.000,51,1,g
4337,2559,2563,0631:41.000_0632:30.000,49,0,r
4337,2559,2563,0632:30.000_0633:21.000,51,1,g
4337,2559,2563,0633:21.000_0634:10.000,49,0,r
4337,2559,2563,0634:10.000_0635:01.000,51,1,g
4337,2559,2563,0635:01.000_0635:50.000,49,0,r
4337,2559,2563,0635:50.000_0636:41.000,51,1,g
4337,2559,2563,0636:41.000_0637:30.000,49,0,r
4337,2559,2563,0637:30.000_0638:21.000,51,1,g
4337,2559,2563,0638:21.000_0639:10.000,49,0,r
4337,2559,2563,0639:10.000_0640:01.000,51,1,g
4337,2559,2563,0640:01.000_0640:50.000,49,0,r
4337,2559,2563,0640:50.000_0641:41.000,51,1,g
4337,2559,2563,0641:41.000_0642:30.000,49,0,r
4337,2559,2563,0642:30.000_0643:21.000,51,1,g
4337,2559,2563,0643:21.000_0644:10.000,49,0,r
4337,2559,2563,0644:10.000_0645:01.000,51,1,g
4337,2559,2563,0645:01.000_0645:50.000,49,0,r
4337,2559,2563,0645:50.000_0646:41.000,51,1,g
4337,2559,2563,0646:41.000_0647:30.000,49,0,r
4337,2559,2563,0647:30.000_0648:21.000,51,1,g
4337,2559,2563,0648:21.000_0649:10.000,49,0,r
4337,2559,2563,0649:10.000_0650:01.000,51,1,g
4337,2559,2563,0650:01.000_0650:50.000,49,0,r
4337,2559,2563,0650:50.000_0651:41.000,51,1,g
4337,2559,2563,0651:41.000_0652:30.000,49,0,r
4337,2559,2563,0652:30.000_0653:21.000,51,1,g
4337,2559,2563,0653:21.000_0654:10.000,49,0,r
4337,2559,2563,0654:10.000_0655:01.000,51,1,g
4337,2559,2563,0655:01.000_0655:50.000,49,0,r
4337,2559,2563,0655:50.000_0656:41.000,51,1,g
4337,2559,2563,0656:41.000_0657:30.000,49,0,r
4337,2559,2563,0657:30.000_0658:21.000,51,1,g
4337,2559,2563,0658:21.000_0659:10.000,49,0,r
4337,2559,2563,0659:10.000_0659:59.000,49,1,g
4347,2560,2564,0600:00.000_0600:50.000,50,0,r
4347,2560,2564,0600:50.000_0601:41.000,51,1,g
4347,2560,2564,0601:41.000_0602:30.000,49,0,r
4347,2560,2564,0602:30.000_0603:21.000,51,1,g
4347,2560,2564,0603:21.000_0604:10.000,49,0,r
4347,2560,2564,0604:10.000_0605:01.000,51,1,g
4347,2560,2564,0605:01.000_0605:50.000,49,0,r
4347,2560,2564,0605:50.000_0606:41.000,51,1,g
4347,2560,2564,0606:41.000_0607:30.000,49,0,r
4347,2560,2564,0607:30.000_0608:21.000,51,1,g
4347,2560,2564,0608:21.000_0609:10.000,49,0,r
4347,2560,2564,0609:10.000_0610:01.000,51,1,g
4347,2560,2564,0610:01.000_0610:50.000,49,0,r
4347,2560,2564,0610:50.000_0611:41.000,51,1,g
4347,2560,2564,0611:41.000_0612:30.000,49,0,r
4347,2560,2564,0612:30.000_0613:21.000,51,1,g
4347,2560,2564,0613:21.000_0614:10.000,49,0,r
4347,2560,2564,0614:10.000_0615:01.000,51,1,g
4347,2560,2564,0615:01.000_0615:50.000,49,0,r
4347,2560,2564,0615:50.000_0616:41.000,51,1,g
4347,2560,2564,0616:41.000_0617:30.000,49,0,r
4347,2560,2564,0617:30.000_0618:21.000,51,1,g
4347,2560,2564,0618:21.000_0619:10.000,49,0,r
4347,2560,2564,0619:10.000_0620:01.000,51,1,g
4347,2560,2564,0620:01.000_0620:50.000,49,0,r
4347,2560,2564,0620:50.000_0621:41.000,51,1,g
4347,2560,2564,0621:41.000_0622:30.000,49,0,r
4347,2560,2564,0622:30.000_0623:21.000,51,1,g
4347,2560,2564,0623:21.000_0624:10.000,49,0,r
4347,2560,2564,0624:10.000_0625:01.000,51,1,g
4347,2560,2564,0625:01.000_0625:50.000,49,0,r
4347,2560,2564,0625:50.000_0626:41.000,51,1,g
4347,2560,2564,0626:41.000_0627:30.000,49,0,r
4347,2560,2564,0627:30.000_0628:21.000,51,1,g
4347,2560,2564,0628:21.000_0629:10.000,49,0,r
4347,2560,2564,0629:10.000_0630:01.000,51,1,g
4347,2560,2564,0630:01.000_0630:50.000,49,0,r
4347,2560,2564,0630:50.000_0631:41.000,51,1,g
4347,2560,2564,0631:41.000_0632:30.000,49,0,r
4347,2560,2564,0632:30.000_0633:21.000,51,1,g
4347,2560,2564,0633:21.000_0634:10.000,49,0,r
4347,2560,2564,0634:10.000_0635:01.000,51,1,g
4347,2560,2564,0635:01.000_0635:50.000,49,0,r
4347,2560,2564,0635:50.000_0636:41.000,51,1,g
4347,2560,2564,0636:41.000_0637:30.000,49,0,r
4347,2560,2564,0637:30.000_0638:21.000,51,1,g
4347,2560,2564,0638:21.000_0639:10.000,49,0,r
4347,2560,2564,0639:10.000_0640:01.000,51,1,g
4347,2560,2564,0640:01.000_0640:50.000,49,0,r
4347,2560,2564,0640:50.000_0641:41.000,51,1,g
4347,2560,2564,0641:41.000_0642:30.000,49,0,r
4347,2560,2564,0642:30.000_0643:21.000,51,1,g
4347,2560,2564,0643:21.000_0644:10.000,49,0,r
4347,2560,2564,0644:10.000_0645:01.000,51,1,g
4347,2560,2564,0645:01.000_0645:50.000,49,0,r
4347,2560,2564,0645:50.000_0646:41.000,51,1,g
4347,2560,2564,0646:41.000_0647:30.000,49,0,r
4347,2560,2564,0647:30.000_0648:21.000,51,1,g
4347,2560,2564,0648:21.000_0649:10.000,49,0,r
4347,2560,2564,0649:10.000_0650:01.000,51,1,g
4347,2560,2564,0650:01.000_0650:50.000,49,0,r
4347,2560,2564,0650:50.000_0651:41.000,51,1,g
4347,2560,2564,0651:41.000_0652:30.000,49,0,r
4347,2560,2564,0652:30.000_0653:21.000,51,1,g
4347,2560,2564,0653:21.000_0654:10.000,49,0,r
4347,2560,2564,0654:10.000_0655:01.000,51,1,g
4347,2560,2564,0655:01.000_0655:50.000,49,0,r
4347,2560,2564,0655:50.000_0656:41.000,51,1,g
4347,2560,2564,0656:41.000_0657:30.000,49,0,r
4347,2560,2564,0657:30.000_0658:21.000,51,1,g
4347,2560,2564,0658:21.000_0659:10.000,49,0,r
4347,2560,2564,0659:10.000_0659:59.000,49,1,g
4362,2561,2565,0600:00.000_0600:50.000,50,0,r
4362,2561,2565,0600:50.000_0601:41.000,51,1,g
4362,2561,2565,0601:41.000_0602:30.000,49,0,r
4362,2561,2565,0602:30.000_0603:21.000,51,1,g
4362,2561,2565,0603:21.000_0604:10.000,49,0,r
4362,2561,2565,0604:10.000_0605:01.000,51,1,g
4362,2561,2565,0605:01.000_0605:50.000,49,0,r
4362,2561,2565,0605:50.000_0606:41.000,51,1,g
4362,2561,2565,0606:41.000_0607:30.000,49,0,r
4362,2561,2565,0607:30.000_0608:21.000,51,1,g
4362,2561,2565,0608:21.000_0609:10.000,49,0,r
4362,2561,2565,0609:10.000_0610:01.000,51,1,g
4362,2561,2565,0610:01.000_0610:50.000,49,0,r
4362,2561,2565,0610:50.000_0611:41.000,51,1,g
4362,2561,2565,0611:41.000_0612:30.000,49,0,r
4362,2561,2565,0612:30.000_0613:21.000,51,1,g
4362,2561,2565,0613:21.000_0614:10.000,49,0,r
4362,2561,2565,0614:10.000_0615:01.000,51,1,g
4362,2561,2565,0615:01.000_0615:50.000,49,0,r
4362,2561,2565,0615:50.000_0616:41.000,51,1,g
4362,2561,2565,0616:41.000_0617:30.000,49,0,r
4362,2561,2565,0617:30.000_0618:21.000,51,1,g
4362,2561,2565,0618:21.000_0619:10.000,49,0,r
4362,2561,2565,0619:10.000_0620:01.000,51,1,g
4362,2561,2565,0620:01.000_0620:50.000,49,0,r
4362,2561,2565,0620:50.000_0621:41.000,51,1,g
4362,2561,2565,0621:41.000_0622:30.000,49,0,r
4362,2561,2565,0622:30.000_0623:21.000,51,1,g
4362,2561,2565,0623:21.000_0624:10.000,49,0,r
4362,2561,2565,0624:10.000_0625:01.000,51,1,g
4362,2561,2565,0625:01.000_0625:50.000,49,0,r
4362,2561,2565,0625:50.000_0626:41.000,51,1,g
4362,2561,2565,0626:41.000_0627:30.000,49,0,r
4362,2561,2565,0627:30.000_0628:21.000,51,1,g
4362,2561,2565,0628:21.000_0629:10.000,49,0,r
4362,2561,2565,0629:10.000_0630:01.000,51,1,g
4362,2561,2565,0630:01.000_0630:50.000,49,0,r
4362,2561,2565,0630:50.000_0631:41.000,51,1,g
4362,2561,2565,0631:41.000_0632:30.000,49,0,r
4362,2561,2565,0632:30.000_0633:21.000,51,1,g
4362,2561,2565,0633:21.000_0634:10.000,49,0,r
4362,2561,2565,0634:10.000_0635:01.000,51,1,g
4362,2561,2565,0635:01.000_0635:50.000,49,0,r
4362,2561,2565,0635:50.000_0636:41.000,51,1,g
4362,2561,2565,0636:41.000_0637:30.000,49,0,r
4362,2561,2565,0637:30.000_0638:21.000,51,1,g
4362,2561,2565,0638:21.000_0639:10.000,49,0,r
4362,2561,2565,0639:10.000_0640:01.000,51,1,g
4362,2561,2565,0640:01.000_0640:50.000,49,0,r
4362,2561,2565,0640:50.000_0641:41.000,51,1,g
4362,2561,2565,0641:41.000_0642:30.000,49,0,r
4362,2561,2565,0642:30.000_0643:21.000,51,1,g
4362,2561,2565,0643:21.000_0644:10.000,49,0,r
4362,2561,2565,0644:10.000_0645:01.000,51,1,g
4362,2561,2565,0645:01.000_0645:50.000,49,0,r
4362,2561,2565,0645:50.000_0646:41.000,51,1,g
4362,2561,2565,0646:41.000_0647:30.000,49,0,r
4362,2561,2565,0647:30.000_0648:21.000,51,1,g
4362,2561,2565,0648:21.000_0649:10.000,49,0,r
4362,2561,2565,0649:10.000_0650:01.000,51,1,g
4362,2561,2565,0650:01.000_0650:50.000,49,0,r
4362,2561,2565,0650:50.000_0651:41.000,51,1,g
4362,2561,2565,0651:41.000_0652:30.000,49,0,r
4362,2561,2565,0652:30.000_0653:21.000,51,1,g
4362,2561,2565,0653:21.000_0654:10.000,49,0,r
4362,2561,2565,0654:10.000_0655:01.000,51,1,g
4362,2561,2565,0655:01.000_0655:50.000,49,0,r
4362,2561,2565,0655:50.000_0656:41.000,51,1,g
4362,2561,2565,0656:41.000_0657:30.000,49,0,r
4362,2561,2565,0657:30.000_0658:21.000,51,1,g
4362,2561,2565,0658:21.000_0659:10.000,49,0,r
4362,2561,2565,0659:10.000_0659:59.000,49,1,g
5281,3008,3005,0600:00.000_0600:50.000,50,0,r
5281,3008,3005,0600:50.000_0601:41.000,51,1,g
5281,3008,3005,0601:41.000_0602:30.000,49,0,r
5281,3008,3005,0602:30.000_0603:21.000,51,1,g
5281,3008,3005,0603:21.000_0604:10.000,49,0,r
5281,3008,3005,0604:10.000_0605:01.000,51,1,g
5281,3008,3005,0605:01.000_0605:50.000,49,0,r
5281,3008,3005,0605:50.000_0606:41.000,51,1,g
5281,3008,3005,0606:41.000_0607:30.000,49,0,r
5281,3008,3005,0607:30.000_0608:21.000,51,1,g
5281,3008,3005,0608:21.000_0609:10.000,49,0,r
5281,3008,3005,0609:10.000_0610:01.000,51,1,g
5281,3008,3005,0610:01.000_0610:50.000,49,0,r
5281,3008,3005,0610:50.000_0611:41.000,51,1,g
5281,3008,3005,0611:41.000_0612:30.000,49,0,r
5281,3008,3005,0612:30.000_0613:21.000,51,1,g
5281,3008,3005,0613:21.000_0614:10.000,49,0,r
5281,3008,3005,0614:10.000_0615:01.000,51,1,g
5281,3008,3005,0615:01.000_0615:50.000,49,0,r
5281,3008,3005,0615:50.000_0616:41.000,51,1,g
5281,3008,3005,0616:41.000_0617:30.000,49,0,r
5281,3008,3005,0617:30.000_0618:21.000,51,1,g
5281,3008,3005,0618:21.000_0619:10.000,49,0,r
5281,3008,3005,0619:10.000_0620:01.000,51,1,g
5281,3008,3005,0620:01.000_0620:50.000,49,0,r
5281,3008,3005,0620:50.000_0621:41.000,51,1,g
5281,3008,3005,0621:41.000_0622:30.000,49,0,r
5281,3008,3005,0622:30.000_0623:21.000,51,1,g
5281,3008,3005,0623:21.000_0624:10.000,49,0,r
5281,3008,3005,0624:10.000_0625:01.000,51,1,g
5281,3008,3005,0625:01.000_0625:50.000,49,0,r
5281,3008,3005,0625:50.000_0626:41.000,51,1,g
5281,3008,3005,0626:41.000_0627:30.000,49,0,r
5281,3008,3005,0627:30.000_0628:21.000,51,1,g
5281,3008,3005,0628:21.000_0629:10.000,49,0,r
5281,3008,3005,0629:10.000_0630:01.000,51,1,g
5281,3008,3005,0630:01.000_0630:50.000,49,0,r
5281,3008,3005,0630:50.000_0631:41.000,51,1,g
5281,3008,3005,0631:41.000_0632:30.000,49,0,r
5281,3008,3005,0632:30.000_0633:21.000,51,1,g
5281,3008,3005,0633:21.000_0634:10.000,49,0,r
5281,3008,3005,0634:10.000_0635:01.000,51,1,g
5281,3008,3005,0635:01.000_0635:50.000,49,0,r
5281,3008,3005,0635:50.000_0636:41.000,51,1,g
5281,3008,3005,0636:41.000_0637:30.000,49,0,r
5281,3008,3005,0637:30.000_0638:21.000,51,1,g
5281,3008,3005,0638:21.000_0639:10.000,49,0,r
5281,3008,3005,0639:10.000_0640:01.000,51,1,g
5281,3008,3005,0640:01.000_0640:50.000,49,0,r
5281,3008,3005,0640:50.000_0641:41.000,51,1,g
5281,3008,3005,0641:41.000_0642:30.000,49,0,r
5281,3008,3005,0642:30.000_0643:21.000,51,1,g
5281,3008,3005,0643:21.000_0644:10.000,49,0,r
5281,3008,3005,0644:10.000_0645:01.000,51,1,g
5281,3008,3005,0645:01.000_0645:50.000,49,0,r
5281,3008,3005,0645:50.000_0646:41.000,51,1,g
5281,3008,3005,0646:41.000_0647:30.000,49,0,r
5281,3008,3005,0647:30.000_0648:21.000,51,1,g
5281,3008,3005,0648:21.000_0649:10.000,49,0,r
5281,3008,3005,0649:10.000_0650:01.000,51,1,g
5281,3008,3005,0650:01.000_0650:50.000,49,0,r
5281,3008,3005,0650:50.000_0651:41.000,51,1,g
5281,3008,3005,0651:41.000_0652:30.000,49,0,r
5281,3008,3005,0652:30.000_0653:21.000,51,1,g
5281,3008,3005,0653:21.000_0654:10.000,49,0,r
5281,3008,3005,0654:10.000_0655:01.000,51,1,g
5281,3008,3005,0655:01.000_0655:50.000,49,0,r
5281,3008,3005,0655:50.000_0656:41.000,51,1,g
5281,3008,3005,0656:41.000_0657:30.000,49,0,r
5281,3008,3005,0657:30.000_0658:21.000,51,1,g
5281,3008,3005,0658:21.000_0659:10.000,49,0,r
5281,3008,3005,0659:10.000_0659:59.000,49,1,g
5283,3009,3006,0600:00.000_0600:50.000,50,0,r
5283,3009,3006,0600:50.000_0601:41.000,51,1,g
5283,3009,3006,0601:41.000_0602:30.000,49,0,r
5283,3009,3006,0602:30.000_0603:21.000,51,1,g
5283,3009,3006,0603:21.000_0604:10.000,49,0,r
5283,3009,3006,0604:10.000_0605:01.000,51,1,g
5283,3009,3006,0605:01.000_0605:50.000,49,0,r
5283,3009,3006,0605:50.000_0606:41.000,51,1,g
5283,3009,3006,0606:41.000_0607:30.000,49,0,r
5283,3009,3006,0607:30.000_0608:21.000,51,1,g
5283,3009,3006,0608:21.000_0609:10.000,49,0,r
5283,3009,3006,0609:10.000_0610:01.000,51,1,g
5283,3009,3006,0610:01.000_0610:50.000,49,0,r
5283,3009,3006,0610:50.000_0611:41.000,51,1,g
5283,3009,3006,0611:41.000_0612:30.000,49,0,r
5283,3009,3006,0612:30.000_0613:21.000,51,1,g
5283,3009,3006,0613:21.000_0614:10.000,49,0,r
5283,3009,3006,0614:10.000_0615:01.000,51,1,g
5283,3009,3006,0615:01.000_0615:50.000,49,0,r
5283,3009,3006,0615:50.000_0616:41.000,51,1,g
5283,3009,3006,0616:41.000_0617:30.000,49,0,r
5283,3009,3006,0617:30.000_0618:21.000,51,1,g
5283,3009,3006,0618:21.000_0619:10.000,49,0,r
5283,3009,3006,0619:10.000_0620:01.000,51,1,g
5283,3009,3006,0620:01.000_0620:50.000,49,0,r
5283,3009,3006,0620:50.000_0621:41.000,51,1,g
5283,3009,3006,0621:41.000_0622:30.000,49,0,r
5283,3009,3006,0622:30.000_0623:21.000,51,1,g
5283,3009,3006,0623:21.000_0624:10.000,49,0,r
5283,3009,3006,0624:10.000_0625:01.000,51,1,g
5283,3009,3006,0625:01.000_0625:50.000,49,0,r
5283,3009,3006,0625:50.000_0626:41.000,51,1,g
5283,3009,3006,0626:41.000_0627:30.000,49,0,r
5283,3009,3006,0627:30.000_0628:21.000,51,1,g
5283,3009,3006,0628:21.000_0629:10.000,49,0,r
5283,3009,3006,0629:10.000_0630:01.000,51,1,g
5283,3009,3006,0630:01.000_0630:50.000,49,0,r
5283,3009,3006,0630:50.000_0631:41.000,51,1,g
5283,3009,3006,0631:41.000_0632:30.000,49,0,r
5283,3009,3006,0632:30.000_0633:21.000,51,1,g
5283,3009,3006,0633:21.000_0634:10.000,49,0,r
5283,3009,3006,0634:10.000_0635:01.000,51,1,g
5283,3009,3006,0635:01.000_0635:50.000,49,0,r
5283,3009,3006,0635:50.000_0636:41.000,51,1,g
5283,3009,3006,0636:41.000_0637:30.000,49,0,r
5283,3009,3006,0637:30.000_0638:21.000,51,1,g
5283,3009,3006,0638:21.000_0639:10.000,49,0,r
5283,3009,3006,0639:10.000_0640:01.000,51,1,g
5283,3009,3006,0640:01.000_0640:50.000,49,0,r
5283,3009,3006,0640:50.000_0641:41.000,51,1,g
5283,3009,3006,0641:41.000_0642:30.000,49,0,r
5283,3009,3006,0642:30.000_0643:21.000,51,1,g
5283,3009,3006,0643:21.000_0644:10.000,49,0,r
5283,3009,3006,0644:10.000_0645:01.000,51,1,g
5283,3009,3006,0645:01.000_0645:50.000,49,0,r
5283,3009,3006,0645:50.000_0646:41.000,51,1,g
5283,3009,3006,0646:41.000_0647:30.000,49,0,r
5283,3009,3006,0647:30.000_0648:21.000,51,1,g
5283,3009,3006,0648:21.000_0649:10.000,49,0,r
5283,3009,3006,0649:10.000_0650:01.000,51,1,g
5283,3009,3006,0650:01.000_0650:50.000,49,0,r
5283,3009,3006,0650:50.000_0651:41.000,51,1,g
5283,3009,3006,0651:41.000_0652:30.000,49,0,r
5283,3009,3006,0652:30.000_0653:21.000,51,1,g
5283,3009,3006,0653:21.000_0654:10.000,49,0,r
5283,3009,3006,0654:10.000_0655:01.000,51,1,g
5283,3009,3006,0655:01.000_0655:50.000,49,0,r
5283,3009,3006,0655:50.000_0656:41.000,51,1,g
5283,3009,3006,0656:41.000_0657:30.000,49,0,r
5283,3009,3006,0657:30.000_0658:21.000,51,1,g
5283,3009,3006,0658:21.000_0659:10.000,49,0,r
5283,3009,3006,0659:10.000_0659:59.000,49,1,g
5312,3029,3025,0600:00.000_0600:05.000,5,0,r
5312,3029,3025,0600:05.000_0600:56.000,51,1,g
5312,3029,3025,0600:56.000_0601:45.000,49,0,r
5312,3029,3025,0601:45.000_0602:36.000,51,1,g
5312,3029,3025,0602:36.000_0603:25.000,49,0,r
5312,3029,3025,0603:25.000_0604:16.000,51,1,g
5312,3029,3025,0604:16.000_0605:05.000,49,0,r
5312,3029,3025,0605:05.000_0605:56.000,51,1,g
5312,3029,3025,0605:56.000_0606:45.000,49,0,r
5312,3029,3025,0606:45.000_0607:36.000,51,1,g
5312,3029,3025,0607:36.000_0608:25.000,49,0,r
5312,3029,3025,0608:25.000_0609:16.000,51,1,g
5312,3029,3025,0609:16.000_0610:05.000,49,0,r
5312,3029,3025,0610:05.000_0610:56.000,51,1,g
5312,3029,3025,0610:56.000_0611:45.000,49,0,r
5312,3029,3025,0611:45.000_0612:36.000,51,1,g
5312,3029,3025,0612:36.000_0613:25.000,49,0,r
5312,3029,3025,0613:25.000_0614:16.000,51,1,g
5312,3029,3025,0614:16.000_0615:05.000,49,0,r
5312,3029,3025,0615:05.000_0615:56.000,51,1,g
5312,3029,3025,0615:56.000_0616:45.000,49,0,r
5312,3029,3025,0616:45.000_0617:36.000,51,1,g
5312,3029,3025,0617:36.000_0618:25.000,49,0,r
5312,3029,3025,0618:25.000_0619:16.000,51,1,g
5312,3029,3025,0619:16.000_0620:05.000,49,0,r
5312,3029,3025,0620:05.000_0620:56.000,51,1,g
5312,3029,3025,0620:56.000_0621:45.000,49,0,r
5312,3029,3025,0621:45.000_0622:36.000,51,1,g
5312,3029,3025,0622:36.000_0623:25.000,49,0,r
5312,3029,3025,0623:25.000_0624:16.000,51,1,g
5312,3029,3025,0624:16.000_0625:05.000,49,0,r
5312,3029,3025,0625:05.000_0625:56.000,51,1,g
5312,3029,3025,0625:56.000_0626:45.000,49,0,r
5312,3029,3025,0626:45.000_0627:36.000,51,1,g
5312,3029,3025,0627:36.000_0628:25.000,49,0,r
5312,3029,3025,0628:25.000_0629:16.000,51,1,g
5312,3029,3025,0629:16.000_0630:05.000,49,0,r
5312,3029,3025,0630:05.000_0630:56.000,51,1,g
5312,3029,3025,0630:56.000_0631:45.000,49,0,r
5312,3029,3025,0631:45.000_0632:36.000,51,1,g
5312,3029,3025,0632:36.000_0633:25.000,49,0,r
5312,3029,3025,0633:25.000_0634:16.000,51,1,g
5312,3029,3025,0634:16.000_0635:05.000,49,0,r
5312,3029,3025,0635:05.000_0635:56.000,51,1,g
5312,3029,3025,0635:56.000_0636:45.000,49,0,r
5312,3029,3025,0636:45.000_0637:36.000,51,1,g
5312,3029,3025,0637:36.000_0638:25.000,49,0,r
5312,3029,3025,0638:25.000_0639:16.000,51,1,g
5312,3029,3025,0639:16.000_0640:05.000,49,0,r
5312,3029,3025,0640:05.000_0640:56.000,51,1,g
5312,3029,3025,0640:56.000_0641:45.000,49,0,r
5312,3029,3025,0641:45.000_0642:36.000,51,1,g
5312,3029,3025,0642:36.000_0643:25.000,49,0,r
5312,3029,3025,0643:25.000_0644:16.000,51,1,g
5312,3029,3025,0644:16.000_0645:05.000,49,0,r
5312,3029,3025,0645:05.000_0645:56.000,51,1,g
5312,3029,3025,0645:56.000_0646:45.000,49,0,r
5312,3029,3025,0646:45.000_0647:36.000,51,1,g
5312,3029,3025,0647:36.000_0648:25.000,49,0,r
5312,3029,3025,0648:25.000_0649:16.000,51,1,g
5312,3029,3025,0649:16.000_0650:05.000,49,0,r
5312,3029,3025,0650:05.000_0650:56.000,51,1,g
5312,3029,3025,0650:56.000_0651:45.000,49,0,r
5312,3029,3025,0651:45.000_0652:36.000,51,1,g
5312,3029,3025,0652:36.000_0653:25.000,49,0,r
5312,3029,3025,0653:25.000_0654:16.000,51,1,g
5312,3029,3025,0654:16.000_0655:05.000,49,0,r
5312,3029,3025,0655:05.000_0655:56.000,51,1,g
5312,3029,3025,0655:56.000_0656:45.000,49,0,r
5312,3029,3025,0656:45.000_0657:36.000,51,1,g
5312,3029,3025,0657:36.000_0658:25.000,49,0,r
5312,3029,3025,0658:25.000_0659:16.000,51,1,g
5312,3029,3025,0659:16.000_0659:59.000,43,0,r
5330,3030,3026,0600:00.000_0600:05.000,5,0,r
5330,3030,3026,0600:05.000_0600:56.000,51,1,g
5330,3030,3026,0600:56.000_0601:45.000,49,0,r
5330,3030,3026,0601:45.000_0602:36.000,51,1,g
5330,3030,3026,0602:36.000_0603:25.000,49,0,r
5330,3030,3026,0603:25.000_0604:16.000,51,1,g
5330,3030,3026,0604:16.000_0605:05.000,49,0,r
5330,3030,3026,0605:05.000_0605:56.000,51,1,g
5330,3030,3026,0605:56.000_0606:45.000,49,0,r
5330,3030,3026,0606:45.000_0607:36.000,51,1,g
5330,3030,3026,0607:36.000_0608:25.000,49,0,r
5330,3030,3026,0608:25.000_0609:16.000,51,1,g
5330,3030,3026,0609:16.000_0610:05.000,49,0,r
5330,3030,3026,0610:05.000_0610:56.000,51,1,g
5330,3030,3026,0610:56.000_0611:45.000,49,0,r
5330,3030,3026,0611:45.000_0612:36.000,51,1,g
5330,3030,3026,0612:36.000_0613:25.000,49,0,r
5330,3030,3026,0613:25.000_0614:16.000,51,1,g
5330,3030,3026,0614:16.000_0615:05.000,49,0,r
5330,3030,3026,0615:05.000_0615:56.000,51,1,g
5330,3030,3026,0615:56.000_0616:45.000,49,0,r
5330,3030,3026,0616:45.000_0617:36.000,51,1,g
5330,3030,3026,0617:36.000_0618:25.000,49,0,r
5330,3030,3026,0618:25.000_0619:16.000,51,1,g
5330,3030,3026,0619:16.000_0620:05.000,49,0,r
5330,3030,3026,0620:05.000_0620:56.000,51,1,g
5330,3030,3026,0620:56.000_0621:45.000,49,0,r
5330,3030,3026,0621:45.000_0622:36.000,51,1,g
5330,3030,3026,0622:36.000_0623:25.000,49,0,r
5330,3030,3026,0623:25.000_0624:16.000,51,1,g
5330,3030,3026,0624:16.000_0625:05.000,49,0,r
5330,3030,3026,0625:05.000_0625:56.000,51,1,g
5330,3030,3026,0625:56.000_0626:45.000,49,0,r
5330,3030,3026,0626:45.000_0627:36.000,51,1,g
5330,3030,3026,0627:36.000_0628:25.000,49,0,r
5330,3030,3026,0628:25.000_0629:16.000,51,1,g
5330,3030,3026,0629:16.000_0630:05.000,49,0,r
5330,3030,3026,0630:05.000_0630:56.000,51,1,g
5330,3030,3026,0630:56.000_0631:45.000,49,0,r
5330,3030,3026,0631:45.000_0632:36.000,51,1,g
5330,3030,3026,0632:36.000_0633:25.000,49,0,r
5330,3030,3026,0633:25.000_0634:16.000,51,1,g
5330,3030,3026,0634:16.000_0635:05.000,49,0,r
5330,3030,3026,0635:05.000_0635:56.000,51,1,g
5330,3030,3026,0635:56.000_0636:45.000,49,0,r
5330,3030,3026,0636:45.000_0637:36.000,51,1,g
5330,3030,3026,0637:36.000_0638:25.000,49,0,r
5330,3030,3026,0638:25.000_0639:16.000,51,1,g
5330,3030,3026,0639:16.000_0640:05.000,49,0,r
5330,3030,3026,0640:05.000_0640:56.000,51,1,g
5330,3030,3026,0640:56.000_0641:45.000,49,0,r
5330,3030,3026,0641:45.000_0642:36.000,51,1,g
5330,3030,3026,0642:36.000_0643:25.000,49,0,r
5330,3030,3026,0643:25.000_0644:16.000,51,1,g
5330,3030,3026,0644:16.000_0645:05.000,49,0,r
5330,3030,3026,0645:05.000_0645:56.000,51,1,g
5330,3030,3026,0645:56.000_0646:45.000,49,0,r
5330,3030,3026,0646:45.000_0647:36.000,51,1,g
5330,3030,3026,0647:36.000_0648:25.000,49,0,r
5330,3030,3026,0648:25.000_0649:16.000,51,1,g
5330,3030,3026,0649:16.000_0650:05.000,49,0,r
5330,3030,3026,0650:05.000_0650:56.000,51,1,g
5330,3030,3026,0650:56.000_0651:45.000,49,0,r
5330,3030,3026,0651:45.000_0652:36.000,51,1,g
5330,3030,3026,0652:36.000_0653:25.000,49,0,r
5330,3030,3026,0653:25.000_0654:16.000,51,1,g
5330,3030,3026,0654:16.000_0655:05.000,49,0,r
5330,3030,3026,0655:05.000_0655:56.000,51,1,g
5330,3030,3026,0655:56.000_0656:45.000,49,0,r
5330,3030,3026,0656:45.000_0657:36.000,51,1,g
5330,3030,3026,0657:36.000_0658:25.000,49,0,r
5330,3030,3026,0658:25.000_0659:16.000,51,1,g
5330,3030,3026,0659:16.000_0659:59.000,43,0,r
5357,3031,3027,0600:00.000_0600:05.000,5,0,r
5357,3031,3027,0600:05.000_0600:56.000,51,1,g
5357,3031,3027,0600:56.000_0601:45.000,49,0,r
5357,3031,3027,0601:45.000_0602:36.000,51,1,g
5357,3031,3027,0602:36.000_0603:25.000,49,0,r
5357,3031,3027,0603:25.000_0604:16.000,51,1,g
5357,3031,3027,0604:16.000_0605:05.000,49,0,r
5357,3031,3027,0605:05.000_0605:56.000,51,1,g
5357,3031,3027,0605:56.000_0606:45.000,49,0,r
5357,3031,3027,0606:45.000_0607:36.000,51,1,g
5357,3031,3027,0607:36.000_0608:25.000,49,0,r
5357,3031,3027,0608:25.000_0609:16.000,51,1,g
5357,3031,3027,0609:16.000_0610:05.000,49,0,r
5357,3031,3027,0610:05.000_0610:56.000,51,1,g
5357,3031,3027,0610:56.000_0611:45.000,49,0,r
5357,3031,3027,0611:45.000_0612:36.000,51,1,g
5357,3031,3027,0612:36.000_0613:25.000,49,0,r
5357,3031,3027,0613:25.000_0614:16.000,51,1,g
5357,3031,3027,0614:16.000_0615:05.000,49,0,r
5357,3031,3027,0615:05.000_0615:56.000,51,1,g
5357,3031,3027,0615:56.000_0616:45.000,49,0,r
5357,3031,3027,0616:45.000_0617:36.000,51,1,g
5357,3031,3027,0617:36.000_0618:25.000,49,0,r
5357,3031,3027,0618:25.000_0619:16.000,51,1,g
5357,3031,3027,0619:16.000_0620:05.000,49,0,r
5357,3031,3027,0620:05.000_0620:56.000,51,1,g
5357,3031,3027,0620:56.000_0621:45.000,49,0,r
5357,3031,3027,0621:45.000_0622:36.000,51,1,g
5357,3031,3027,0622:36.000_0623:25.000,49,0,r
5357,3031,3027,0623:25.000_0624:16.000,51,1,g
5357,3031,3027,0624:16.000_0625:05.000,49,0,r
5357,3031,3027,0625:05.000_0625:56.000,51,1,g
5357,3031,3027,0625:56.000_0626:45.000,49,0,r
5357,3031,3027,0626:45.000_0627:36.000,51,1,g
5357,3031,3027,0627:36.000_0628:25.000,49,0,r
5357,3031,3027,0628:25.000_0629:16.000,51,1,g
5357,3031,3027,0629:16.000_0630:05.000,49,0,r
5357,3031,3027,0630:05.000_0630:56.000,51,1,g
5357,3031,3027,0630:56.000_0631:45.000,49,0,r
5357,3031,3027,0631:45.000_0632:36.000,51,1,g
5357,3031,3027,0632:36.000_0633:25.000,49,0,r
5357,3031,3027,0633:25.000_0634:16.000,51,1,g
5357,3031,3027,0634:16.000_0635:05.000,49,0,r
5357,3031,3027,0635:05.000_0635:56.000,51,1,g
5357,3031,3027,0635:56.000_0636:45.000,49,0,r
5357,3031,3027,0636:45.000_0637:36.000,51,1,g
5357,3031,3027,0637:36.000_0638:25.000,49,0,r
5357,3031,3027,0638:25.000_0639:16.000,51,1,g
5357,3031,3027,0639:16.000_0640:05.000,49,0,r
5357,3031,3027,0640:05.000_0640:56.000,51,1,g
5357,3031,3027,0640:56.000_0641:45.000,49,0,r
5357,3031,3027,0641:45.000_0642:36.000,51,1,g
5357,3031,3027,0642:36.000_0643:25.000,49,0,r
5357,3031,3027,0643:25.000_0644:16.000,51,1,g
5357,3031,3027,0644:16.000_0645:05.000,49,0,r
5357,3031,3027,0645:05.000_0645:56.000,51,1,g
5357,3031,3027,0645:56.000_0646:45.000,49,0,r
5357,3031,3027,0646:45.000_0647:36.000,51,1,g
5357,3031,3027,0647:36.000_0648:25.000,49,0,r
5357,3031,3027,0648:25.000_0649:16.000,51,1,g
5357,3031,3027,0649:16.000_0650:05.000,49,0,r
5357,3031,3027,0650:05.000_0650:56.000,51,1,g
5357,3031,3027,0650:56.000_0651:45.000,49,0,r
5357,3031,3027,0651:45.000_0652:36.000,51,1,g
5357,3031,3027,0652:36.000_0653:25.000,49,0,r
5357,3031,3027,0653:25.000_0654:16.000,51,1,g
5357,3031,3027,0654:16.000_0655:05.000,49,0,r
5357,3031,3027,0655:05.000_0655:56.000,51,1,g
5357,3031,3027,0655:56.000_0656:45.000,49,0,r
5357,3031,3027,0656:45.000_0657:36.000,51,1,g
5357,3031,3027,0657:36.000_0658:25.000,49,0,r
5357,3031,3027,0658:25.000_0659:16.000,51,1,g
5357,3031,3027,0659:16.000_0659:59.000,43,0,r
