[assignment],,assignment_mode,number_of_iterations,column_updating_iterations,signal_updating_iterations,signal_updating_output,number_of_memory_blocks,,ODME_iterations,remarks,,,,,,,,,,,,,,,,,,,,,,,,,,,,,,,,,,,,,,,,,,,,,,,,,,,,,,,,,,,,,,,,,,,,,,,,,,,,,,,,,,,,,,,,,,,,,
,,dta,0,0,-1,0,4,,0,"assignment_mode can be ue, dta or odme",,,,,,,,,,,,,,,,,,,,,,,,,,,,,,,,,,,,,,,,,,,,,,,,,,,,,,,,,,,,,,,,,,,,,,,,,,,,,,,,,,,,,,,,,,,,,
,,,,,,,,,,,,,,,,,,,,,,,,,,,,,,,,,,,,,,,,,,,,,,,,,,,,,,,,,,,,,,,,,,,,,,,,,,,,,,,,,,,,,,,,,,,,,,,,,,,,,,,
[agent_type],agent_type,name,,VOT,flow_type,PCE,,time_interval0,time_interval2,time_interval3,time_interval4,time_interval5,time_interval6,time_interval7,time_interval8,time_interval9,time_interval10,time_interval11,time_interval12,time_interval13,time_interval14,time_interval15,time_interval16,time_interval17,time_interval18,time_interval19,time_interval20,time_interval21,time_interval22,time_interval23,time_interval24,time_interval25,time_interval26,time_interval27,time_interval28,time_interval29,time_interval30,time_interval31,time_interval32,time_interval33,time_interval34,time_interval35,time_interval36,time_interval37,time_interval38,time_interval39,time_interval40,time_interval41,time_interval42,time_interval43,time_interval44,time_interval45,time_interval46,time_interval47,time_interval48,time_interval49,time_interval50,time_interval51,time_interval52,time_interval53,time_interval54,time_interval55,time_interval56,time_interval57,time_interval58,time_interval59,time_interval60,time_interval61,time_interval62,time_interval63,time_interval64,time_interval65,time_interval66,time_interval67,time_interval68,time_interval69,time_interval70,time_interval71,time_interval72,time_interval73,time_interval74,time_interval75,time_interval76,time_interval77,time_interval78,time_interval79,time_interval80,time_interval81,time_interval82,time_interval83,time_interval84,time_interval85,time_interval86,time_interval87,time_interval88,time_interval89,time_interval90,time_interval91,time_interval92,time_interval93,time_interval94,time_interval95,time_interval96
,sov,passenger,,10,0,1,,0.001712541,0.001518821,0.001335712,0.001173243,0.001071592,0.000984901,0.000957369,0.000905166,0.000875259,0.000889426,0.000929134,0.000931492,0.000955705,0.001149788,0.001487502,0.001704861,0.001967319,0.0028493,0.00410496,0.004761717,0.005249334,0.006865023,0.008763547,0.009727353,0.0096528,0.011408503,0.013377631,0.015006034,0.015620492,0.017031255,0.017982062,0.01805379,0.016524355,0.015870414,0.015175223,0.014499898,0.013261577,0.01297958,0.013092157,0.013029354,0.01241647,0.012602333,0.012872216,0.013050637,0.013227912,0.013698897,0.014021648,0.014281785,0.014480951,0.014645749,0.014698547,0.014661224,0.014505402,0.014697936,0.015068191,0.015193797,0.015487111,0.016308453,0.017314827,0.017722353,0.017630525,0.018148853,0.018588326,0.018744003,0.01892459,0.019213207,0.019172793,0.019202233,0.01957678,0.019723407,0.018811942,0.017812392,0.016733696,0.015880365,0.014502684,0.013161254,0.012091192,0.011245231,0.010145693,0.009361706,0.008888914,0.008671416,0.008012391,0.007403109,0.007094947,0.006746031,0.006045864,0.005352276,0.004919291,0.004421213,0.003936383,0.003397222,0.003016297,0.002667224,0.002334765,0.002029159
,hov2,HOV2,,10,0,1,,,,,,,,,,,,,,,,,,,,,,,,,,,,,,,,,,,,,,,,,,,,,,,,,,,,,,,,,,,,,,,,,,,,,,,,,,,,,,,,,,,,,,,,,,,,,,,,,
,hov3,HOV3,,10,0,1,,,,,,,,,,,,,,,,,,,,,,,,,,,,,,,,,,,,,,,,,,,,,,,,,,,,,,,,,,,,,,,,,,,,,,,,,,,,,,,,,,,,,,,,,,,,,,,,,
,sut,Single-Unit Trucks,,10,0,1,,,,,,,,,,,,,,,,,,,,,,,,,,,,,,,,,,,,,,,,,,,,,,,,,,,,,,,,,,,,,,,,,,,,,,,,,,,,,,,,,,,,,,,,,,,,,,,,,
,mut,Multi-Unit Trucks,,10,0,1,,,,,,,,,,,,,,,,,,,,,,,,,,,,,,,,,,,,,,,,,,,,,,,,,,,,,,,,,,,,,,,,,,,,,,,,,,,,,,,,,,,,,,,,,,,,,,,,,
,,,,,,,,,,,,,,,,,,,,,,,,,,,,,,,,,,,,,,,,,,,,,,,,,,,,,,,,,,,,,,,,,,,,,,,,,,,,,,,,,,,,,,,,,,,,,,,,,,,,,,,
[link_type],link_type,link_type_name,,agent_type_blocklist,type_code,traffic_flow_code,,,,,,,,,,,,,,,,,,,,,,,,,,,,,,,,,,,,,,,,,,,,,,,,,,,,,,,,,,,,,,,,,,,,,,,,,,,,,,,,,,,,,,,,,,,,,,,,,
,1,motorway,,,f,2,,,,,,,,,,,,,,,,,,,,,,,,,,,,,,,,,,,,,,,,,,,,,,,,,,,,,,,,,,,,,,,,,,,,,,,,,,,,,,,,,,,,,,,,,,,,,,,,,
,3,primary,,,a,2,,,,,,,,,,,,,,,,,,,,,,,,,,,,,,,,,,,,,,,,,,,,,,,,,,,,,,,,,,,,,,,,,,,,,,,,,,,,,,,,,,,,,,,,,,,,,,,,,
,4,residential,,,a,2,,,,,,,,,,,,,,,,,,,,,,,,,,,,,,,,,,,,,,,,,,,,,,,,,,,,,,,,,,,,,,,,,,,,,,,,,,,,,,,,,,,,,,,,,,,,,,,,,
,5,secondary,,,a,2,,,,,,,,,,,,,,,,,,,,,,,,,,,,,,,,,,,,,,,,,,,,,,,,,,,,,,,,,,,,,,,,,,,,,,,,,,,,,,,,,,,,,,,,,,,,,,,,,
,6,tertiary,,,a,2,,,,,,,,,,,,,,,,,,,,,,,,,,,,,,,,,,,,,,,,,,,,,,,,,,,,,,,,,,,,,,,,,,,,,,,,,,,,,,,,,,,,,,,,,,,,,,,,,
,11,unclassified,,,a,2,,,,,,,,,,,,,,,,,,,,,,,,,,,,,,,,,,,,,,,,,,,,,,,,,,,,,,,,,,,,,,,,,,,,,,,,,,,,,,,,,,,,,,,,,,,,,,,,,
,,,,,,,,,,,,,,,,,,,,,,,,,,,,,,,,,,,,,,,,,,,,,,,,,,,,,,,,,,,,,,,,,,,,,,,,,,,,,,,,,,,,,,,,,,,,,,,,,,,,,,,
,,,,,,,,,,,,,,,,,,,,,,,,,,,,,,,,,,,,,,,,,,,,,,,,,,,,,,,,,,,,,,,,,,,,,,,,,,,,,,,,,,,,,,,,,,,,,,,,,,,,,,,
,,,,,,,,,,,,,,,,,,,,,,,,,,,,,,,,,,,,,,,,,,,,,,,,,,,,,,,,,,,,,,,,,,,,,,,,,,,,,,,,,,,,,,,,,,,,,,,,,,,,,,,
,,,,,,,,,,,,,,,,,,,,,,,,,,,,,,,,,,,,,,,,,,,,,,,,,,,,,,,,,,,,,,,,,,,,,,,,,,,,,,,,,,,,,,,,,,,,,,,,,,,,,,,
[demand_period],demand_period_id,demand_period,,time_period,,,,time_interval0,time_interval2,time_interval3,time_interval4,time_interval5,time_interval6,time_interval7,time_interval8,time_interval9,time_interval10,time_interval11,time_interval12,time_interval13,time_interval14,time_interval15,time_interval16,time_interval17,time_interval18,time_interval19,time_interval20,time_interval21,time_interval22,time_interval23,time_interval24,time_interval25,time_interval26,time_interval27,time_interval28,time_interval29,time_interval30,time_interval31,time_interval32,time_interval33,time_interval34,time_interval35,time_interval36,time_interval37,time_interval38,time_interval39,time_interval40,time_interval41,time_interval42,time_interval43,time_interval44,time_interval45,time_interval46,time_interval47,time_interval48,time_interval49,time_interval50,time_interval51,time_interval52,time_interval53,time_interval54,time_interval55,time_interval56,time_interval57,time_interval58,time_interval59,time_interval60,time_interval61,time_interval62,time_interval63,time_interval64,time_interval65,time_interval66,time_interval67,time_interval68,time_interval69,time_interval70,time_interval71,time_interval72,time_interval73,time_interval74,time_interval75,time_interval76,time_interval77,time_interval78,time_interval79,time_interval80,time_interval81,time_interval82,time_interval83,time_interval84,time_interval85,time_interval86,time_interval87,time_interval88,time_interval89,time_interval90,time_interval91,time_interval92,time_interval93,time_interval94,time_interval95,time_interval96
,1,6,,0600_0610,,,,0.001712541,0.001518821,0.001335712,0.001173243,0.001071592,0.000984901,0.000957369,0.000905166,0.000875259,0.000889426,0.000929134,0.000931492,0.000955705,0.001149788,0.001487502,0.001704861,0.001967319,0.0028493,0.00410496,0.004761717,0.005249334,0.006865023,0.008763547,0.009727353,0.0096528,0.011408503,0.013377631,0.015006034,0.015620492,0.017031255,0.017982062,0.01805379,0.016524355,0.015870414,0.015175223,0.014499898,0.013261577,0.01297958,0.013092157,0.013029354,0.01241647,0.012602333,0.012872216,0.013050637,0.013227912,0.013698897,0.014021648,0.014281785,0.014480951,0.014645749,0.014698547,0.014661224,0.014505402,0.014697936,0.015068191,0.015193797,0.015487111,0.016308453,0.017314827,0.017722353,0.017630525,0.018148853,0.018588326,0.018744003,0.01892459,0.019213207,0.019172793,0.019202233,0.01957678,0.019723407,0.018811942,0.017812392,0.016733696,0.015880365,0.014502684,0.013161254,0.012091192,0.011245231,0.010145693,0.009361706,0.008888914,0.008671416,0.008012391,0.007403109,0.007094947,0.006746031,0.006045864,0.005352276,0.004919291,0.004421213,0.003936383,0.003397222,0.003016297,0.002667224,0.002334765,0.002029159
,,,,,,,,,,,,,,,,,,,,,,,,,,,,,,,,,,,,,,,,,,,,,,,,,,,,,,,,,,,,,,,,,,,,,,,,,,,,,,,,,,,,,,,,,,,,,,,,,,,,,,,
[demand_file_list],file_sequence_no,file_name,,format_type,demand_period,agent_type,,,,,,,,,,,,,,,,,,,,,,,,,,,,,,,,,,,,,,,,,,,,,,,,,,,,,,,,,,,,,,,,,,,,,,,,,,,,,,,,,,,,,,,,,,,,,,,,,
,1,input_path.csv,,path,6,sov,,,,,,,,,,,,,,,,,,,,,,,,,,,,,,,,,,,,,,,,,,,,,,,,,,,,,,,,,,,,,,,,,,,,,,,,,,,,,,,,,,,,,,,,,,,,,,,,,
[capacity_scenario],,from_node_id,to_node_id,time_window,,,capacity,,,,,,,,,,,,,,,,,,,,,,,,,,,,,,,,,,,,,,,,,,,,,,,,,,,,,,,,,,,,,,,,,,,,,,,,,,,,,,,,,,,,,,,,,,,,,,,,
,,,,,,,,,,,,,,,,,,,,,,,,,,,,,,,,,,,,,,,,,,,,,,,,,,,,,,,,,,,,,,,,,,,,,,,,,,,,,,,,,,,,,,,,,,,,,,,,,,,,,,,
[output_file_configuration],,path_output,major_path_volume_threshold,trajectory_output,trajectory_sampling_rate,trajectory_diversion_only,,td_link_performance_sampling_interval_in_min,td_link_performance_sampling_interval_hd_in_min,,,,,,,,,,,,,,,,,,,,,,,,,,,,,,,,,,,,,,,,,,,,,,,,,,,,,,,,,,,,,,,,,,,,,,,,,,,,,,,,,,,,,,,,,,,,,,
,,1,0.0001,1,1,0,,60,15,,,,,,,,,,,,,,,,,,,,,,,,,,,,,,,,,,,,,,,,,,,,,,,,,,,,,,,,,,,,,,,,,,,,,,,,,,,,,,,,,,,,,,,,,,,,,,
