link_id,tmc_corridor_name,link_type_name,from_node_id,to_node_id,from_cell_code,lanes,length,free_speed,FFTT,time_period,volume,CA,CD,density,queue_length,discharge_rate,TD_free_flow_travel_time,waiting_time_in_sec,RT_speed,speed,geometry,notes
1,,,1,3,A1,3,1.000,60.000,1.000,0600:00.000_0700:00.000,3119.000,3187.000,3119.000,22.667,68.000,5700.000,1.000,0.000,60.000,"LINESTRING (-112.216413 33.653927, -112.203112 33.667556)",simulation-based
1,,,1,3,A1,3,1.000,60.000,1.000,0700:00.000_0800:00.000,4664.000,7864.000,7783.000,27.000,81.000,5700.000,1.000,0.000,60.000,"LINESTRING (-112.216413 33.653927, -112.203112 33.667556)",simulation-based
1,,,1,3,A1,3,1.000,60.000,1.000,0800:00.000_0900:00.000,4767.000,12624.000,12550.000,24.667,74.000,5700.000,1.000,0.000,60.000,"LINESTRING (-112.216413 33.653927, -112.203112 33.667556)",simulation-based
1,,,1,3,A1,3,1.000,60.000,1.000,0900:00.000_1000:00.000,3860.000,16471.000,16410.000,20.333,61.000,5700.000,1.000,0.000,60.000,"LINESTRING (-112.216413 33.653927, -112.203112 33.667556)",simulation-based
2,,,3,4,A1,3,1.000,60.000,1.000,0600:00.000_0700:00.000,3061.000,3119.000,3061.000,19.333,58.000,5400.000,1.000,0.000,60.000,"LINESTRING (-112.203112 33.667556, -112.182704 33.667637)",simulation-based
2,,,3,4,A1,3,1.000,60.000,1.000,0700:00.000_0800:00.000,4644.000,7783.000,7705.000,26.000,78.000,5400.000,1.000,0.000,60.000,"LINESTRING (-112.203112 33.667556, -112.182704 33.667637)",simulation-based
2,,,3,4,A1,3,1.000,60.000,1.000,0800:00.000_0900:00.000,4776.000,12550.000,12481.000,23.000,69.000,5400.000,1.000,0.000,60.000,"LINESTRING (-112.203112 33.667556, -112.182704 33.667637)",simulation-based
2,,,3,4,A1,3,1.000,60.000,1.000,0900:00.000_1000:00.000,3855.000,16410.000,16336.000,24.667,74.000,5400.000,1.000,0.000,60.000,"LINESTRING (-112.203112 33.667556, -112.182704 33.667637)",simulation-based
3,,,4,5,B1,3,1.000,60.000,1.000,0600:00.000_0700:00.000,3174.000,3231.000,3174.000,19.000,57.000,5400.000,1.000,0.000,60.000,"LINESTRING (-112.182704 33.667637, -112.163116 33.667772)",simulation-based
3,,,4,5,B1,3,1.000,60.000,1.000,0700:00.000_0800:00.000,4886.000,8162.000,8060.000,34.000,102.000,5400.000,1.000,0.000,60.000,"LINESTRING (-112.182704 33.667637, -112.163116 33.667772)",simulation-based
3,,,4,5,B1,3,1.000,60.000,1.000,0800:00.000_0900:00.000,5085.000,13228.000,13145.000,27.667,83.000,5400.000,1.000,0.000,60.000,"LINESTRING (-112.182704 33.667637, -112.163116 33.667772)",simulation-based
3,,,4,5,B1,3,1.000,60.000,1.000,0900:00.000_1000:00.000,4130.000,17331.000,17275.000,18.667,56.000,5400.000,1.000,0.000,60.000,"LINESTRING (-112.182704 33.667637, -112.163116 33.667772)",simulation-based
4,,,5,6,C1,3,1.000,60.000,1.000,0600:00.000_0700:00.000,3102.000,3174.000,3102.000,24.000,72.000,5400.000,1.000,0.000,60.000,"LINESTRING (-112.163116 33.667772, -112.140701 33.667926)",simulation-based
4,,,5,6,C1,3,1.000,60.000,1.000,0700:00.000_0800:00.000,4856.000,8060.000,7958.000,34.000,102.000,5400.000,1.000,0.001,59.999,"LINESTRING (-112.163116 33.667772, -112.140701 33.667926)",simulation-based
4,,,5,6,C1,3,1.000,60.000,1.000,0800:00.000_0900:00.000,5099.000,13145.000,13057.000,29.333,88.000,5400.000,1.000,0.000,60.000,"LINESTRING (-112.163116 33.667772, -112.140701 33.667926)",simulation-based
4,,,5,6,C1,3,1.000,60.000,1.000,0900:00.000_1000:00.000,4145.000,17275.000,17202.000,24.333,73.000,5400.000,1.000,0.000,60.000,"LINESTRING (-112.163116 33.667772, -112.140701 33.667926)",simulation-based
5,,,6,7,D1,3,1.000,60.000,1.000,0600:00.000_0700:00.000,3033.000,3102.000,3033.000,23.000,69.000,5400.000,1.000,0.000,60.000,"LINESTRING (-112.140701 33.667926, -112.120306 33.668067)",simulation-based
5,,,6,7,D1,3,1.000,60.000,1.000,0700:00.000_0800:00.000,4827.000,7958.000,7860.000,32.667,98.000,5400.000,1.000,0.001,59.999,"LINESTRING (-112.140701 33.667926, -112.120306 33.668067)",simulation-based
5,,,6,7,D1,3,1.000,60.000,1.000,0800:00.000_0900:00.000,5116.000,13057.000,12976.000,27.000,81.000,5400.000,1.000,0.000,60.000,"LINESTRING (-112.140701 33.667926, -112.120306 33.668067)",simulation-based
5,,,6,7,D1,3,1.000,60.000,1.000,0900:00.000_1000:00.000,4163.000,17202.000,17139.000,21.000,63.000,5400.000,1.000,0.000,60.000,"LINESTRING (-112.140701 33.667926, -112.120306 33.668067)",simulation-based
6,,,7,8,E1,3,1.000,60.000,1.000,0600:00.000_0700:00.000,1181.000,1208.000,1181.000,9.000,27.000,5400.000,1.000,0.000,60.000,"LINESTRING (-112.120306 33.668067, -112.098093 33.668220)",simulation-based
6,,,7,8,E1,3,1.000,60.000,1.000,0700:00.000_0800:00.000,1964.000,3181.000,3145.000,12.000,36.000,5400.000,1.000,0.000,60.000,"LINESTRING (-112.120306 33.668067, -112.098093 33.668220)",simulation-based
6,,,7,8,E1,3,1.000,60.000,1.000,0800:00.000_0900:00.000,2129.000,5308.000,5274.000,11.333,34.000,5400.000,1.000,0.000,60.000,"LINESTRING (-112.120306 33.668067, -112.098093 33.668220)",simulation-based
6,,,7,8,E1,3,1.000,60.000,1.000,0900:00.000_1000:00.000,1741.000,7036.000,7015.000,7.000,21.000,5400.000,1.000,0.000,60.000,"LINESTRING (-112.120306 33.668067, -112.098093 33.668220)",simulation-based
7,,,8,9,F1,3,1.000,60.000,1.000,0600:00.000_0700:00.000,1148.000,1181.000,1148.000,11.000,33.000,5400.000,1.000,0.000,60.000,"LINESTRING (-112.098093 33.668220, -112.079717 33.668347)",simulation-based
7,,,8,9,F1,3,1.000,60.000,1.000,0700:00.000_0800:00.000,1960.000,3145.000,3108.000,12.333,37.000,5400.000,1.000,0.000,60.000,"LINESTRING (-112.098093 33.668220, -112.079717 33.668347)",simulation-based
7,,,8,9,F1,3,1.000,60.000,1.000,0800:00.000_0900:00.000,2131.000,5274.000,5239.000,11.667,35.000,5400.000,1.000,0.000,60.000,"LINESTRING (-112.098093 33.668220, -112.079717 33.668347)",simulation-based
7,,,8,9,F1,3,1.000,60.000,1.000,0900:00.000_1000:00.000,1744.000,7015.000,6983.000,10.667,32.000,5400.000,1.000,0.000,60.000,"LINESTRING (-112.098093 33.668220, -112.079717 33.668347)",simulation-based
8,,,10,11,G1,2,1.000,60.000,1.000,0600:00.000_0700:00.000,1094.000,1120.000,1094.000,13.000,26.000,3600.000,1.000,0.000,60.000,"LINESTRING (-112.062351 33.668466, -112.046196 33.668578)",simulation-based
8,,,10,11,G1,2,1.000,60.000,1.000,0700:00.000_0800:00.000,1938.000,3072.000,3032.000,20.000,40.000,3600.000,1.000,0.000,60.000,"LINESTRING (-112.062351 33.668466, -112.046196 33.668578)",simulation-based
8,,,10,11,G1,2,1.000,60.000,1.000,0800:00.000_0900:00.000,2138.000,5205.000,5170.000,17.500,35.000,3600.000,1.000,0.000,60.000,"LINESTRING (-112.062351 33.668466, -112.046196 33.668578)",simulation-based
8,,,10,11,G1,2,1.000,60.000,1.000,0900:00.000_1000:00.000,1761.000,6955.000,6931.000,12.000,24.000,3600.000,1.000,0.000,60.000,"LINESTRING (-112.062351 33.668466, -112.046196 33.668578)",simulation-based
9,,,11,12,H1,3,1.000,60.000,1.000,0600:00.000_0700:00.000,1057.000,1094.000,1057.000,12.333,37.000,5400.000,1.000,0.000,60.000,"LINESTRING (-112.046196 33.668578, -112.038642 33.662300)",simulation-based
9,,,11,12,H1,3,1.000,60.000,1.000,0700:00.000_0800:00.000,1937.000,3032.000,2994.000,12.667,38.000,5400.000,1.000,0.000,60.000,"LINESTRING (-112.046196 33.668578, -112.038642 33.662300)",simulation-based
9,,,11,12,H1,3,1.000,60.000,1.000,0800:00.000_0900:00.000,2138.000,5170.000,5132.000,12.667,38.000,5400.000,1.000,0.000,60.000,"LINESTRING (-112.046196 33.668578, -112.038642 33.662300)",simulation-based
9,,,11,12,H1,3,1.000,60.000,1.000,0900:00.000_1000:00.000,1776.000,6931.000,6908.000,7.667,23.000,5400.000,1.000,0.000,60.000,"LINESTRING (-112.046196 33.668578, -112.038642 33.662300)",simulation-based
10,,,9,10,F1,2,1.000,60.000,1.000,0600:00.000_0700:00.000,1120.000,1148.000,1120.000,14.000,28.000,3600.000,1.000,0.000,60.000,"LINESTRING (-112.079717 33.668347, -112.062351 33.668466)",simulation-based
10,,,9,10,F1,2,1.000,60.000,1.000,0700:00.000_0800:00.000,1952.000,3108.000,3072.000,18.000,36.000,3600.000,1.000,0.000,60.000,"LINESTRING (-112.079717 33.668347, -112.062351 33.668466)",simulation-based
10,,,9,10,F1,2,1.000,60.000,1.000,0800:00.000_0900:00.000,2133.000,5239.000,5205.000,17.000,34.000,3600.000,1.000,0.000,60.000,"LINESTRING (-112.079717 33.668347, -112.062351 33.668466)",simulation-based
10,,,9,10,F1,2,1.000,60.000,1.000,0900:00.000_1000:00.000,1750.000,6983.000,6955.000,14.000,28.000,3600.000,1.000,0.000,60.000,"LINESTRING (-112.079717 33.668347, -112.062351 33.668466)",simulation-based
11,,,1,14,A1,3,1.000,60.000,1.000,0600:00.000_0700:00.000,0.000,0.000,0.000,0.000,0.000,5400.000,1.000,0.000,60.000,"LINESTRING (-112.216413 33.653927, -112.211333 33.648451)",simulation-based
11,,,1,14,A1,3,1.000,60.000,1.000,0700:00.000_0800:00.000,0.000,0.000,0.000,0.000,0.000,5400.000,1.000,0.000,60.000,"LINESTRING (-112.216413 33.653927, -112.211333 33.648451)",simulation-based
11,,,1,14,A1,3,1.000,60.000,1.000,0800:00.000_0900:00.000,0.000,0.000,0.000,0.000,0.000,5400.000,1.000,0.000,60.000,"LINESTRING (-112.216413 33.653927, -112.211333 33.648451)",simulation-based
11,,,1,14,A1,3,1.000,60.000,1.000,0900:00.000_1000:00.000,0.000,0.000,0.000,0.000,0.000,5400.000,1.000,0.000,60.000,"LINESTRING (-112.216413 33.653927, -112.211333 33.648451)",simulation-based
12,,,14,15,A2,3,1.000,60.000,1.000,0600:00.000_0700:00.000,0.000,0.000,0.000,0.000,0.000,5400.000,1.000,0.000,60.000,"LINESTRING (-112.211333 33.648451, -112.207035 33.644013)",simulation-based
12,,,14,15,A2,3,1.000,60.000,1.000,0700:00.000_0800:00.000,0.000,0.000,0.000,0.000,0.000,5400.000,1.000,0.000,60.000,"LINESTRING (-112.211333 33.648451, -112.207035 33.644013)",simulation-based
12,,,14,15,A2,3,1.000,60.000,1.000,0800:00.000_0900:00.000,0.000,0.000,0.000,0.000,0.000,5400.000,1.000,0.000,60.000,"LINESTRING (-112.211333 33.648451, -112.207035 33.644013)",simulation-based
12,,,14,15,A2,3,1.000,60.000,1.000,0900:00.000_1000:00.000,0.000,0.000,0.000,0.000,0.000,5400.000,1.000,0.000,60.000,"LINESTRING (-112.211333 33.648451, -112.207035 33.644013)",simulation-based
13,,,15,16,A2,3,1.000,60.000,1.000,0600:00.000_0700:00.000,0.000,0.000,0.000,0.000,0.000,5400.000,1.000,0.000,60.000,"LINESTRING (-112.207035 33.644013, -112.202329 33.639298)",simulation-based
13,,,15,16,A2,3,1.000,60.000,1.000,0700:00.000_0800:00.000,0.000,0.000,0.000,0.000,0.000,5400.000,1.000,0.000,60.000,"LINESTRING (-112.207035 33.644013, -112.202329 33.639298)",simulation-based
13,,,15,16,A2,3,1.000,60.000,1.000,0800:00.000_0900:00.000,0.000,0.000,0.000,0.000,0.000,5400.000,1.000,0.000,60.000,"LINESTRING (-112.207035 33.644013, -112.202329 33.639298)",simulation-based
13,,,15,16,A2,3,1.000,60.000,1.000,0900:00.000_1000:00.000,0.000,0.000,0.000,0.000,0.000,5400.000,1.000,0.000,60.000,"LINESTRING (-112.207035 33.644013, -112.202329 33.639298)",simulation-based
14,,,16,17,A2,3,1.000,60.000,1.000,0600:00.000_0700:00.000,0.000,0.000,0.000,0.000,0.000,5400.000,1.000,0.000,60.000,"LINESTRING (-112.202329 33.639298, -112.190818 33.639378)",simulation-based
14,,,16,17,A2,3,1.000,60.000,1.000,0700:00.000_0800:00.000,0.000,0.000,0.000,0.000,0.000,5400.000,1.000,0.000,60.000,"LINESTRING (-112.202329 33.639298, -112.190818 33.639378)",simulation-based
14,,,16,17,A2,3,1.000,60.000,1.000,0800:00.000_0900:00.000,0.000,0.000,0.000,0.000,0.000,5400.000,1.000,0.000,60.000,"LINESTRING (-112.202329 33.639298, -112.190818 33.639378)",simulation-based
14,,,16,17,A2,3,1.000,60.000,1.000,0900:00.000_1000:00.000,0.000,0.000,0.000,0.000,0.000,5400.000,1.000,0.000,60.000,"LINESTRING (-112.202329 33.639298, -112.190818 33.639378)",simulation-based
15,,,17,18,B2,3,1.000,60.000,1.000,0600:00.000_0700:00.000,0.000,0.000,0.000,0.000,0.000,5400.000,1.000,0.000,60.000,"LINESTRING (-112.190818 33.639378, -112.179914 33.639453)",simulation-based
15,,,17,18,B2,3,1.000,60.000,1.000,0700:00.000_0800:00.000,0.000,0.000,0.000,0.000,0.000,5400.000,1.000,0.000,60.000,"LINESTRING (-112.190818 33.639378, -112.179914 33.639453)",simulation-based
15,,,17,18,B2,3,1.000,60.000,1.000,0800:00.000_0900:00.000,0.000,0.000,0.000,0.000,0.000,5400.000,1.000,0.000,60.000,"LINESTRING (-112.190818 33.639378, -112.179914 33.639453)",simulation-based
15,,,17,18,B2,3,1.000,60.000,1.000,0900:00.000_1000:00.000,0.000,0.000,0.000,0.000,0.000,5400.000,1.000,0.000,60.000,"LINESTRING (-112.190818 33.639378, -112.179914 33.639453)",simulation-based
16,,,18,19,B2,3,1.000,60.000,1.000,0600:00.000_0700:00.000,0.000,0.000,0.000,0.000,0.000,5400.000,1.000,0.000,60.000,"LINESTRING (-112.179914 33.639453, -112.168202 33.639534)",simulation-based
16,,,18,19,B2,3,1.000,60.000,1.000,0700:00.000_0800:00.000,0.000,0.000,0.000,0.000,0.000,5400.000,1.000,0.000,60.000,"LINESTRING (-112.179914 33.639453, -112.168202 33.639534)",simulation-based
16,,,18,19,B2,3,1.000,60.000,1.000,0800:00.000_0900:00.000,0.000,0.000,0.000,0.000,0.000,5400.000,1.000,0.000,60.000,"LINESTRING (-112.179914 33.639453, -112.168202 33.639534)",simulation-based
16,,,18,19,B2,3,1.000,60.000,1.000,0900:00.000_1000:00.000,0.000,0.000,0.000,0.000,0.000,5400.000,1.000,0.000,60.000,"LINESTRING (-112.179914 33.639453, -112.168202 33.639534)",simulation-based
17,,,19,20,C2,3,1.000,60.000,1.000,0600:00.000_0700:00.000,0.000,0.000,0.000,0.000,0.000,5400.000,1.000,0.000,60.000,"LINESTRING (-112.168202 33.639534, -112.155278 33.639623)",simulation-based
17,,,19,20,C2,3,1.000,60.000,1.000,0700:00.000_0800:00.000,0.000,0.000,0.000,0.000,0.000,5400.000,1.000,0.000,60.000,"LINESTRING (-112.168202 33.639534, -112.155278 33.639623)",simulation-based
17,,,19,20,C2,3,1.000,60.000,1.000,0800:00.000_0900:00.000,0.000,0.000,0.000,0.000,0.000,5400.000,1.000,0.000,60.000,"LINESTRING (-112.168202 33.639534, -112.155278 33.639623)",simulation-based
17,,,19,20,C2,3,1.000,60.000,1.000,0900:00.000_1000:00.000,0.000,0.000,0.000,0.000,0.000,5400.000,1.000,0.000,60.000,"LINESTRING (-112.168202 33.639534, -112.155278 33.639623)",simulation-based
18,,,20,21,C2,3,1.000,60.000,1.000,0600:00.000_0700:00.000,0.000,0.000,0.000,0.000,0.000,5400.000,1.000,0.000,60.000,"LINESTRING (-112.155278 33.639623, -112.143162 33.639706)",simulation-based
18,,,20,21,C2,3,1.000,60.000,1.000,0700:00.000_0800:00.000,0.000,0.000,0.000,0.000,0.000,5400.000,1.000,0.000,60.000,"LINESTRING (-112.155278 33.639623, -112.143162 33.639706)",simulation-based
18,,,20,21,C2,3,1.000,60.000,1.000,0800:00.000_0900:00.000,0.000,0.000,0.000,0.000,0.000,5400.000,1.000,0.000,60.000,"LINESTRING (-112.155278 33.639623, -112.143162 33.639706)",simulation-based
18,,,20,21,C2,3,1.000,60.000,1.000,0900:00.000_1000:00.000,0.000,0.000,0.000,0.000,0.000,5400.000,1.000,0.000,60.000,"LINESTRING (-112.155278 33.639623, -112.143162 33.639706)",simulation-based
19,,,21,22,D2,3,1.000,60.000,1.000,0600:00.000_0700:00.000,0.000,0.000,0.000,0.000,0.000,5400.000,1.000,0.000,60.000,"LINESTRING (-112.143162 33.639706, -112.128824 33.639805)",simulation-based
19,,,21,22,D2,3,1.000,60.000,1.000,0700:00.000_0800:00.000,0.000,0.000,0.000,0.000,0.000,5400.000,1.000,0.000,60.000,"LINESTRING (-112.143162 33.639706, -112.128824 33.639805)",simulation-based
19,,,21,22,D2,3,1.000,60.000,1.000,0800:00.000_0900:00.000,0.000,0.000,0.000,0.000,0.000,5400.000,1.000,0.000,60.000,"LINESTRING (-112.143162 33.639706, -112.128824 33.639805)",simulation-based
19,,,21,22,D2,3,1.000,60.000,1.000,0900:00.000_1000:00.000,0.000,0.000,0.000,0.000,0.000,5400.000,1.000,0.000,60.000,"LINESTRING (-112.143162 33.639706, -112.128824 33.639805)",simulation-based
20,,,22,23,D2,3,1.000,60.000,1.000,0600:00.000_0700:00.000,0.000,0.000,0.000,0.000,0.000,5400.000,1.000,0.000,60.000,"LINESTRING (-112.128824 33.639805, -112.117340 33.639870)",simulation-based
20,,,22,23,D2,3,1.000,60.000,1.000,0700:00.000_0800:00.000,0.000,0.000,0.000,0.000,0.000,5400.000,1.000,0.000,60.000,"LINESTRING (-112.128824 33.639805, -112.117340 33.639870)",simulation-based
20,,,22,23,D2,3,1.000,60.000,1.000,0800:00.000_0900:00.000,0.000,0.000,0.000,0.000,0.000,5400.000,1.000,0.000,60.000,"LINESTRING (-112.128824 33.639805, -112.117340 33.639870)",simulation-based
20,,,22,23,D2,3,1.000,60.000,1.000,0900:00.000_1000:00.000,0.000,0.000,0.000,0.000,0.000,5400.000,1.000,0.000,60.000,"LINESTRING (-112.128824 33.639805, -112.117340 33.639870)",simulation-based
21,,,23,24,E2,3,1.000,60.000,1.000,0600:00.000_0700:00.000,1117.000,1143.000,1117.000,8.667,26.000,5400.000,1.000,0.000,60.000,"LINESTRING (-112.117340 33.639870, -112.102573 33.639986)",simulation-based
21,,,23,24,E2,3,1.000,60.000,1.000,0700:00.000_0800:00.000,1540.000,2684.000,2657.000,9.000,27.000,5400.000,1.000,0.000,60.000,"LINESTRING (-112.117340 33.639870, -112.102573 33.639986)",simulation-based
21,,,23,24,E2,3,1.000,60.000,1.000,0800:00.000_0900:00.000,1510.000,4188.000,4167.000,7.000,21.000,5400.000,1.000,0.000,60.000,"LINESTRING (-112.117340 33.639870, -112.102573 33.639986)",simulation-based
21,,,23,24,E2,3,1.000,60.000,1.000,0900:00.000_1000:00.000,1530.000,5723.000,5697.000,8.667,26.000,5400.000,1.000,0.000,60.000,"LINESTRING (-112.117340 33.639870, -112.102573 33.639986)",simulation-based
22,,,24,25,E2,3,1.000,60.000,1.000,0600:00.000_0700:00.000,1091.000,1117.000,1091.000,8.667,26.000,5400.000,1.000,0.000,60.000,"LINESTRING (-112.102573 33.639986, -112.087630 33.640089)",simulation-based
22,,,24,25,E2,3,1.000,60.000,1.000,0700:00.000_0800:00.000,1544.000,2657.000,2635.000,7.333,22.000,5400.000,1.000,0.000,60.000,"LINESTRING (-112.102573 33.639986, -112.087630 33.640089)",simulation-based
22,,,24,25,E2,3,1.000,60.000,1.000,0800:00.000_0900:00.000,1511.000,4167.000,4146.000,7.000,21.000,5400.000,1.000,0.000,60.000,"LINESTRING (-112.102573 33.639986, -112.087630 33.640089)",simulation-based
22,,,24,25,E2,3,1.000,60.000,1.000,0900:00.000_1000:00.000,1528.000,5697.000,5674.000,7.667,23.000,5400.000,1.000,0.000,60.000,"LINESTRING (-112.102573 33.639986, -112.087630 33.640089)",simulation-based
23,,,25,26,F2,3,1.000,60.000,1.000,0600:00.000_0700:00.000,1070.000,1091.000,1070.000,7.000,21.000,5400.000,1.000,0.000,60.000,"LINESTRING (-112.087630 33.640089, -112.072485 33.640193)",simulation-based
23,,,25,26,F2,3,1.000,60.000,1.000,0700:00.000_0800:00.000,1542.000,2635.000,2612.000,7.667,23.000,5400.000,1.000,0.000,60.000,"LINESTRING (-112.087630 33.640089, -112.072485 33.640193)",simulation-based
23,,,25,26,F2,3,1.000,60.000,1.000,0800:00.000_0900:00.000,1513.000,4146.000,4125.000,7.000,21.000,5400.000,1.000,0.000,60.000,"LINESTRING (-112.087630 33.640089, -112.072485 33.640193)",simulation-based
23,,,25,26,F2,3,1.000,60.000,1.000,0900:00.000_1000:00.000,1522.000,5674.000,5647.000,9.000,27.000,5400.000,1.000,0.000,60.000,"LINESTRING (-112.087630 33.640089, -112.072485 33.640193)",simulation-based
24,,,26,27,G2,3,1.000,60.000,1.000,0600:00.000_0700:00.000,1043.000,1070.000,1043.000,9.000,27.000,5400.000,1.000,0.000,60.000,"LINESTRING (-112.072485 33.640193, -112.059965 33.640279)",simulation-based
24,,,26,27,G2,3,1.000,60.000,1.000,0700:00.000_0800:00.000,1543.000,2612.000,2586.000,8.667,26.000,5400.000,1.000,0.000,60.000,"LINESTRING (-112.072485 33.640193, -112.059965 33.640279)",simulation-based
24,,,26,27,G2,3,1.000,60.000,1.000,0800:00.000_0900:00.000,1518.000,4125.000,4104.000,7.000,21.000,5400.000,1.000,0.000,60.000,"LINESTRING (-112.072485 33.640193, -112.059965 33.640279)",simulation-based
24,,,26,27,G2,3,1.000,60.000,1.000,0900:00.000_1000:00.000,1520.000,5647.000,5624.000,7.667,23.000,5400.000,1.000,0.000,60.000,"LINESTRING (-112.072485 33.640193, -112.059965 33.640279)",simulation-based
25,,,27,28,G2,3,1.000,60.000,1.000,0600:00.000_0700:00.000,1018.000,1043.000,1018.000,8.333,25.000,5400.000,1.000,0.000,60.000,"LINESTRING (-112.059965 33.640279, -112.046435 33.640372)",simulation-based
25,,,27,28,G2,3,1.000,60.000,1.000,0700:00.000_0800:00.000,1544.000,2586.000,2562.000,8.000,24.000,5400.000,1.000,0.000,60.000,"LINESTRING (-112.059965 33.640279, -112.046435 33.640372)",simulation-based
25,,,27,28,G2,3,1.000,60.000,1.000,0800:00.000_0900:00.000,1519.000,4104.000,4081.000,7.667,23.000,5400.000,1.000,0.000,60.000,"LINESTRING (-112.059965 33.640279, -112.046435 33.640372)",simulation-based
25,,,27,28,G2,3,1.000,60.000,1.000,0900:00.000_1000:00.000,1517.000,5624.000,5598.000,8.667,26.000,5400.000,1.000,0.000,60.000,"LINESTRING (-112.059965 33.640279, -112.046435 33.640372)",simulation-based
26,,,28,29,H2,3,1.000,60.000,1.000,0600:00.000_0700:00.000,991.000,1018.000,991.000,9.000,27.000,5400.000,1.000,0.000,60.000,"LINESTRING (-112.046435 33.640372, -112.038842 33.646568)",simulation-based
26,,,28,29,H2,3,1.000,60.000,1.000,0700:00.000_0800:00.000,1539.000,2562.000,2530.000,10.667,32.000,5400.000,1.000,0.000,60.000,"LINESTRING (-112.046435 33.640372, -112.038842 33.646568)",simulation-based
26,,,28,29,H2,3,1.000,60.000,1.000,0800:00.000_0900:00.000,1527.000,4081.000,4057.000,8.000,24.000,5400.000,1.000,0.000,60.000,"LINESTRING (-112.046435 33.640372, -112.038842 33.646568)",simulation-based
26,,,28,29,H2,3,1.000,60.000,1.000,0900:00.000_1000:00.000,1522.000,5598.000,5579.000,6.333,19.000,5400.000,1.000,0.000,60.000,"LINESTRING (-112.046435 33.640372, -112.038842 33.646568)",simulation-based
27,,,29,2,H2,3,1.000,60.000,1.000,0600:00.000_0700:00.000,146.000,152.000,146.000,2.000,6.000,5400.000,1.000,0.000,60.000,"LINESTRING (-112.038842 33.646568, -112.029867 33.655286)",simulation-based
27,,,29,2,H2,3,1.000,60.000,1.000,0700:00.000_0800:00.000,211.000,362.000,357.000,1.667,5.000,5400.000,1.000,0.000,60.000,"LINESTRING (-112.038842 33.646568, -112.029867 33.655286)",simulation-based
27,,,29,2,H2,3,1.000,60.000,1.000,0800:00.000_0900:00.000,245.000,607.000,602.000,1.667,5.000,5400.000,1.000,0.000,60.000,"LINESTRING (-112.038842 33.646568, -112.029867 33.655286)",simulation-based
27,,,29,2,H2,3,1.000,60.000,1.000,0900:00.000_1000:00.000,226.000,833.000,828.000,1.667,5.000,5400.000,1.000,0.000,60.000,"LINESTRING (-112.038842 33.646568, -112.029867 33.655286)",simulation-based
28,,,12,2,H1,4,1.000,60.000,1.000,0600:00.000_0700:00.000,1036.000,1057.000,1036.000,5.250,21.000,7200.000,1.000,0.000,60.000,"LINESTRING (-112.038642 33.662300, -112.029867 33.655286)",simulation-based
28,,,12,2,H1,4,1.000,60.000,1.000,0700:00.000_0800:00.000,1910.000,2994.000,2946.000,12.000,48.000,7200.000,1.000,0.000,60.000,"LINESTRING (-112.038642 33.662300, -112.029867 33.655286)",simulation-based
28,,,12,2,H1,4,1.000,60.000,1.000,0800:00.000_0900:00.000,2161.000,5132.000,5107.000,6.250,25.000,7200.000,1.000,0.000,60.000,"LINESTRING (-112.038642 33.662300, -112.029867 33.655286)",simulation-based
28,,,12,2,H1,4,1.000,60.000,1.000,0900:00.000_1000:00.000,1778.000,6908.000,6885.000,5.750,23.000,7200.000,1.000,0.000,60.000,"LINESTRING (-112.038642 33.662300, -112.029867 33.655286)",simulation-based
29,,,1,30,A1,2,1.000,30.000,2.000,0600:00.000_0700:00.000,0.000,0.000,0.000,0.000,0.000,3600.000,2.000,0.000,30.000,"LINESTRING (-112.216413 33.653927, -112.188587 33.654193)",simulation-based
29,,,1,30,A1,2,1.000,30.000,2.000,0700:00.000_0800:00.000,0.000,0.000,0.000,0.000,0.000,3600.000,2.000,0.000,30.000,"LINESTRING (-112.216413 33.653927, -112.188587 33.654193)",simulation-based
29,,,1,30,A1,2,1.000,30.000,2.000,0800:00.000_0900:00.000,0.000,0.000,0.000,0.000,0.000,3600.000,2.000,0.000,30.000,"LINESTRING (-112.216413 33.653927, -112.188587 33.654193)",simulation-based
29,,,1,30,A1,2,1.000,30.000,2.000,0900:00.000_1000:00.000,0.000,0.000,0.000,0.000,0.000,3600.000,2.000,0.000,30.000,"LINESTRING (-112.216413 33.653927, -112.188587 33.654193)",simulation-based
30,,,30,31,B1,2,1.000,30.000,2.000,0600:00.000_0700:00.000,0.000,0.000,0.000,0.000,0.000,1800.000,2.000,0.000,30.000,"LINESTRING (-112.188587 33.654193, -112.161528 33.654379)",simulation-based
30,,,30,31,B1,2,1.000,30.000,2.000,0700:00.000_0800:00.000,0.000,0.000,0.000,0.000,0.000,1800.000,2.000,0.000,30.000,"LINESTRING (-112.188587 33.654193, -112.161528 33.654379)",simulation-based
30,,,30,31,B1,2,1.000,30.000,2.000,0800:00.000_0900:00.000,0.000,0.000,0.000,0.000,0.000,1800.000,2.000,0.000,30.000,"LINESTRING (-112.188587 33.654193, -112.161528 33.654379)",simulation-based
30,,,30,31,B1,2,1.000,30.000,2.000,0900:00.000_1000:00.000,0.000,0.000,0.000,0.000,0.000,1800.000,2.000,0.000,30.000,"LINESTRING (-112.188587 33.654193, -112.161528 33.654379)",simulation-based
31,,,31,32,C1,2,1.000,30.000,2.000,0600:00.000_0700:00.000,0.000,0.000,0.000,0.000,0.000,3600.000,2.000,0.000,30.000,"LINESTRING (-112.161528 33.654379, -112.136488 33.654552)",simulation-based
31,,,31,32,C1,2,1.000,30.000,2.000,0700:00.000_0800:00.000,0.000,0.000,0.000,0.000,0.000,3600.000,2.000,0.000,30.000,"LINESTRING (-112.161528 33.654379, -112.136488 33.654552)",simulation-based
31,,,31,32,C1,2,1.000,30.000,2.000,0800:00.000_0900:00.000,0.000,0.000,0.000,0.000,0.000,3600.000,2.000,0.000,30.000,"LINESTRING (-112.161528 33.654379, -112.136488 33.654552)",simulation-based
31,,,31,32,C1,2,1.000,30.000,2.000,0900:00.000_1000:00.000,0.000,0.000,0.000,0.000,0.000,3600.000,2.000,0.000,30.000,"LINESTRING (-112.161528 33.654379, -112.136488 33.654552)",simulation-based
32,,,32,33,D1,2,1.000,30.000,2.000,0600:00.000_0700:00.000,0.000,0.000,0.000,0.000,0.000,1800.000,2.000,0.000,30.000,"LINESTRING (-112.136488 33.654552, -112.115040 33.654688)",simulation-based
32,,,32,33,D1,2,1.000,30.000,2.000,0700:00.000_0800:00.000,0.000,0.000,0.000,0.000,0.000,1800.000,2.000,0.000,30.000,"LINESTRING (-112.136488 33.654552, -112.115040 33.654688)",simulation-based
32,,,32,33,D1,2,1.000,30.000,2.000,0800:00.000_0900:00.000,0.000,0.000,0.000,0.000,0.000,1800.000,2.000,0.000,30.000,"LINESTRING (-112.136488 33.654552, -112.115040 33.654688)",simulation-based
32,,,32,33,D1,2,1.000,30.000,2.000,0900:00.000_1000:00.000,0.000,0.000,0.000,0.000,0.000,1800.000,2.000,0.000,30.000,"LINESTRING (-112.136488 33.654552, -112.115040 33.654688)",simulation-based
33,,,34,2,G1,2,1.000,20.000,3.000,0600:00.000_0700:00.000,231.000,249.000,231.000,9.000,18.000,3600.000,3.000,0.000,20.000,"LINESTRING (-112.063388 33.655055, -112.029867 33.655286)",simulation-based
33,,,34,2,G1,2,1.000,20.000,3.000,0700:00.000_0800:00.000,339.000,581.000,570.000,5.500,11.000,3600.000,3.000,0.000,20.000,"LINESTRING (-112.063388 33.655055, -112.029867 33.655286)",simulation-based
33,,,34,2,G1,2,1.000,20.000,3.000,0800:00.000_0900:00.000,428.000,1016.000,998.000,9.000,18.000,3600.000,3.000,0.000,20.000,"LINESTRING (-112.063388 33.655055, -112.029867 33.655286)",simulation-based
33,,,34,2,G1,2,1.000,20.000,3.000,0900:00.000_1000:00.000,414.000,1432.000,1412.000,10.000,20.000,3600.000,3.000,0.000,20.000,"LINESTRING (-112.063388 33.655055, -112.029867 33.655286)",simulation-based
34,,,33,35,E1,2,1.000,30.000,2.000,0600:00.000_0700:00.000,299.000,309.000,299.000,5.000,10.000,1800.000,2.000,0.000,30.000,"LINESTRING (-112.115040 33.654688, -112.088630 33.654881)",simulation-based
34,,,33,35,E1,2,1.000,30.000,2.000,0700:00.000_0800:00.000,333.000,650.000,632.000,9.000,18.000,1800.000,2.000,0.000,30.000,"LINESTRING (-112.115040 33.654688, -112.088630 33.654881)",simulation-based
34,,,33,35,E1,2,1.000,30.000,2.000,0800:00.000_0900:00.000,427.000,1073.000,1059.000,7.000,14.000,1800.000,2.000,0.000,30.000,"LINESTRING (-112.115040 33.654688, -112.088630 33.654881)",simulation-based
34,,,33,35,E1,2,1.000,30.000,2.000,0900:00.000_1000:00.000,414.000,1482.000,1473.000,4.500,9.000,1800.000,2.000,0.000,30.000,"LINESTRING (-112.115040 33.654688, -112.088630 33.654881)",simulation-based
35_credit,,,35,34,F1,2,1.000,10.000,6.000,0600:00.000_0700:00.000,249.000,299.000,249.000,25.000,50.000,1800.000,6.000,0.000,10.000,"LINESTRING (-112.088630 33.654881, -112.063388 33.655055)",simulation-based
35_credit,,,35,34,F1,2,1.000,10.000,6.000,0700:00.000_0800:00.000,332.000,632.000,581.000,25.500,51.000,1800.000,6.000,0.000,10.000,"LINESTRING (-112.088630 33.654881, -112.063388 33.655055)",simulation-based
35_credit,,,35,34,F1,2,1.000,10.000,6.000,0800:00.000_0900:00.000,435.000,1059.000,1016.000,21.500,43.000,1800.000,6.000,0.000,10.000,"LINESTRING (-112.088630 33.654881, -112.063388 33.655055)",simulation-based
35_credit,,,35,34,F1,2,1.000,10.000,6.000,0900:00.000_1000:00.000,416.000,1473.000,1432.000,20.500,41.000,1800.000,6.000,0.000,10.000,"LINESTRING (-112.088630 33.654881, -112.063388 33.655055)",simulation-based
36,,,36,31,C1,3,1.000,30.000,2.000,0600:00.000_0700:00.000,0.000,0.000,0.000,0.000,0.000,3000.000,2.000,0.000,30.000,"LINESTRING (-112.168880 33.660658, -112.161528 33.654379)",simulation-based
36,,,36,31,C1,3,1.000,30.000,2.000,0700:00.000_0800:00.000,0.000,0.000,0.000,0.000,0.000,3000.000,2.000,0.000,30.000,"LINESTRING (-112.168880 33.660658, -112.161528 33.654379)",simulation-based
36,,,36,31,C1,3,1.000,30.000,2.000,0800:00.000_0900:00.000,0.000,0.000,0.000,0.000,0.000,3000.000,2.000,0.000,30.000,"LINESTRING (-112.168880 33.660658, -112.161528 33.654379)",simulation-based
36,,,36,31,C1,3,1.000,30.000,2.000,0900:00.000_1000:00.000,0.000,0.000,0.000,0.000,0.000,3000.000,2.000,0.000,30.000,"LINESTRING (-112.168880 33.660658, -112.161528 33.654379)",simulation-based
37,,,31,36,C1,3,1.000,65.000,0.923,0600:00.000_0700:00.000,0.000,0.000,0.000,0.000,0.000,5700.000,0.923,0.000,65.000,"LINESTRING (-112.161528 33.654380, -112.168880 33.660658)",simulation-based
37,,,31,36,C1,3,1.000,65.000,0.923,0700:00.000_0800:00.000,0.000,0.000,0.000,0.000,0.000,5700.000,0.923,0.000,65.000,"LINESTRING (-112.161528 33.654380, -112.168880 33.660658)",simulation-based
37,,,31,36,C1,3,1.000,65.000,0.923,0800:00.000_0900:00.000,0.000,0.000,0.000,0.000,0.000,5700.000,0.923,0.000,65.000,"LINESTRING (-112.161528 33.654380, -112.168880 33.660658)",simulation-based
37,,,31,36,C1,3,1.000,65.000,0.923,0900:00.000_1000:00.000,0.000,0.000,0.000,0.000,0.000,5700.000,0.923,0.000,65.000,"LINESTRING (-112.161528 33.654380, -112.168880 33.660658)",simulation-based
38,,,31,37,C1,3,1.000,65.000,0.923,0600:00.000_0700:00.000,0.000,0.000,0.000,0.000,0.000,5700.000,0.923,0.000,65.000,"LINESTRING (-112.161528 33.654380, -112.168717 33.648094)",simulation-based
38,,,31,37,C1,3,1.000,65.000,0.923,0700:00.000_0800:00.000,0.000,0.000,0.000,0.000,0.000,5700.000,0.923,0.000,65.000,"LINESTRING (-112.161528 33.654380, -112.168717 33.648094)",simulation-based
38,,,31,37,C1,3,1.000,65.000,0.923,0800:00.000_0900:00.000,0.000,0.000,0.000,0.000,0.000,5700.000,0.923,0.000,65.000,"LINESTRING (-112.161528 33.654380, -112.168717 33.648094)",simulation-based
38,,,31,37,C1,3,1.000,65.000,0.923,0900:00.000_1000:00.000,0.000,0.000,0.000,0.000,0.000,5700.000,0.923,0.000,65.000,"LINESTRING (-112.161528 33.654380, -112.168717 33.648094)",simulation-based
39,,,37,31,C2,3,1.000,65.000,0.923,0600:00.000_0700:00.000,0.000,0.000,0.000,0.000,0.000,5700.000,0.923,0.000,65.000,"LINESTRING (-112.168717 33.648093, -112.161528 33.654379)",simulation-based
39,,,37,31,C2,3,1.000,65.000,0.923,0700:00.000_0800:00.000,0.000,0.000,0.000,0.000,0.000,5700.000,0.923,0.000,65.000,"LINESTRING (-112.168717 33.648093, -112.161528 33.654379)",simulation-based
39,,,37,31,C2,3,1.000,65.000,0.923,0800:00.000_0900:00.000,0.000,0.000,0.000,0.000,0.000,5700.000,0.923,0.000,65.000,"LINESTRING (-112.168717 33.648093, -112.161528 33.654379)",simulation-based
39,,,37,31,C2,3,1.000,65.000,0.923,0900:00.000_1000:00.000,0.000,0.000,0.000,0.000,0.000,5700.000,0.923,0.000,65.000,"LINESTRING (-112.168717 33.648093, -112.161528 33.654379)",simulation-based
40,,,38,33,E1,3,1.000,65.000,0.923,0600:00.000_0700:00.000,1550.000,1579.000,1550.000,9.667,29.000,5700.000,0.923,-0.000,65.000,"LINESTRING (-112.117524 33.662468, -112.115041 33.654688)",simulation-based
40,,,38,33,E1,3,1.000,65.000,0.923,0700:00.000_0800:00.000,1870.000,3449.000,3420.000,9.667,29.000,5700.000,0.923,-0.000,65.000,"LINESTRING (-112.117524 33.662468, -112.115041 33.654688)",simulation-based
40,,,38,33,E1,3,1.000,65.000,0.923,0800:00.000_0900:00.000,1905.000,5354.000,5325.000,9.667,29.000,5700.000,0.923,-0.000,65.000,"LINESTRING (-112.117524 33.662468, -112.115041 33.654688)",simulation-based
40,,,38,33,E1,3,1.000,65.000,0.923,0900:00.000_1000:00.000,1940.000,7295.000,7265.000,10.000,30.000,5700.000,0.923,-0.000,65.000,"LINESTRING (-112.117524 33.662468, -112.115041 33.654688)",simulation-based
41,,,33,38,E1,3,1.000,65.000,0.923,0600:00.000_0700:00.000,0.000,0.000,0.000,0.000,0.000,5700.000,0.923,0.000,65.000,"LINESTRING (-112.115040 33.654688, -112.117523 33.662469)",simulation-based
41,,,33,38,E1,3,1.000,65.000,0.923,0700:00.000_0800:00.000,0.000,0.000,0.000,0.000,0.000,5700.000,0.923,0.000,65.000,"LINESTRING (-112.115040 33.654688, -112.117523 33.662469)",simulation-based
41,,,33,38,E1,3,1.000,65.000,0.923,0800:00.000_0900:00.000,0.000,0.000,0.000,0.000,0.000,5700.000,0.923,0.000,65.000,"LINESTRING (-112.115040 33.654688, -112.117523 33.662469)",simulation-based
41,,,33,38,E1,3,1.000,65.000,0.923,0900:00.000_1000:00.000,0.000,0.000,0.000,0.000,0.000,5700.000,0.923,0.000,65.000,"LINESTRING (-112.115040 33.654688, -112.117523 33.662469)",simulation-based
42,,,33,39,E1,3,1.000,65.000,0.923,0600:00.000_0700:00.000,1212.000,1241.000,1212.000,9.667,29.000,5700.000,0.923,-0.000,65.000,"LINESTRING (-112.115041 33.654688, -112.115355 33.646833)",simulation-based
42,,,33,39,E1,3,1.000,65.000,0.923,0700:00.000_0800:00.000,1534.000,2770.000,2746.000,8.000,24.000,5700.000,0.923,-0.000,65.000,"LINESTRING (-112.115041 33.654688, -112.115355 33.646833)",simulation-based
42,,,33,39,E1,3,1.000,65.000,0.923,0800:00.000_0900:00.000,1486.000,4252.000,4232.000,6.667,20.000,5700.000,0.923,-0.000,65.000,"LINESTRING (-112.115041 33.654688, -112.115355 33.646833)",simulation-based
42,,,33,39,E1,3,1.000,65.000,0.923,0900:00.000_1000:00.000,1527.000,5783.000,5759.000,8.000,24.000,5700.000,0.923,-0.000,65.000,"LINESTRING (-112.115041 33.654688, -112.115355 33.646833)",simulation-based
43,,,39,33,E2,3,1.000,65.000,0.923,0600:00.000_0700:00.000,0.000,0.000,0.000,0.000,0.000,5700.000,0.923,0.000,65.000,"LINESTRING (-112.115354 33.646833, -112.115040 33.654688)",simulation-based
43,,,39,33,E2,3,1.000,65.000,0.923,0700:00.000_0800:00.000,0.000,0.000,0.000,0.000,0.000,5700.000,0.923,0.000,65.000,"LINESTRING (-112.115354 33.646833, -112.115040 33.654688)",simulation-based
43,,,39,33,E2,3,1.000,65.000,0.923,0800:00.000_0900:00.000,0.000,0.000,0.000,0.000,0.000,5700.000,0.923,0.000,65.000,"LINESTRING (-112.115354 33.646833, -112.115040 33.654688)",simulation-based
43,,,39,33,E2,3,1.000,65.000,0.923,0900:00.000_1000:00.000,0.000,0.000,0.000,0.000,0.000,5700.000,0.923,0.000,65.000,"LINESTRING (-112.115354 33.646833, -112.115040 33.654688)",simulation-based
44,,,40,35,F1,3,1.000,65.000,0.923,0600:00.000_0700:00.000,0.000,0.000,0.000,0.000,0.000,5700.000,0.923,0.000,65.000,"LINESTRING (-112.094357 33.660427, -112.088630 33.654881)",simulation-based
44,,,40,35,F1,3,1.000,65.000,0.923,0700:00.000_0800:00.000,0.000,0.000,0.000,0.000,0.000,5700.000,0.923,0.000,65.000,"LINESTRING (-112.094357 33.660427, -112.088630 33.654881)",simulation-based
44,,,40,35,F1,3,1.000,65.000,0.923,0800:00.000_0900:00.000,0.000,0.000,0.000,0.000,0.000,5700.000,0.923,0.000,65.000,"LINESTRING (-112.094357 33.660427, -112.088630 33.654881)",simulation-based
44,,,40,35,F1,3,1.000,65.000,0.923,0900:00.000_1000:00.000,0.000,0.000,0.000,0.000,0.000,5700.000,0.923,0.000,65.000,"LINESTRING (-112.094357 33.660427, -112.088630 33.654881)",simulation-based
45,,,35,40,F1,3,1.000,65.000,0.923,0600:00.000_0700:00.000,0.000,0.000,0.000,0.000,0.000,5700.000,0.923,0.000,65.000,"LINESTRING (-112.088630 33.654882, -112.094356 33.660427)",simulation-based
45,,,35,40,F1,3,1.000,65.000,0.923,0700:00.000_0800:00.000,0.000,0.000,0.000,0.000,0.000,5700.000,0.923,0.000,65.000,"LINESTRING (-112.088630 33.654882, -112.094356 33.660427)",simulation-based
45,,,35,40,F1,3,1.000,65.000,0.923,0800:00.000_0900:00.000,0.000,0.000,0.000,0.000,0.000,5700.000,0.923,0.000,65.000,"LINESTRING (-112.088630 33.654882, -112.094356 33.660427)",simulation-based
45,,,35,40,F1,3,1.000,65.000,0.923,0900:00.000_1000:00.000,0.000,0.000,0.000,0.000,0.000,5700.000,0.923,0.000,65.000,"LINESTRING (-112.088630 33.654882, -112.094356 33.660427)",simulation-based
46,,,35,41,F1,3,1.000,65.000,0.923,0600:00.000_0700:00.000,0.000,0.000,0.000,0.000,0.000,5700.000,0.923,0.000,65.000,"LINESTRING (-112.088630 33.654882, -112.099647 33.647918)",simulation-based
46,,,35,41,F1,3,1.000,65.000,0.923,0700:00.000_0800:00.000,0.000,0.000,0.000,0.000,0.000,5700.000,0.923,0.000,65.000,"LINESTRING (-112.088630 33.654882, -112.099647 33.647918)",simulation-based
46,,,35,41,F1,3,1.000,65.000,0.923,0800:00.000_0900:00.000,0.000,0.000,0.000,0.000,0.000,5700.000,0.923,0.000,65.000,"LINESTRING (-112.088630 33.654882, -112.099647 33.647918)",simulation-based
46,,,35,41,F1,3,1.000,65.000,0.923,0900:00.000_1000:00.000,0.000,0.000,0.000,0.000,0.000,5700.000,0.923,0.000,65.000,"LINESTRING (-112.088630 33.654882, -112.099647 33.647918)",simulation-based
47,,,41,35,F2,3,1.000,65.000,0.923,0600:00.000_0700:00.000,0.000,0.000,0.000,0.000,0.000,5700.000,0.923,0.000,65.000,"LINESTRING (-112.099647 33.647918, -112.088630 33.654881)",simulation-based
47,,,41,35,F2,3,1.000,65.000,0.923,0700:00.000_0800:00.000,0.000,0.000,0.000,0.000,0.000,5700.000,0.923,0.000,65.000,"LINESTRING (-112.099647 33.647918, -112.088630 33.654881)",simulation-based
47,,,41,35,F2,3,1.000,65.000,0.923,0800:00.000_0900:00.000,0.000,0.000,0.000,0.000,0.000,5700.000,0.923,0.000,65.000,"LINESTRING (-112.099647 33.647918, -112.088630 33.654881)",simulation-based
47,,,41,35,F2,3,1.000,65.000,0.923,0900:00.000_1000:00.000,0.000,0.000,0.000,0.000,0.000,5700.000,0.923,0.000,65.000,"LINESTRING (-112.099647 33.647918, -112.088630 33.654881)",simulation-based
48,,,4,36,B1,2,1.000,30.000,2.000,0600:00.000_0700:00.000,0.000,0.000,0.000,0.000,0.000,1400.000,2.000,0.000,30.000,"LINESTRING (-112.182704 33.667637, -112.168880 33.660658)",simulation-based
48,,,4,36,B1,2,1.000,30.000,2.000,0700:00.000_0800:00.000,0.000,0.000,0.000,0.000,0.000,1400.000,2.000,0.000,30.000,"LINESTRING (-112.182704 33.667637, -112.168880 33.660658)",simulation-based
48,,,4,36,B1,2,1.000,30.000,2.000,0800:00.000_0900:00.000,0.000,0.000,0.000,0.000,0.000,1400.000,2.000,0.000,30.000,"LINESTRING (-112.182704 33.667637, -112.168880 33.660658)",simulation-based
48,,,4,36,B1,2,1.000,30.000,2.000,0900:00.000_1000:00.000,0.000,0.000,0.000,0.000,0.000,1400.000,2.000,0.000,30.000,"LINESTRING (-112.182704 33.667637, -112.168880 33.660658)",simulation-based
49,,,2,34,H1,3,1.000,65.000,0.923,0600:00.000_0700:00.000,0.000,0.000,0.000,0.000,0.000,5700.000,0.923,0.000,65.000,"LINESTRING (-112.029867 33.655287, -112.063388 33.655056)",simulation-based
49,,,2,34,H1,3,1.000,65.000,0.923,0700:00.000_0800:00.000,0.000,0.000,0.000,0.000,0.000,5700.000,0.923,0.000,65.000,"LINESTRING (-112.029867 33.655287, -112.063388 33.655056)",simulation-based
49,,,2,34,H1,3,1.000,65.000,0.923,0800:00.000_0900:00.000,0.000,0.000,0.000,0.000,0.000,5700.000,0.923,0.000,65.000,"LINESTRING (-112.029867 33.655287, -112.063388 33.655056)",simulation-based
49,,,2,34,H1,3,1.000,65.000,0.923,0900:00.000_1000:00.000,0.000,0.000,0.000,0.000,0.000,5700.000,0.923,0.000,65.000,"LINESTRING (-112.029867 33.655287, -112.063388 33.655056)",simulation-based
50,,,34,35,G1,3,1.000,65.000,0.923,0600:00.000_0700:00.000,0.000,0.000,0.000,0.000,0.000,5700.000,0.923,0.000,65.000,"LINESTRING (-112.063388 33.655056, -112.088630 33.654882)",simulation-based
50,,,34,35,G1,3,1.000,65.000,0.923,0700:00.000_0800:00.000,0.000,0.000,0.000,0.000,0.000,5700.000,0.923,0.000,65.000,"LINESTRING (-112.063388 33.655056, -112.088630 33.654882)",simulation-based
50,,,34,35,G1,3,1.000,65.000,0.923,0800:00.000_0900:00.000,0.000,0.000,0.000,0.000,0.000,5700.000,0.923,0.000,65.000,"LINESTRING (-112.063388 33.655056, -112.088630 33.654882)",simulation-based
50,,,34,35,G1,3,1.000,65.000,0.923,0900:00.000_1000:00.000,0.000,0.000,0.000,0.000,0.000,5700.000,0.923,0.000,65.000,"LINESTRING (-112.063388 33.655056, -112.088630 33.654882)",simulation-based
51,,,35,33,F1,3,1.000,65.000,0.923,0600:00.000_0700:00.000,0.000,0.000,0.000,0.000,0.000,5700.000,0.923,0.000,65.000,"LINESTRING (-112.088630 33.654882, -112.115041 33.654688)",simulation-based
51,,,35,33,F1,3,1.000,65.000,0.923,0700:00.000_0800:00.000,0.000,0.000,0.000,0.000,0.000,5700.000,0.923,0.000,65.000,"LINESTRING (-112.088630 33.654882, -112.115041 33.654688)",simulation-based
51,,,35,33,F1,3,1.000,65.000,0.923,0800:00.000_0900:00.000,0.000,0.000,0.000,0.000,0.000,5700.000,0.923,0.000,65.000,"LINESTRING (-112.088630 33.654882, -112.115041 33.654688)",simulation-based
51,,,35,33,F1,3,1.000,65.000,0.923,0900:00.000_1000:00.000,0.000,0.000,0.000,0.000,0.000,5700.000,0.923,0.000,65.000,"LINESTRING (-112.088630 33.654882, -112.115041 33.654688)",simulation-based
52,,,33,32,E1,3,1.000,65.000,0.923,0600:00.000_0700:00.000,0.000,0.000,0.000,0.000,0.000,5700.000,0.923,0.000,65.000,"LINESTRING (-112.115041 33.654688, -112.136488 33.654552)",simulation-based
52,,,33,32,E1,3,1.000,65.000,0.923,0700:00.000_0800:00.000,0.000,0.000,0.000,0.000,0.000,5700.000,0.923,0.000,65.000,"LINESTRING (-112.115041 33.654688, -112.136488 33.654552)",simulation-based
52,,,33,32,E1,3,1.000,65.000,0.923,0800:00.000_0900:00.000,0.000,0.000,0.000,0.000,0.000,5700.000,0.923,0.000,65.000,"LINESTRING (-112.115041 33.654688, -112.136488 33.654552)",simulation-based
52,,,33,32,E1,3,1.000,65.000,0.923,0900:00.000_1000:00.000,0.000,0.000,0.000,0.000,0.000,5700.000,0.923,0.000,65.000,"LINESTRING (-112.115041 33.654688, -112.136488 33.654552)",simulation-based
53,,,32,31,D1,3,1.000,65.000,0.923,0600:00.000_0700:00.000,0.000,0.000,0.000,0.000,0.000,5700.000,0.923,0.000,65.000,"LINESTRING (-112.136488 33.654552, -112.161528 33.654380)",simulation-based
53,,,32,31,D1,3,1.000,65.000,0.923,0700:00.000_0800:00.000,0.000,0.000,0.000,0.000,0.000,5700.000,0.923,0.000,65.000,"LINESTRING (-112.136488 33.654552, -112.161528 33.654380)",simulation-based
53,,,32,31,D1,3,1.000,65.000,0.923,0800:00.000_0900:00.000,0.000,0.000,0.000,0.000,0.000,5700.000,0.923,0.000,65.000,"LINESTRING (-112.136488 33.654552, -112.161528 33.654380)",simulation-based
53,,,32,31,D1,3,1.000,65.000,0.923,0900:00.000_1000:00.000,0.000,0.000,0.000,0.000,0.000,5700.000,0.923,0.000,65.000,"LINESTRING (-112.136488 33.654552, -112.161528 33.654380)",simulation-based
54,,,31,30,C1,3,1.000,65.000,0.923,0600:00.000_0700:00.000,0.000,0.000,0.000,0.000,0.000,5700.000,0.923,0.000,65.000,"LINESTRING (-112.161528 33.654380, -112.188588 33.654193)",simulation-based
54,,,31,30,C1,3,1.000,65.000,0.923,0700:00.000_0800:00.000,0.000,0.000,0.000,0.000,0.000,5700.000,0.923,0.000,65.000,"LINESTRING (-112.161528 33.654380, -112.188588 33.654193)",simulation-based
54,,,31,30,C1,3,1.000,65.000,0.923,0800:00.000_0900:00.000,0.000,0.000,0.000,0.000,0.000,5700.000,0.923,0.000,65.000,"LINESTRING (-112.161528 33.654380, -112.188588 33.654193)",simulation-based
54,,,31,30,C1,3,1.000,65.000,0.923,0900:00.000_1000:00.000,0.000,0.000,0.000,0.000,0.000,5700.000,0.923,0.000,65.000,"LINESTRING (-112.161528 33.654380, -112.188588 33.654193)",simulation-based
55,,,30,1,B1,3,1.000,65.000,0.923,0600:00.000_0700:00.000,0.000,0.000,0.000,0.000,0.000,5700.000,0.923,0.000,65.000,"LINESTRING (-112.188588 33.654193, -112.216413 33.653927)",simulation-based
55,,,30,1,B1,3,1.000,65.000,0.923,0700:00.000_0800:00.000,0.000,0.000,0.000,0.000,0.000,5700.000,0.923,0.000,65.000,"LINESTRING (-112.188588 33.654193, -112.216413 33.653927)",simulation-based
55,,,30,1,B1,3,1.000,65.000,0.923,0800:00.000_0900:00.000,0.000,0.000,0.000,0.000,0.000,5700.000,0.923,0.000,65.000,"LINESTRING (-112.188588 33.654193, -112.216413 33.653927)",simulation-based
55,,,30,1,B1,3,1.000,65.000,0.923,0900:00.000_1000:00.000,0.000,0.000,0.000,0.000,0.000,5700.000,0.923,0.000,65.000,"LINESTRING (-112.188588 33.654193, -112.216413 33.653927)",simulation-based
56,,,7,38,E1,1,1.000,65.000,0.923,0600:00.000_0700:00.000,1579.000,1745.000,1579.000,166.000,166.000,1900.000,0.924,0.025,64.970,"LINESTRING (-112.120306 33.668067, -112.117524 33.662468)",simulation-based
56,,,7,38,E1,1,1.000,65.000,0.923,0700:00.000_0800:00.000,1870.000,4430.000,3449.000,981.000,981.000,1900.000,0.925,0.142,64.834,"LINESTRING (-112.120306 33.668067, -112.117524 33.662468)",simulation-based
56,,,7,38,E1,1,1.000,65.000,0.923,0800:00.000_0900:00.000,1905.000,7232.000,5354.000,1878.000,1878.000,1900.000,0.928,0.266,64.689,"LINESTRING (-112.120306 33.668067, -112.117524 33.662468)",simulation-based
56,,,7,38,E1,1,1.000,65.000,0.923,0900:00.000_1000:00.000,1941.000,9882.000,7295.000,2587.000,2587.000,1900.000,0.923,0.000,65.000,"LINESTRING (-112.120306 33.668067, -112.117524 33.662468)",simulation-based
57,,,38,7,E1,1,1.000,65.000,0.923,0600:00.000_0700:00.000,0.000,0.000,0.000,0.000,0.000,1900.000,0.923,0.000,65.000,"LINESTRING (-112.117523 33.662469, -112.120306 33.668067)",simulation-based
57,,,38,7,E1,1,1.000,65.000,0.923,0700:00.000_0800:00.000,0.000,0.000,0.000,0.000,0.000,1900.000,0.923,0.000,65.000,"LINESTRING (-112.117523 33.662469, -112.120306 33.668067)",simulation-based
57,,,38,7,E1,1,1.000,65.000,0.923,0800:00.000_0900:00.000,0.000,0.000,0.000,0.000,0.000,1900.000,0.923,0.000,65.000,"LINESTRING (-112.117523 33.662469, -112.120306 33.668067)",simulation-based
57,,,38,7,E1,1,1.000,65.000,0.923,0900:00.000_1000:00.000,0.000,0.000,0.000,0.000,0.000,1900.000,0.923,0.000,65.000,"LINESTRING (-112.117523 33.662469, -112.120306 33.668067)",simulation-based
58,,,39,23,E2,1,1.000,65.000,0.923,0600:00.000_0700:00.000,1187.000,1212.000,1187.000,25.000,25.000,1900.000,0.923,0.001,64.999,"LINESTRING (-112.115355 33.646833, -112.117340 33.639870)",simulation-based
58,,,39,23,E2,1,1.000,65.000,0.923,0700:00.000_0800:00.000,1536.000,2746.000,2723.000,23.000,23.000,1900.000,0.923,0.000,65.000,"LINESTRING (-112.115355 33.646833, -112.117340 33.639870)",simulation-based
58,,,39,23,E2,1,1.000,65.000,0.923,0800:00.000_0900:00.000,1486.000,4232.000,4209.000,23.000,23.000,1900.000,0.923,0.000,65.000,"LINESTRING (-112.115355 33.646833, -112.117340 33.639870)",simulation-based
58,,,39,23,E2,1,1.000,65.000,0.923,0900:00.000_1000:00.000,1525.000,5759.000,5734.000,25.000,25.000,1900.000,0.923,-0.000,65.000,"LINESTRING (-112.115355 33.646833, -112.117340 33.639870)",simulation-based
59,,,23,39,E2,1,1.000,65.000,0.923,0600:00.000_0700:00.000,0.000,0.000,0.000,0.000,0.000,1900.000,0.923,0.000,65.000,"LINESTRING (-112.117340 33.639870, -112.115354 33.646833)",simulation-based
59,,,23,39,E2,1,1.000,65.000,0.923,0700:00.000_0800:00.000,0.000,0.000,0.000,0.000,0.000,1900.000,0.923,0.000,65.000,"LINESTRING (-112.117340 33.639870, -112.115354 33.646833)",simulation-based
59,,,23,39,E2,1,1.000,65.000,0.923,0800:00.000_0900:00.000,0.000,0.000,0.000,0.000,0.000,1900.000,0.923,0.000,65.000,"LINESTRING (-112.117340 33.639870, -112.115354 33.646833)",simulation-based
59,,,23,39,E2,1,1.000,65.000,0.923,0900:00.000_1000:00.000,0.000,0.000,0.000,0.000,0.000,1900.000,0.923,0.000,65.000,"LINESTRING (-112.117340 33.639870, -112.115354 33.646833)",simulation-based
60,,,7,42,E1,1,1.000,65.000,0.923,0600:00.000_0700:00.000,1269.000,1311.000,1269.000,42.000,42.000,1900.000,0.923,0.003,64.996,"LINESTRING (-112.120306 33.668067, -112.119621 33.671412)",simulation-based
60,,,7,42,E1,1,1.000,65.000,0.923,0700:00.000_0800:00.000,1868.000,3344.000,3137.000,207.000,207.000,1900.000,0.923,0.024,64.972,"LINESTRING (-112.120306 33.668067, -112.119621 33.671412)",simulation-based
60,,,7,42,E1,1,1.000,65.000,0.923,0800:00.000_0900:00.000,1905.000,5436.000,5042.000,394.000,394.000,1900.000,0.924,0.055,64.936,"LINESTRING (-112.120306 33.668067, -112.119621 33.671412)",simulation-based
60,,,7,42,E1,1,1.000,65.000,0.923,0900:00.000_1000:00.000,1941.000,7162.000,6983.000,179.000,179.000,1900.000,0.923,-0.000,65.000,"LINESTRING (-112.120306 33.668067, -112.119621 33.671412)",simulation-based
61,,,42,7,E1,1,1.000,65.000,0.923,0600:00.000_0700:00.000,1231.000,1268.000,1231.000,37.000,37.000,1900.000,0.923,0.002,64.997,"LINESTRING (-112.119622 33.671412, -112.120306 33.668067)",simulation-based
61,,,42,7,E1,1,1.000,65.000,0.923,0700:00.000_0800:00.000,1864.000,3139.000,3095.000,44.000,44.000,1900.000,0.923,0.002,64.998,"LINESTRING (-112.119622 33.671412, -112.120306 33.668067)",simulation-based
61,,,42,7,E1,1,1.000,65.000,0.923,0800:00.000_0900:00.000,1905.000,5053.000,5000.000,53.000,53.000,1900.000,0.923,0.003,64.996,"LINESTRING (-112.119622 33.671412, -112.120306 33.668067)",simulation-based
61,,,42,7,E1,1,1.000,65.000,0.923,0900:00.000_1000:00.000,1941.000,6990.000,6941.000,49.000,49.000,1900.000,0.923,0.000,65.000,"LINESTRING (-112.119622 33.671412, -112.120306 33.668067)",simulation-based
62,,,23,43,E2,1,1.000,65.000,0.923,0600:00.000_0700:00.000,1006.000,1033.000,1006.000,27.000,27.000,1900.000,0.923,0.000,65.000,"LINESTRING (-112.117340 33.639870, -112.116949 33.634858)",simulation-based
62,,,23,43,E2,1,1.000,65.000,0.923,0700:00.000_0800:00.000,1350.000,2378.000,2356.000,22.000,22.000,1900.000,0.923,0.000,65.000,"LINESTRING (-112.117340 33.639870, -112.116949 33.634858)",simulation-based
62,,,23,43,E2,1,1.000,65.000,0.923,0800:00.000_0900:00.000,1278.000,3658.000,3634.000,24.000,24.000,1900.000,0.923,0.000,65.000,"LINESTRING (-112.117340 33.639870, -112.116949 33.634858)",simulation-based
62,,,23,43,E2,1,1.000,65.000,0.923,0900:00.000_1000:00.000,1328.000,4983.000,4962.000,21.000,21.000,1900.000,0.923,-0.000,65.000,"LINESTRING (-112.117340 33.639870, -112.116949 33.634858)",simulation-based
63,,,43,23,E2,1,1.000,65.000,0.923,0600:00.000_0700:00.000,989.000,1003.000,989.000,14.000,14.000,1900.000,0.923,0.001,64.999,"LINESTRING (-112.116948 33.634858, -112.117340 33.639870)",simulation-based
63,,,43,23,E2,1,1.000,65.000,0.923,0700:00.000_0800:00.000,1350.000,2364.000,2339.000,25.000,25.000,1900.000,0.923,0.000,65.000,"LINESTRING (-112.116948 33.634858, -112.117340 33.639870)",simulation-based
63,,,43,23,E2,1,1.000,65.000,0.923,0800:00.000_0900:00.000,1298.000,3659.000,3637.000,22.000,22.000,1900.000,0.923,0.000,65.000,"LINESTRING (-112.116948 33.634858, -112.117340 33.639870)",simulation-based
63,,,43,23,E2,1,1.000,65.000,0.923,0900:00.000_1000:00.000,1335.000,4991.000,4972.000,19.000,19.000,1900.000,0.923,-0.000,65.000,"LINESTRING (-112.116948 33.634858, -112.117340 33.639870)",simulation-based
64,,,11,44,H1,1,1.000,65.000,0.923,0600:00.000_0700:00.000,0.000,0.000,0.000,0.000,0.000,1900.000,0.923,0.000,65.000,"LINESTRING (-112.046196 33.668577, -112.005727 33.668752)",simulation-based
64,,,11,44,H1,1,1.000,65.000,0.923,0700:00.000_0800:00.000,0.000,0.000,0.000,0.000,0.000,1900.000,0.923,0.000,65.000,"LINESTRING (-112.046196 33.668577, -112.005727 33.668752)",simulation-based
64,,,11,44,H1,1,1.000,65.000,0.923,0800:00.000_0900:00.000,0.000,0.000,0.000,0.000,0.000,1900.000,0.923,0.000,65.000,"LINESTRING (-112.046196 33.668577, -112.005727 33.668752)",simulation-based
64,,,11,44,H1,1,1.000,65.000,0.923,0900:00.000_1000:00.000,0.000,0.000,0.000,0.000,0.000,1900.000,0.923,0.000,65.000,"LINESTRING (-112.046196 33.668577, -112.005727 33.668752)",simulation-based
65,,,44,11,I1,1,1.000,65.000,0.923,0600:00.000_0700:00.000,0.000,0.000,0.000,0.000,0.000,1900.000,0.923,0.000,65.000,"LINESTRING (-112.005727 33.668753, -112.046196 33.668578)",simulation-based
65,,,44,11,I1,1,1.000,65.000,0.923,0700:00.000_0800:00.000,0.000,0.000,0.000,0.000,0.000,1900.000,0.923,0.000,65.000,"LINESTRING (-112.005727 33.668753, -112.046196 33.668578)",simulation-based
65,,,44,11,I1,1,1.000,65.000,0.923,0800:00.000_0900:00.000,0.000,0.000,0.000,0.000,0.000,1900.000,0.923,0.000,65.000,"LINESTRING (-112.005727 33.668753, -112.046196 33.668578)",simulation-based
65,,,44,11,I1,1,1.000,65.000,0.923,0900:00.000_1000:00.000,0.000,0.000,0.000,0.000,0.000,1900.000,0.923,0.000,65.000,"LINESTRING (-112.005727 33.668753, -112.046196 33.668578)",simulation-based
66,,,44,45,I1,1,1.000,65.000,0.923,0600:00.000_0700:00.000,0.000,0.000,0.000,0.000,0.000,1900.000,0.923,0.000,65.000,"LINESTRING (-112.005727 33.668752, -111.963730 33.667623)",simulation-based
66,,,44,45,I1,1,1.000,65.000,0.923,0700:00.000_0800:00.000,0.000,0.000,0.000,0.000,0.000,1900.000,0.923,0.000,65.000,"LINESTRING (-112.005727 33.668752, -111.963730 33.667623)",simulation-based
66,,,44,45,I1,1,1.000,65.000,0.923,0800:00.000_0900:00.000,0.000,0.000,0.000,0.000,0.000,1900.000,0.923,0.000,65.000,"LINESTRING (-112.005727 33.668752, -111.963730 33.667623)",simulation-based
66,,,44,45,I1,1,1.000,65.000,0.923,0900:00.000_1000:00.000,0.000,0.000,0.000,0.000,0.000,1900.000,0.923,0.000,65.000,"LINESTRING (-112.005727 33.668752, -111.963730 33.667623)",simulation-based
67,,,45,44,K1,1,1.000,65.000,0.923,0600:00.000_0700:00.000,0.000,0.000,0.000,0.000,0.000,1900.000,0.923,0.000,65.000,"LINESTRING (-111.963730 33.667624, -112.005727 33.668753)",simulation-based
67,,,45,44,K1,1,1.000,65.000,0.923,0700:00.000_0800:00.000,0.000,0.000,0.000,0.000,0.000,1900.000,0.923,0.000,65.000,"LINESTRING (-111.963730 33.667624, -112.005727 33.668753)",simulation-based
67,,,45,44,K1,1,1.000,65.000,0.923,0800:00.000_0900:00.000,0.000,0.000,0.000,0.000,0.000,1900.000,0.923,0.000,65.000,"LINESTRING (-111.963730 33.667624, -112.005727 33.668753)",simulation-based
67,,,45,44,K1,1,1.000,65.000,0.923,0900:00.000_1000:00.000,0.000,0.000,0.000,0.000,0.000,1900.000,0.923,0.000,65.000,"LINESTRING (-111.963730 33.667624, -112.005727 33.668753)",simulation-based
68,,,45,46,K1,1,1.000,65.000,0.923,0600:00.000_0700:00.000,0.000,0.000,0.000,0.000,0.000,1900.000,0.923,0.000,65.000,"LINESTRING (-111.963730 33.667623, -111.932894 33.662770)",simulation-based
68,,,45,46,K1,1,1.000,65.000,0.923,0700:00.000_0800:00.000,0.000,0.000,0.000,0.000,0.000,1900.000,0.923,0.000,65.000,"LINESTRING (-111.963730 33.667623, -111.932894 33.662770)",simulation-based
68,,,45,46,K1,1,1.000,65.000,0.923,0800:00.000_0900:00.000,0.000,0.000,0.000,0.000,0.000,1900.000,0.923,0.000,65.000,"LINESTRING (-111.963730 33.667623, -111.932894 33.662770)",simulation-based
68,,,45,46,K1,1,1.000,65.000,0.923,0900:00.000_1000:00.000,0.000,0.000,0.000,0.000,0.000,1900.000,0.923,0.000,65.000,"LINESTRING (-111.963730 33.667623, -111.932894 33.662770)",simulation-based
69,,,46,45,L1,1,1.000,65.000,0.923,0600:00.000_0700:00.000,0.000,0.000,0.000,0.000,0.000,1900.000,0.923,0.000,65.000,"LINESTRING (-111.932894 33.662771, -111.963730 33.667624)",simulation-based
69,,,46,45,L1,1,1.000,65.000,0.923,0700:00.000_0800:00.000,0.000,0.000,0.000,0.000,0.000,1900.000,0.923,0.000,65.000,"LINESTRING (-111.932894 33.662771, -111.963730 33.667624)",simulation-based
69,,,46,45,L1,1,1.000,65.000,0.923,0800:00.000_0900:00.000,0.000,0.000,0.000,0.000,0.000,1900.000,0.923,0.000,65.000,"LINESTRING (-111.932894 33.662771, -111.963730 33.667624)",simulation-based
69,,,46,45,L1,1,1.000,65.000,0.923,0900:00.000_1000:00.000,0.000,0.000,0.000,0.000,0.000,1900.000,0.923,0.000,65.000,"LINESTRING (-111.932894 33.662771, -111.963730 33.667624)",simulation-based
70,,,2,47,H1,1,1.000,65.000,0.923,0600:00.000_0700:00.000,0.000,0.000,0.000,0.000,0.000,1900.000,0.923,0.000,65.000,"LINESTRING (-112.029867 33.655286, -112.002470 33.654895)",simulation-based
70,,,2,47,H1,1,1.000,65.000,0.923,0700:00.000_0800:00.000,0.000,0.000,0.000,0.000,0.000,1900.000,0.923,0.000,65.000,"LINESTRING (-112.029867 33.655286, -112.002470 33.654895)",simulation-based
70,,,2,47,H1,1,1.000,65.000,0.923,0800:00.000_0900:00.000,0.000,0.000,0.000,0.000,0.000,1900.000,0.923,0.000,65.000,"LINESTRING (-112.029867 33.655286, -112.002470 33.654895)",simulation-based
70,,,2,47,H1,1,1.000,65.000,0.923,0900:00.000_1000:00.000,0.000,0.000,0.000,0.000,0.000,1900.000,0.923,0.000,65.000,"LINESTRING (-112.029867 33.655286, -112.002470 33.654895)",simulation-based
71,,,47,2,I1,1,1.000,65.000,0.923,0600:00.000_0700:00.000,0.000,0.000,0.000,0.000,0.000,1900.000,0.923,0.000,65.000,"LINESTRING (-112.002470 33.654896, -112.029867 33.655287)",simulation-based
71,,,47,2,I1,1,1.000,65.000,0.923,0700:00.000_0800:00.000,0.000,0.000,0.000,0.000,0.000,1900.000,0.923,0.000,65.000,"LINESTRING (-112.002470 33.654896, -112.029867 33.655287)",simulation-based
71,,,47,2,I1,1,1.000,65.000,0.923,0800:00.000_0900:00.000,0.000,0.000,0.000,0.000,0.000,1900.000,0.923,0.000,65.000,"LINESTRING (-112.002470 33.654896, -112.029867 33.655287)",simulation-based
71,,,47,2,I1,1,1.000,65.000,0.923,0900:00.000_1000:00.000,0.000,0.000,0.000,0.000,0.000,1900.000,0.923,0.000,65.000,"LINESTRING (-112.002470 33.654896, -112.029867 33.655287)",simulation-based
72,,,47,48,I1,1,1.000,65.000,0.923,0600:00.000_0700:00.000,0.000,0.000,0.000,0.000,0.000,1900.000,0.923,0.000,65.000,"LINESTRING (-112.002470 33.654895, -111.964208 33.653639)",simulation-based
72,,,47,48,I1,1,1.000,65.000,0.923,0700:00.000_0800:00.000,0.000,0.000,0.000,0.000,0.000,1900.000,0.923,0.000,65.000,"LINESTRING (-112.002470 33.654895, -111.964208 33.653639)",simulation-based
72,,,47,48,I1,1,1.000,65.000,0.923,0800:00.000_0900:00.000,0.000,0.000,0.000,0.000,0.000,1900.000,0.923,0.000,65.000,"LINESTRING (-112.002470 33.654895, -111.964208 33.653639)",simulation-based
72,,,47,48,I1,1,1.000,65.000,0.923,0900:00.000_1000:00.000,0.000,0.000,0.000,0.000,0.000,1900.000,0.923,0.000,65.000,"LINESTRING (-112.002470 33.654895, -111.964208 33.653639)",simulation-based
73,,,48,47,K1,1,1.000,65.000,0.923,0600:00.000_0700:00.000,0.000,0.000,0.000,0.000,0.000,1900.000,0.923,0.000,65.000,"LINESTRING (-111.964207 33.653640, -112.002470 33.654896)",simulation-based
73,,,48,47,K1,1,1.000,65.000,0.923,0700:00.000_0800:00.000,0.000,0.000,0.000,0.000,0.000,1900.000,0.923,0.000,65.000,"LINESTRING (-111.964207 33.653640, -112.002470 33.654896)",simulation-based
73,,,48,47,K1,1,1.000,65.000,0.923,0800:00.000_0900:00.000,0.000,0.000,0.000,0.000,0.000,1900.000,0.923,0.000,65.000,"LINESTRING (-111.964207 33.653640, -112.002470 33.654896)",simulation-based
73,,,48,47,K1,1,1.000,65.000,0.923,0900:00.000_1000:00.000,0.000,0.000,0.000,0.000,0.000,1900.000,0.923,0.000,65.000,"LINESTRING (-111.964207 33.653640, -112.002470 33.654896)",simulation-based
74,,,48,49,K1,1,1.000,65.000,0.923,0600:00.000_0700:00.000,0.000,0.000,0.000,0.000,0.000,1900.000,0.923,0.000,65.000,"LINESTRING (-111.964207 33.653639, -111.929702 33.653978)",simulation-based
74,,,48,49,K1,1,1.000,65.000,0.923,0700:00.000_0800:00.000,0.000,0.000,0.000,0.000,0.000,1900.000,0.923,0.000,65.000,"LINESTRING (-111.964207 33.653639, -111.929702 33.653978)",simulation-based
74,,,48,49,K1,1,1.000,65.000,0.923,0800:00.000_0900:00.000,0.000,0.000,0.000,0.000,0.000,1900.000,0.923,0.000,65.000,"LINESTRING (-111.964207 33.653639, -111.929702 33.653978)",simulation-based
74,,,48,49,K1,1,1.000,65.000,0.923,0900:00.000_1000:00.000,0.000,0.000,0.000,0.000,0.000,1900.000,0.923,0.000,65.000,"LINESTRING (-111.964207 33.653639, -111.929702 33.653978)",simulation-based
75,,,49,48,L1,1,1.000,65.000,0.923,0600:00.000_0700:00.000,0.000,0.000,0.000,0.000,0.000,1900.000,0.923,0.000,65.000,"LINESTRING (-111.929702 33.653979, -111.964208 33.653640)",simulation-based
75,,,49,48,L1,1,1.000,65.000,0.923,0700:00.000_0800:00.000,0.000,0.000,0.000,0.000,0.000,1900.000,0.923,0.000,65.000,"LINESTRING (-111.929702 33.653979, -111.964208 33.653640)",simulation-based
75,,,49,48,L1,1,1.000,65.000,0.923,0800:00.000_0900:00.000,0.000,0.000,0.000,0.000,0.000,1900.000,0.923,0.000,65.000,"LINESTRING (-111.929702 33.653979, -111.964208 33.653640)",simulation-based
75,,,49,48,L1,1,1.000,65.000,0.923,0900:00.000_1000:00.000,0.000,0.000,0.000,0.000,0.000,1900.000,0.923,0.000,65.000,"LINESTRING (-111.929702 33.653979, -111.964208 33.653640)",simulation-based
76,,,44,47,I1,1,1.000,65.000,0.923,0600:00.000_0700:00.000,0.000,0.000,0.000,0.000,0.000,1900.000,0.923,0.000,65.000,"LINESTRING (-112.005728 33.668752, -112.002470 33.654895)",simulation-based
76,,,44,47,I1,1,1.000,65.000,0.923,0700:00.000_0800:00.000,0.000,0.000,0.000,0.000,0.000,1900.000,0.923,0.000,65.000,"LINESTRING (-112.005728 33.668752, -112.002470 33.654895)",simulation-based
76,,,44,47,I1,1,1.000,65.000,0.923,0800:00.000_0900:00.000,0.000,0.000,0.000,0.000,0.000,1900.000,0.923,0.000,65.000,"LINESTRING (-112.005728 33.668752, -112.002470 33.654895)",simulation-based
76,,,44,47,I1,1,1.000,65.000,0.923,0900:00.000_1000:00.000,0.000,0.000,0.000,0.000,0.000,1900.000,0.923,0.000,65.000,"LINESTRING (-112.005728 33.668752, -112.002470 33.654895)",simulation-based
77,,,47,44,I1,1,1.000,65.000,0.923,0600:00.000_0700:00.000,0.000,0.000,0.000,0.000,0.000,1900.000,0.923,0.000,65.000,"LINESTRING (-112.002470 33.654895, -112.005727 33.668752)",simulation-based
77,,,47,44,I1,1,1.000,65.000,0.923,0700:00.000_0800:00.000,0.000,0.000,0.000,0.000,0.000,1900.000,0.923,0.000,65.000,"LINESTRING (-112.002470 33.654895, -112.005727 33.668752)",simulation-based
77,,,47,44,I1,1,1.000,65.000,0.923,0800:00.000_0900:00.000,0.000,0.000,0.000,0.000,0.000,1900.000,0.923,0.000,65.000,"LINESTRING (-112.002470 33.654895, -112.005727 33.668752)",simulation-based
77,,,47,44,I1,1,1.000,65.000,0.923,0900:00.000_1000:00.000,0.000,0.000,0.000,0.000,0.000,1900.000,0.923,0.000,65.000,"LINESTRING (-112.002470 33.654895, -112.005727 33.668752)",simulation-based
78,,,47,50,I1,1,1.000,65.000,0.923,0600:00.000_0700:00.000,0.000,0.000,0.000,0.000,0.000,1900.000,0.923,0.000,65.000,"LINESTRING (-112.002470 33.654895, -112.001827 33.639197)",simulation-based
78,,,47,50,I1,1,1.000,65.000,0.923,0700:00.000_0800:00.000,0.000,0.000,0.000,0.000,0.000,1900.000,0.923,0.000,65.000,"LINESTRING (-112.002470 33.654895, -112.001827 33.639197)",simulation-based
78,,,47,50,I1,1,1.000,65.000,0.923,0800:00.000_0900:00.000,0.000,0.000,0.000,0.000,0.000,1900.000,0.923,0.000,65.000,"LINESTRING (-112.002470 33.654895, -112.001827 33.639197)",simulation-based
78,,,47,50,I1,1,1.000,65.000,0.923,0900:00.000_1000:00.000,0.000,0.000,0.000,0.000,0.000,1900.000,0.923,0.000,65.000,"LINESTRING (-112.002470 33.654895, -112.001827 33.639197)",simulation-based
79,,,50,47,I2,1,1.000,65.000,0.923,0600:00.000_0700:00.000,0.000,0.000,0.000,0.000,0.000,1900.000,0.923,0.000,65.000,"LINESTRING (-112.001826 33.639197, -112.002470 33.654895)",simulation-based
79,,,50,47,I2,1,1.000,65.000,0.923,0700:00.000_0800:00.000,0.000,0.000,0.000,0.000,0.000,1900.000,0.923,0.000,65.000,"LINESTRING (-112.001826 33.639197, -112.002470 33.654895)",simulation-based
79,,,50,47,I2,1,1.000,65.000,0.923,0800:00.000_0900:00.000,0.000,0.000,0.000,0.000,0.000,1900.000,0.923,0.000,65.000,"LINESTRING (-112.001826 33.639197, -112.002470 33.654895)",simulation-based
79,,,50,47,I2,1,1.000,65.000,0.923,0900:00.000_1000:00.000,0.000,0.000,0.000,0.000,0.000,1900.000,0.923,0.000,65.000,"LINESTRING (-112.001826 33.639197, -112.002470 33.654895)",simulation-based
