link_id,tmc_corridor_name,link_type_name,from_node_id,to_node_id,from_cell_code,lanes,link_distance_in_km,free_speed,FFTT,time_period,volume,CA,CD,density,queue_link_distance_in_km,discharge_rate_per_period,travel_time,waiting_time_in_min,RT_speed,speed,geometry,notes
1,,,1,3,,3,1.950,60.000,1.212,0600:00.000_0700:00.000,3566.000,3628.000,3566.000,10.596,62.000,5700.000,1.212,0.000,60.000,"LINESTRING (-112.2164130 33.6539270, -112.2031120 33.6675560)",simulation-based
1,,,1,3,,3,1.950,60.000,1.212,0700:00.000_0800:00.000,3507.000,7253.000,7073.000,30.763,180.000,5700.000,1.212,0.000,60.000,"LINESTRING (-112.2164130 33.6539270, -112.2031120 33.6675560)",simulation-based
1,,,1,3,,3,1.950,60.000,1.212,0800:00.000_0900:00.000,3513.000,10875.000,10586.000,49.392,289.000,5700.000,1.212,0.000,60.000,"LINESTRING (-112.2164130 33.6539270, -112.2031120 33.6675560)",simulation-based
1,,,1,3,,3,1.950,60.000,1.212,0900:00.000_1000:00.000,3612.000,14500.000,14198.000,51.613,302.000,5700.000,1.212,0.000,60.000,"LINESTRING (-112.2164130 33.6539270, -112.2031120 33.6675560)",simulation-based
1,,,1,3,,3,1.950,60.000,1.212,1000:00.000_1100:00.000,302.000,14500.000,14500.000,0.000,0.000,5700.000,1.212,0.000,60.000,"LINESTRING (-112.2164130 33.6539270, -112.2031120 33.6675560)",simulation-based
2,,,3,4,,3,1.892,60.000,1.176,0600:00.000_0700:00.000,3235.000,3566.000,3235.000,58.317,331.000,5400.000,1.198,0.022,58.894,"LINESTRING (-112.2031120 33.6675560, -112.1827040 33.6676370)",simulation-based
2,,,3,4,,3,1.892,60.000,1.176,0700:00.000_0800:00.000,3323.000,7073.000,6558.000,90.735,515.000,5400.000,1.230,0.054,57.376,"LINESTRING (-112.2031120 33.6675560, -112.1827040 33.6676370)",simulation-based
2,,,3,4,,3,1.892,60.000,1.176,0800:00.000_0900:00.000,3406.000,10586.000,9964.000,109.587,622.000,5400.000,1.240,0.064,56.900,"LINESTRING (-112.2031120 33.6675560, -112.1827040 33.6676370)",simulation-based
2,,,3,4,,3,1.892,60.000,1.176,0900:00.000_1000:00.000,3311.000,14198.000,13275.000,162.618,923.000,5400.000,1.176,0.000,60.000,"LINESTRING (-112.2031120 33.6675560, -112.1827040 33.6676370)",simulation-based
2,,,3,4,,3,1.892,60.000,1.176,1000:00.000_1100:00.000,1225.000,14500.000,14500.000,0.000,0.000,5400.000,1.176,0.000,60.000,"LINESTRING (-112.2031120 33.6675560, -112.1827040 33.6676370)",simulation-based
3,,,4,5,,3,1.816,60.000,1.129,0600:00.000_0700:00.000,3155.000,3235.000,3155.000,14.684,80.000,5400.000,1.129,0.000,59.998,"LINESTRING (-112.1827040 33.6676370, -112.1631160 33.6677720)",simulation-based
3,,,4,5,,3,1.816,60.000,1.129,0700:00.000_0800:00.000,3356.000,6558.000,6511.000,8.627,47.000,5400.000,1.129,0.000,59.998,"LINESTRING (-112.1827040 33.6676370, -112.1631160 33.6677720)",simulation-based
3,,,4,5,,3,1.816,60.000,1.129,0800:00.000_0900:00.000,3383.000,9964.000,9894.000,12.849,70.000,5400.000,1.129,0.000,59.995,"LINESTRING (-112.1827040 33.6676370, -112.1631160 33.6677720)",simulation-based
3,,,4,5,,3,1.816,60.000,1.129,0900:00.000_1000:00.000,3325.000,13278.000,13219.000,10.830,59.000,5400.000,1.129,0.000,59.974,"LINESTRING (-112.1827040 33.6676370, -112.1631160 33.6677720)",simulation-based
3,,,4,5,,3,1.816,60.000,1.129,1000:00.000_1100:00.000,1284.000,14503.000,14503.000,0.000,0.000,5400.000,1.129,0.000,60.000,"LINESTRING (-112.1827040 33.6676370, -112.1631160 33.6677720)",simulation-based
4,,,5,6,,3,2.078,60.000,1.292,0600:00.000_0700:00.000,3105.000,3155.000,3105.000,8.020,50.000,5400.000,1.292,0.000,59.987,"LINESTRING (-112.1631160 33.6677720, -112.1407010 33.6679260)",simulation-based
4,,,5,6,,3,2.078,60.000,1.292,0700:00.000_0800:00.000,3315.000,6511.000,6420.000,14.597,91.000,5400.000,1.292,0.000,59.999,"LINESTRING (-112.1631160 33.6677720, -112.1407010 33.6679260)",simulation-based
4,,,5,6,,3,2.078,60.000,1.292,0800:00.000_0900:00.000,3406.000,9894.000,9826.000,10.908,68.000,5400.000,1.292,0.000,59.996,"LINESTRING (-112.1631160 33.6677720, -112.1407010 33.6679260)",simulation-based
4,,,5,6,,3,2.078,60.000,1.292,0900:00.000_1000:00.000,3316.000,13219.000,13142.000,12.351,77.000,5400.000,1.292,0.000,60.000,"LINESTRING (-112.1631160 33.6677720, -112.1407010 33.6679260)",simulation-based
4,,,5,6,,3,2.078,60.000,1.292,1000:00.000_1100:00.000,1361.000,14503.000,14503.000,0.000,0.000,5400.000,1.292,0.000,60.000,"LINESTRING (-112.1631160 33.6677720, -112.1407010 33.6679260)",simulation-based
5,,,6,7,,3,1.891,60.000,1.175,0600:00.000_0700:00.000,3032.000,3105.000,3032.000,12.869,73.000,5400.000,1.175,0.000,59.999,"LINESTRING (-112.1407010 33.6679260, -112.1203060 33.6680670)",simulation-based
5,,,6,7,,3,1.891,60.000,1.175,0700:00.000_0800:00.000,3322.000,6420.000,6354.000,11.635,66.000,5400.000,1.175,0.000,59.989,"LINESTRING (-112.1407010 33.6679260, -112.1203060 33.6680670)",simulation-based
5,,,6,7,,3,1.891,60.000,1.175,0800:00.000_0900:00.000,3409.000,9826.000,9763.000,11.106,63.000,5400.000,1.175,0.000,59.999,"LINESTRING (-112.1407010 33.6679260, -112.1203060 33.6680670)",simulation-based
5,,,6,7,,3,1.891,60.000,1.175,0900:00.000_1000:00.000,3326.000,13142.000,13089.000,9.344,53.000,5400.000,1.175,0.000,59.999,"LINESTRING (-112.1407010 33.6679260, -112.1203060 33.6680670)",simulation-based
5,,,6,7,,3,1.891,60.000,1.175,1000:00.000_1100:00.000,1414.000,14503.000,14503.000,0.000,0.000,5400.000,1.175,0.000,60.000,"LINESTRING (-112.1407010 33.6679260, -112.1203060 33.6680670)",simulation-based
6,,,7,8,,3,2.059,60.000,1.280,0600:00.000_0700:00.000,2630.000,3011.000,2630.000,61.670,381.000,5400.000,1.315,0.035,58.411,"LINESTRING (-112.1203060 33.6680670, -112.0980930 33.6682200)",simulation-based
6,,,7,8,,3,2.059,60.000,1.280,0700:00.000_0800:00.000,3077.000,6310.000,5707.000,97.604,603.000,5400.000,1.321,0.042,58.112,"LINESTRING (-112.1203060 33.6680670, -112.0980930 33.6682200)",simulation-based
6,,,7,8,,3,2.059,60.000,1.280,0800:00.000_0900:00.000,3130.000,9695.000,8837.000,138.879,858.000,5400.000,1.345,0.066,57.078,"LINESTRING (-112.1203060 33.6680670, -112.0980930 33.6682200)",simulation-based
6,,,7,8,,3,2.059,60.000,1.280,0900:00.000_1000:00.000,3059.000,12996.000,11896.000,178.051,1100.000,5400.000,1.280,0.000,59.979,"LINESTRING (-112.1203060 33.6680670, -112.0980930 33.6682200)",simulation-based
6,,,7,8,,3,2.059,60.000,1.280,1000:00.000_1100:00.000,2505.000,14401.000,14401.000,0.000,0.000,5400.000,1.280,0.000,60.000,"LINESTRING (-112.1203060 33.6680670, -112.0980930 33.6682200)",simulation-based
7,,,8,9,,3,1.704,60.000,1.059,0600:00.000_0700:00.000,2574.000,2630.000,2574.000,10.957,56.000,5400.000,1.059,0.000,59.975,"LINESTRING (-112.0980930 33.6682200, -112.0797170 33.6683470)",simulation-based
7,,,8,9,,3,1.704,60.000,1.059,0700:00.000_0800:00.000,3076.000,5707.000,5650.000,11.153,57.000,5400.000,1.059,0.000,59.997,"LINESTRING (-112.0980930 33.6682200, -112.0797170 33.6683470)",simulation-based
7,,,8,9,,3,1.704,60.000,1.059,0800:00.000_0900:00.000,3127.000,8837.000,8777.000,11.740,60.000,5400.000,1.059,0.000,59.996,"LINESTRING (-112.0980930 33.6682200, -112.0797170 33.6683470)",simulation-based
7,,,8,9,,3,1.704,60.000,1.059,0900:00.000_1000:00.000,3058.000,11896.000,11835.000,11.935,61.000,5400.000,1.059,0.000,59.978,"LINESTRING (-112.0980930 33.6682200, -112.0797170 33.6683470)",simulation-based
7,,,8,9,,3,1.704,60.000,1.059,1000:00.000_1100:00.000,2566.000,14401.000,14401.000,0.000,0.000,5400.000,1.059,0.000,60.000,"LINESTRING (-112.0980930 33.6682200, -112.0797170 33.6683470)",simulation-based
8,,,10,11,,2,1.498,60.000,0.931,0600:00.000_0700:00.000,2461.000,2512.000,2461.000,17.026,51.000,3600.000,0.931,0.000,59.999,"LINESTRING (-112.0623510 33.6684660, -112.0461960 33.6685780)",simulation-based
8,,,10,11,,2,1.498,60.000,0.931,0700:00.000_0800:00.000,3082.000,5591.000,5543.000,16.024,48.000,3600.000,0.931,0.000,60.000,"LINESTRING (-112.0623510 33.6684660, -112.0461960 33.6685780)",simulation-based
8,,,10,11,,2,1.498,60.000,0.931,0800:00.000_0900:00.000,3113.000,8709.000,8656.000,17.694,53.000,3600.000,0.931,0.000,59.997,"LINESTRING (-112.0623510 33.6684660, -112.0461960 33.6685780)",simulation-based
8,,,10,11,,2,1.498,60.000,0.931,0900:00.000_1000:00.000,3071.000,11779.000,11727.000,17.360,52.000,3600.000,0.931,0.000,59.999,"LINESTRING (-112.0623510 33.6684660, -112.0461960 33.6685780)",simulation-based
8,,,10,11,,2,1.498,60.000,0.931,1000:00.000_1100:00.000,2674.000,14401.000,14401.000,0.000,0.000,3600.000,0.931,0.000,60.000,"LINESTRING (-112.0623510 33.6684660, -112.0461960 33.6685780)",simulation-based
9,,,11,12,,3,0.987,60.000,0.614,0600:00.000_0700:00.000,2431.000,2461.000,2431.000,10.128,30.000,5400.000,0.614,-0.000,60.000,"LINESTRING (-112.0461960 33.6685780, -112.0386420 33.6623000)",simulation-based
9,,,11,12,,3,0.987,60.000,0.614,0700:00.000_0800:00.000,3080.000,5543.000,5511.000,10.803,32.000,5400.000,0.614,-0.000,60.000,"LINESTRING (-112.0461960 33.6685780, -112.0386420 33.6623000)",simulation-based
9,,,11,12,,3,0.987,60.000,0.614,0800:00.000_0900:00.000,3112.000,8656.000,8623.000,11.141,33.000,5400.000,0.614,-0.000,60.000,"LINESTRING (-112.0461960 33.6685780, -112.0386420 33.6623000)",simulation-based
9,,,11,12,,3,0.987,60.000,0.614,0900:00.000_1000:00.000,3072.000,11727.000,11695.000,10.803,32.000,5400.000,0.614,-0.000,60.000,"LINESTRING (-112.0461960 33.6685780, -112.0386420 33.6623000)",simulation-based
9,,,11,12,,3,0.987,60.000,0.614,1000:00.000_1100:00.000,2706.000,14401.000,14401.000,0.000,0.000,5400.000,0.614,0.000,60.000,"LINESTRING (-112.0461960 33.6685780, -112.0386420 33.6623000)",simulation-based
10,,,9,10,,2,1.610,60.000,1.001,0600:00.000_0700:00.000,2512.000,2574.000,2512.000,19.255,62.000,3600.000,1.001,0.001,59.951,"LINESTRING (-112.0797170 33.6683470, -112.0623510 33.6684660)",simulation-based
10,,,9,10,,2,1.610,60.000,1.001,0700:00.000_0800:00.000,3079.000,5650.000,5591.000,18.323,59.000,3600.000,1.001,0.001,59.961,"LINESTRING (-112.0797170 33.6683470, -112.0623510 33.6684660)",simulation-based
10,,,9,10,,2,1.610,60.000,1.001,0800:00.000_0900:00.000,3118.000,8777.000,8709.000,21.118,68.000,3600.000,1.002,0.001,59.920,"LINESTRING (-112.0797170 33.6683470, -112.0623510 33.6684660)",simulation-based
10,,,9,10,,2,1.610,60.000,1.001,0900:00.000_1000:00.000,3070.000,11835.000,11779.000,17.392,56.000,3600.000,1.001,0.000,60.000,"LINESTRING (-112.0797170 33.6683470, -112.0623510 33.6684660)",simulation-based
10,,,9,10,,2,1.610,60.000,1.001,1000:00.000_1100:00.000,2622.000,14401.000,14401.000,0.000,0.000,3600.000,1.001,0.000,60.000,"LINESTRING (-112.0797170 33.6683470, -112.0623510 33.6684660)",simulation-based
11,,,1,14,,3,0.768,60.000,0.478,0600:00.000_0700:00.000,0.000,0.000,0.000,0.000,0.000,5400.000,0.478,0.000,60.000,"LINESTRING (-112.2164130 33.6539270, -112.2113330 33.6484510)",simulation-based
11,,,1,14,,3,0.768,60.000,0.478,0700:00.000_0800:00.000,0.000,0.000,0.000,0.000,0.000,5400.000,0.478,0.000,60.000,"LINESTRING (-112.2164130 33.6539270, -112.2113330 33.6484510)",simulation-based
11,,,1,14,,3,0.768,60.000,0.478,0800:00.000_0900:00.000,0.000,0.000,0.000,0.000,0.000,5400.000,0.478,0.000,60.000,"LINESTRING (-112.2164130 33.6539270, -112.2113330 33.6484510)",simulation-based
11,,,1,14,,3,0.768,60.000,0.478,0900:00.000_1000:00.000,0.000,0.000,0.000,0.000,0.000,5400.000,0.478,0.000,60.000,"LINESTRING (-112.2164130 33.6539270, -112.2113330 33.6484510)",simulation-based
11,,,1,14,,3,0.768,60.000,0.478,1000:00.000_1100:00.000,0.000,0.000,0.000,0.000,0.000,5400.000,0.478,0.000,60.000,"LINESTRING (-112.2164130 33.6539270, -112.2113330 33.6484510)",simulation-based
12,,,14,15,,3,0.633,60.000,0.394,0600:00.000_0700:00.000,0.000,0.000,0.000,0.000,0.000,5400.000,0.394,0.000,60.000,"LINESTRING (-112.2113330 33.6484510, -112.2070350 33.6440130)",simulation-based
12,,,14,15,,3,0.633,60.000,0.394,0700:00.000_0800:00.000,0.000,0.000,0.000,0.000,0.000,5400.000,0.394,0.000,60.000,"LINESTRING (-112.2113330 33.6484510, -112.2070350 33.6440130)",simulation-based
12,,,14,15,,3,0.633,60.000,0.394,0800:00.000_0900:00.000,0.000,0.000,0.000,0.000,0.000,5400.000,0.394,0.000,60.000,"LINESTRING (-112.2113330 33.6484510, -112.2070350 33.6440130)",simulation-based
12,,,14,15,,3,0.633,60.000,0.394,0900:00.000_1000:00.000,0.000,0.000,0.000,0.000,0.000,5400.000,0.394,0.000,60.000,"LINESTRING (-112.2113330 33.6484510, -112.2070350 33.6440130)",simulation-based
12,,,14,15,,3,0.633,60.000,0.394,1000:00.000_1100:00.000,0.000,0.000,0.000,0.000,0.000,5400.000,0.394,0.000,60.000,"LINESTRING (-112.2113330 33.6484510, -112.2070350 33.6440130)",simulation-based
13,,,15,16,,3,0.681,60.000,0.423,0600:00.000_0700:00.000,0.000,0.000,0.000,0.000,0.000,5400.000,0.423,0.000,60.000,"LINESTRING (-112.2070350 33.6440130, -112.2023290 33.6392980)",simulation-based
13,,,15,16,,3,0.681,60.000,0.423,0700:00.000_0800:00.000,0.000,0.000,0.000,0.000,0.000,5400.000,0.423,0.000,60.000,"LINESTRING (-112.2070350 33.6440130, -112.2023290 33.6392980)",simulation-based
13,,,15,16,,3,0.681,60.000,0.423,0800:00.000_0900:00.000,0.000,0.000,0.000,0.000,0.000,5400.000,0.423,0.000,60.000,"LINESTRING (-112.2070350 33.6440130, -112.2023290 33.6392980)",simulation-based
13,,,15,16,,3,0.681,60.000,0.423,0900:00.000_1000:00.000,0.000,0.000,0.000,0.000,0.000,5400.000,0.423,0.000,60.000,"LINESTRING (-112.2070350 33.6440130, -112.2023290 33.6392980)",simulation-based
13,,,15,16,,3,0.681,60.000,0.423,1000:00.000_1100:00.000,0.000,0.000,0.000,0.000,0.000,5400.000,0.423,0.000,60.000,"LINESTRING (-112.2070350 33.6440130, -112.2023290 33.6392980)",simulation-based
14,,,16,17,,3,1.068,60.000,0.663,0600:00.000_0700:00.000,0.000,0.000,0.000,0.000,0.000,5400.000,0.663,0.000,60.000,"LINESTRING (-112.2023290 33.6392980, -112.1908180 33.6393780)",simulation-based
14,,,16,17,,3,1.068,60.000,0.663,0700:00.000_0800:00.000,0.000,0.000,0.000,0.000,0.000,5400.000,0.663,0.000,60.000,"LINESTRING (-112.2023290 33.6392980, -112.1908180 33.6393780)",simulation-based
14,,,16,17,,3,1.068,60.000,0.663,0800:00.000_0900:00.000,0.000,0.000,0.000,0.000,0.000,5400.000,0.663,0.000,60.000,"LINESTRING (-112.2023290 33.6392980, -112.1908180 33.6393780)",simulation-based
14,,,16,17,,3,1.068,60.000,0.663,0900:00.000_1000:00.000,0.000,0.000,0.000,0.000,0.000,5400.000,0.663,0.000,60.000,"LINESTRING (-112.2023290 33.6392980, -112.1908180 33.6393780)",simulation-based
14,,,16,17,,3,1.068,60.000,0.663,1000:00.000_1100:00.000,0.000,0.000,0.000,0.000,0.000,5400.000,0.663,0.000,60.000,"LINESTRING (-112.2023290 33.6392980, -112.1908180 33.6393780)",simulation-based
15,,,17,18,,3,1.011,60.000,0.628,0600:00.000_0700:00.000,0.000,0.000,0.000,0.000,0.000,5400.000,0.628,0.000,60.000,"LINESTRING (-112.1908180 33.6393780, -112.1799140 33.6394530)",simulation-based
15,,,17,18,,3,1.011,60.000,0.628,0700:00.000_0800:00.000,0.000,0.000,0.000,0.000,0.000,5400.000,0.628,0.000,60.000,"LINESTRING (-112.1908180 33.6393780, -112.1799140 33.6394530)",simulation-based
15,,,17,18,,3,1.011,60.000,0.628,0800:00.000_0900:00.000,0.000,0.000,0.000,0.000,0.000,5400.000,0.628,0.000,60.000,"LINESTRING (-112.1908180 33.6393780, -112.1799140 33.6394530)",simulation-based
15,,,17,18,,3,1.011,60.000,0.628,0900:00.000_1000:00.000,0.000,0.000,0.000,0.000,0.000,5400.000,0.628,0.000,60.000,"LINESTRING (-112.1908180 33.6393780, -112.1799140 33.6394530)",simulation-based
15,,,17,18,,3,1.011,60.000,0.628,1000:00.000_1100:00.000,0.000,0.000,0.000,0.000,0.000,5400.000,0.628,0.000,60.000,"LINESTRING (-112.1908180 33.6393780, -112.1799140 33.6394530)",simulation-based
16,,,18,19,,3,1.086,60.000,0.675,0600:00.000_0700:00.000,0.000,0.000,0.000,0.000,0.000,5400.000,0.675,0.000,60.000,"LINESTRING (-112.1799140 33.6394530, -112.1682020 33.6395340)",simulation-based
16,,,18,19,,3,1.086,60.000,0.675,0700:00.000_0800:00.000,0.000,0.000,0.000,0.000,0.000,5400.000,0.675,0.000,60.000,"LINESTRING (-112.1799140 33.6394530, -112.1682020 33.6395340)",simulation-based
16,,,18,19,,3,1.086,60.000,0.675,0800:00.000_0900:00.000,0.000,0.000,0.000,0.000,0.000,5400.000,0.675,0.000,60.000,"LINESTRING (-112.1799140 33.6394530, -112.1682020 33.6395340)",simulation-based
16,,,18,19,,3,1.086,60.000,0.675,0900:00.000_1000:00.000,0.000,0.000,0.000,0.000,0.000,5400.000,0.675,0.000,60.000,"LINESTRING (-112.1799140 33.6394530, -112.1682020 33.6395340)",simulation-based
16,,,18,19,,3,1.086,60.000,0.675,1000:00.000_1100:00.000,0.000,0.000,0.000,0.000,0.000,5400.000,0.675,0.000,60.000,"LINESTRING (-112.1799140 33.6394530, -112.1682020 33.6395340)",simulation-based
17,,,19,20,,3,1.199,60.000,0.745,0600:00.000_0700:00.000,0.000,0.000,0.000,0.000,0.000,5400.000,0.745,0.000,60.000,"LINESTRING (-112.1682020 33.6395340, -112.1552780 33.6396230)",simulation-based
17,,,19,20,,3,1.199,60.000,0.745,0700:00.000_0800:00.000,0.000,0.000,0.000,0.000,0.000,5400.000,0.745,0.000,60.000,"LINESTRING (-112.1682020 33.6395340, -112.1552780 33.6396230)",simulation-based
17,,,19,20,,3,1.199,60.000,0.745,0800:00.000_0900:00.000,0.000,0.000,0.000,0.000,0.000,5400.000,0.745,0.000,60.000,"LINESTRING (-112.1682020 33.6395340, -112.1552780 33.6396230)",simulation-based
17,,,19,20,,3,1.199,60.000,0.745,0900:00.000_1000:00.000,0.000,0.000,0.000,0.000,0.000,5400.000,0.745,0.000,60.000,"LINESTRING (-112.1682020 33.6395340, -112.1552780 33.6396230)",simulation-based
17,,,19,20,,3,1.199,60.000,0.745,1000:00.000_1100:00.000,0.000,0.000,0.000,0.000,0.000,5400.000,0.745,0.000,60.000,"LINESTRING (-112.1682020 33.6395340, -112.1552780 33.6396230)",simulation-based
18,,,20,21,,3,1.124,60.000,0.698,0600:00.000_0700:00.000,0.000,0.000,0.000,0.000,0.000,5400.000,0.698,0.000,60.000,"LINESTRING (-112.1552780 33.6396230, -112.1431620 33.6397060)",simulation-based
18,,,20,21,,3,1.124,60.000,0.698,0700:00.000_0800:00.000,0.000,0.000,0.000,0.000,0.000,5400.000,0.698,0.000,60.000,"LINESTRING (-112.1552780 33.6396230, -112.1431620 33.6397060)",simulation-based
18,,,20,21,,3,1.124,60.000,0.698,0800:00.000_0900:00.000,0.000,0.000,0.000,0.000,0.000,5400.000,0.698,0.000,60.000,"LINESTRING (-112.1552780 33.6396230, -112.1431620 33.6397060)",simulation-based
18,,,20,21,,3,1.124,60.000,0.698,0900:00.000_1000:00.000,0.000,0.000,0.000,0.000,0.000,5400.000,0.698,0.000,60.000,"LINESTRING (-112.1552780 33.6396230, -112.1431620 33.6397060)",simulation-based
18,,,20,21,,3,1.124,60.000,0.698,1000:00.000_1100:00.000,0.000,0.000,0.000,0.000,0.000,5400.000,0.698,0.000,60.000,"LINESTRING (-112.1552780 33.6396230, -112.1431620 33.6397060)",simulation-based
19,,,21,22,,3,1.330,60.000,0.826,0600:00.000_0700:00.000,0.000,0.000,0.000,0.000,0.000,5400.000,0.826,0.000,60.000,"LINESTRING (-112.1431620 33.6397060, -112.1288240 33.6398050)",simulation-based
19,,,21,22,,3,1.330,60.000,0.826,0700:00.000_0800:00.000,0.000,0.000,0.000,0.000,0.000,5400.000,0.826,0.000,60.000,"LINESTRING (-112.1431620 33.6397060, -112.1288240 33.6398050)",simulation-based
19,,,21,22,,3,1.330,60.000,0.826,0800:00.000_0900:00.000,0.000,0.000,0.000,0.000,0.000,5400.000,0.826,0.000,60.000,"LINESTRING (-112.1431620 33.6397060, -112.1288240 33.6398050)",simulation-based
19,,,21,22,,3,1.330,60.000,0.826,0900:00.000_1000:00.000,0.000,0.000,0.000,0.000,0.000,5400.000,0.826,0.000,60.000,"LINESTRING (-112.1431620 33.6397060, -112.1288240 33.6398050)",simulation-based
19,,,21,22,,3,1.330,60.000,0.826,1000:00.000_1100:00.000,0.000,0.000,0.000,0.000,0.000,5400.000,0.826,0.000,60.000,"LINESTRING (-112.1431620 33.6397060, -112.1288240 33.6398050)",simulation-based
20,,,22,23,,3,1.065,60.000,0.662,0600:00.000_0700:00.000,0.000,0.000,0.000,0.000,0.000,5400.000,0.662,0.000,60.000,"LINESTRING (-112.1288240 33.6398050, -112.1173400 33.6398700)",simulation-based
20,,,22,23,,3,1.065,60.000,0.662,0700:00.000_0800:00.000,0.000,0.000,0.000,0.000,0.000,5400.000,0.662,0.000,60.000,"LINESTRING (-112.1288240 33.6398050, -112.1173400 33.6398700)",simulation-based
20,,,22,23,,3,1.065,60.000,0.662,0800:00.000_0900:00.000,0.000,0.000,0.000,0.000,0.000,5400.000,0.662,0.000,60.000,"LINESTRING (-112.1288240 33.6398050, -112.1173400 33.6398700)",simulation-based
20,,,22,23,,3,1.065,60.000,0.662,0900:00.000_1000:00.000,0.000,0.000,0.000,0.000,0.000,5400.000,0.662,0.000,60.000,"LINESTRING (-112.1288240 33.6398050, -112.1173400 33.6398700)",simulation-based
20,,,22,23,,3,1.065,60.000,0.662,1000:00.000_1100:00.000,0.000,0.000,0.000,0.000,0.000,5400.000,0.662,0.000,60.000,"LINESTRING (-112.1288240 33.6398050, -112.1173400 33.6398700)",simulation-based
21,,,23,24,,3,1.369,60.000,0.851,0600:00.000_0700:00.000,26.000,26.000,26.000,0.000,0.000,5400.000,0.851,0.000,60.000,"LINESTRING (-112.1173400 33.6398700, -112.1025730 33.6399860)",simulation-based
21,,,23,24,,3,1.369,60.000,0.851,0700:00.000_0800:00.000,25.000,51.000,51.000,0.000,0.000,5400.000,0.851,0.000,60.000,"LINESTRING (-112.1173400 33.6398700, -112.1025730 33.6399860)",simulation-based
21,,,23,24,,3,1.369,60.000,0.851,0800:00.000_0900:00.000,24.000,75.000,75.000,0.000,0.000,5400.000,0.851,0.000,60.000,"LINESTRING (-112.1173400 33.6398700, -112.1025730 33.6399860)",simulation-based
21,,,23,24,,3,1.369,60.000,0.851,0900:00.000_1000:00.000,23.000,98.000,98.000,0.000,0.000,5400.000,0.851,-0.000,60.002,"LINESTRING (-112.1173400 33.6398700, -112.1025730 33.6399860)",simulation-based
21,,,23,24,,3,1.369,60.000,0.851,1000:00.000_1100:00.000,2.000,100.000,100.000,0.000,0.000,5400.000,0.851,0.000,60.000,"LINESTRING (-112.1173400 33.6398700, -112.1025730 33.6399860)",simulation-based
22,,,24,25,,3,1.386,60.000,0.861,0600:00.000_0700:00.000,26.000,26.000,26.000,0.000,0.000,5400.000,0.861,0.000,60.000,"LINESTRING (-112.1025730 33.6399860, -112.0876300 33.6400890)",simulation-based
22,,,24,25,,3,1.386,60.000,0.861,0700:00.000_0800:00.000,25.000,51.000,51.000,0.000,0.000,5400.000,0.861,0.000,60.000,"LINESTRING (-112.1025730 33.6399860, -112.0876300 33.6400890)",simulation-based
22,,,24,25,,3,1.386,60.000,0.861,0800:00.000_0900:00.000,22.000,75.000,73.000,0.481,2.000,5400.000,0.861,0.000,60.000,"LINESTRING (-112.1025730 33.6399860, -112.0876300 33.6400890)",simulation-based
22,,,24,25,,3,1.386,60.000,0.861,0900:00.000_1000:00.000,25.000,98.000,98.000,0.000,0.000,5400.000,0.861,0.000,60.000,"LINESTRING (-112.1025730 33.6399860, -112.0876300 33.6400890)",simulation-based
22,,,24,25,,3,1.386,60.000,0.861,1000:00.000_1100:00.000,2.000,100.000,100.000,0.000,0.000,5400.000,0.861,0.000,60.000,"LINESTRING (-112.1025730 33.6399860, -112.0876300 33.6400890)",simulation-based
23,,,25,26,,3,1.405,60.000,0.873,0600:00.000_0700:00.000,26.000,26.000,26.000,0.000,0.000,5400.000,0.873,0.000,60.000,"LINESTRING (-112.0876300 33.6400890, -112.0724850 33.6401930)",simulation-based
23,,,25,26,,3,1.405,60.000,0.873,0700:00.000_0800:00.000,22.000,51.000,48.000,0.712,3.000,5400.000,0.873,0.000,60.000,"LINESTRING (-112.0876300 33.6400890, -112.0724850 33.6401930)",simulation-based
23,,,25,26,,3,1.405,60.000,0.873,0800:00.000_0900:00.000,25.000,73.000,73.000,0.000,0.000,5400.000,0.873,-0.000,60.003,"LINESTRING (-112.0876300 33.6400890, -112.0724850 33.6401930)",simulation-based
23,,,25,26,,3,1.405,60.000,0.873,0900:00.000_1000:00.000,25.000,98.000,98.000,0.000,0.000,5400.000,0.873,0.000,60.000,"LINESTRING (-112.0876300 33.6400890, -112.0724850 33.6401930)",simulation-based
23,,,25,26,,3,1.405,60.000,0.873,1000:00.000_1100:00.000,2.000,100.000,100.000,0.000,0.000,5400.000,0.873,0.000,60.000,"LINESTRING (-112.0876300 33.6400890, -112.0724850 33.6401930)",simulation-based
24,,,26,27,,3,1.161,60.000,0.722,0600:00.000_0700:00.000,26.000,26.000,26.000,0.000,0.000,5400.000,0.722,0.000,60.000,"LINESTRING (-112.0724850 33.6401930, -112.0599650 33.6402790)",simulation-based
24,,,26,27,,3,1.161,60.000,0.722,0700:00.000_0800:00.000,22.000,48.000,48.000,0.000,0.000,5400.000,0.722,-0.000,60.002,"LINESTRING (-112.0724850 33.6401930, -112.0599650 33.6402790)",simulation-based
24,,,26,27,,3,1.161,60.000,0.722,0800:00.000_0900:00.000,25.000,73.000,73.000,0.000,0.000,5400.000,0.722,0.000,60.000,"LINESTRING (-112.0724850 33.6401930, -112.0599650 33.6402790)",simulation-based
24,,,26,27,,3,1.161,60.000,0.722,0900:00.000_1000:00.000,25.000,98.000,98.000,0.000,0.000,5400.000,0.722,0.000,60.000,"LINESTRING (-112.0724850 33.6401930, -112.0599650 33.6402790)",simulation-based
24,,,26,27,,3,1.161,60.000,0.722,1000:00.000_1100:00.000,2.000,100.000,100.000,0.000,0.000,5400.000,0.722,0.000,60.000,"LINESTRING (-112.0724850 33.6401930, -112.0599650 33.6402790)",simulation-based
25,,,27,28,,3,1.255,60.000,0.780,0600:00.000_0700:00.000,23.000,26.000,23.000,0.797,3.000,5400.000,0.780,0.000,60.000,"LINESTRING (-112.0599650 33.6402790, -112.0464350 33.6403720)",simulation-based
25,,,27,28,,3,1.255,60.000,0.780,0700:00.000_0800:00.000,25.000,48.000,48.000,0.000,0.000,5400.000,0.780,0.000,60.000,"LINESTRING (-112.0599650 33.6402790, -112.0464350 33.6403720)",simulation-based
25,,,27,28,,3,1.255,60.000,0.780,0800:00.000_0900:00.000,25.000,73.000,73.000,0.000,0.000,5400.000,0.780,0.000,60.000,"LINESTRING (-112.0599650 33.6402790, -112.0464350 33.6403720)",simulation-based
25,,,27,28,,3,1.255,60.000,0.780,0900:00.000_1000:00.000,25.000,98.000,98.000,0.000,0.000,5400.000,0.780,0.000,60.000,"LINESTRING (-112.0599650 33.6402790, -112.0464350 33.6403720)",simulation-based
25,,,27,28,,3,1.255,60.000,0.780,1000:00.000_1100:00.000,2.000,100.000,100.000,0.000,0.000,5400.000,0.780,0.000,60.000,"LINESTRING (-112.0599650 33.6402790, -112.0464350 33.6403720)",simulation-based
26,,,28,29,,3,0.984,60.000,0.611,0600:00.000_0700:00.000,23.000,23.000,23.000,0.000,0.000,5400.000,0.611,0.000,60.000,"LINESTRING (-112.0464350 33.6403720, -112.0388420 33.6465680)",simulation-based
26,,,28,29,,3,0.984,60.000,0.611,0700:00.000_0800:00.000,25.000,48.000,48.000,0.000,0.000,5400.000,0.611,0.000,60.000,"LINESTRING (-112.0464350 33.6403720, -112.0388420 33.6465680)",simulation-based
26,,,28,29,,3,0.984,60.000,0.611,0800:00.000_0900:00.000,25.000,73.000,73.000,0.000,0.000,5400.000,0.611,0.000,60.000,"LINESTRING (-112.0464350 33.6403720, -112.0388420 33.6465680)",simulation-based
26,,,28,29,,3,0.984,60.000,0.611,0900:00.000_1000:00.000,25.000,98.000,98.000,0.000,0.000,5400.000,0.611,0.000,60.000,"LINESTRING (-112.0464350 33.6403720, -112.0388420 33.6465680)",simulation-based
26,,,28,29,,3,0.984,60.000,0.611,1000:00.000_1100:00.000,2.000,100.000,100.000,0.000,0.000,5400.000,0.611,0.000,60.000,"LINESTRING (-112.0464350 33.6403720, -112.0388420 33.6465680)",simulation-based
27,,,29,2,,3,1.275,60.000,0.793,0600:00.000_0700:00.000,0.000,0.000,0.000,0.000,0.000,5400.000,0.793,0.000,60.000,"LINESTRING (-112.0388420 33.6465680, -112.0298670 33.6552860)",simulation-based
27,,,29,2,,3,1.275,60.000,0.793,0700:00.000_0800:00.000,0.000,0.000,0.000,0.000,0.000,5400.000,0.793,0.000,60.000,"LINESTRING (-112.0388420 33.6465680, -112.0298670 33.6552860)",simulation-based
27,,,29,2,,3,1.275,60.000,0.793,0800:00.000_0900:00.000,0.000,0.000,0.000,0.000,0.000,5400.000,0.793,0.000,60.000,"LINESTRING (-112.0388420 33.6465680, -112.0298670 33.6552860)",simulation-based
27,,,29,2,,3,1.275,60.000,0.793,0900:00.000_1000:00.000,0.000,0.000,0.000,0.000,0.000,5400.000,0.793,0.000,60.000,"LINESTRING (-112.0388420 33.6465680, -112.0298670 33.6552860)",simulation-based
27,,,29,2,,3,1.275,60.000,0.793,1000:00.000_1100:00.000,0.000,0.000,0.000,0.000,0.000,5400.000,0.793,0.000,60.000,"LINESTRING (-112.0388420 33.6465680, -112.0298670 33.6552860)",simulation-based
28,,,12,2,,4,1.125,60.000,0.699,0600:00.000_0700:00.000,1199.000,1213.000,1199.000,3.110,14.000,7200.000,0.699,0.000,60.000,"LINESTRING (-112.0386420 33.6623000, -112.0298670 33.6552860)",simulation-based
28,,,12,2,,4,1.125,60.000,0.699,0700:00.000_0800:00.000,1539.000,2754.000,2738.000,3.554,16.000,7200.000,0.699,0.000,60.000,"LINESTRING (-112.0386420 33.6623000, -112.0298670 33.6552860)",simulation-based
28,,,12,2,,4,1.125,60.000,0.699,0800:00.000_0900:00.000,1553.000,4309.000,4291.000,3.998,18.000,7200.000,0.699,0.000,60.000,"LINESTRING (-112.0386420 33.6623000, -112.0298670 33.6552860)",simulation-based
28,,,12,2,,4,1.125,60.000,0.699,0900:00.000_1000:00.000,1542.000,5844.000,5833.000,2.443,11.000,7200.000,0.699,0.000,60.000,"LINESTRING (-112.0386420 33.6623000, -112.0298670 33.6552860)",simulation-based
28,,,12,2,,4,1.125,60.000,0.699,1000:00.000_1100:00.000,1367.000,7200.000,7200.000,0.000,0.000,7200.000,0.699,0.000,60.000,"LINESTRING (-112.0386420 33.6623000, -112.0298670 33.6552860)",simulation-based
29,,,1,30,,2,2.580,30.000,3.207,0600:00.000_0700:00.000,0.000,0.000,0.000,0.000,0.000,3600.000,3.207,0.000,30.000,"LINESTRING (-112.2164130 33.6539160, -112.1885870 33.6541820)",simulation-based
29,,,1,30,,2,2.580,30.000,3.207,0700:00.000_0800:00.000,0.000,0.000,0.000,0.000,0.000,3600.000,3.207,0.000,30.000,"LINESTRING (-112.2164130 33.6539160, -112.1885870 33.6541820)",simulation-based
29,,,1,30,,2,2.580,30.000,3.207,0800:00.000_0900:00.000,0.000,0.000,0.000,0.000,0.000,3600.000,3.207,0.000,30.000,"LINESTRING (-112.2164130 33.6539160, -112.1885870 33.6541820)",simulation-based
29,,,1,30,,2,2.580,30.000,3.207,0900:00.000_1000:00.000,0.000,0.000,0.000,0.000,0.000,3600.000,3.207,0.000,30.000,"LINESTRING (-112.2164130 33.6539160, -112.1885870 33.6541820)",simulation-based
29,,,1,30,,2,2.580,30.000,3.207,1000:00.000_1100:00.000,0.000,0.000,0.000,0.000,0.000,3600.000,3.207,0.000,30.000,"LINESTRING (-112.2164130 33.6539160, -112.1885870 33.6541820)",simulation-based
30,,,30,31,,2,2.509,30.000,3.119,0600:00.000_0700:00.000,0.000,0.000,0.000,0.000,0.000,1800.000,3.119,0.000,30.000,"LINESTRING (-112.1885870 33.6541820, -112.1615280 33.6543680)",simulation-based
30,,,30,31,,2,2.509,30.000,3.119,0700:00.000_0800:00.000,0.000,0.000,0.000,0.000,0.000,1800.000,3.119,0.000,30.000,"LINESTRING (-112.1885870 33.6541820, -112.1615280 33.6543680)",simulation-based
30,,,30,31,,2,2.509,30.000,3.119,0800:00.000_0900:00.000,0.000,0.000,0.000,0.000,0.000,1800.000,3.119,0.000,30.000,"LINESTRING (-112.1885870 33.6541820, -112.1615280 33.6543680)",simulation-based
30,,,30,31,,2,2.509,30.000,3.119,0900:00.000_1000:00.000,0.000,0.000,0.000,0.000,0.000,1800.000,3.119,0.000,30.000,"LINESTRING (-112.1885870 33.6541820, -112.1615280 33.6543680)",simulation-based
30,,,30,31,,2,2.509,30.000,3.119,1000:00.000_1100:00.000,0.000,0.000,0.000,0.000,0.000,1800.000,3.119,0.000,30.000,"LINESTRING (-112.1885870 33.6541820, -112.1615280 33.6543680)",simulation-based
31,,,31,32,,2,2.322,30.000,2.886,0600:00.000_0700:00.000,0.000,0.000,0.000,0.000,0.000,3600.000,2.886,0.000,30.000,"LINESTRING (-112.1615280 33.6543680, -112.1364880 33.6545410)",simulation-based
31,,,31,32,,2,2.322,30.000,2.886,0700:00.000_0800:00.000,0.000,0.000,0.000,0.000,0.000,3600.000,2.886,0.000,30.000,"LINESTRING (-112.1615280 33.6543680, -112.1364880 33.6545410)",simulation-based
31,,,31,32,,2,2.322,30.000,2.886,0800:00.000_0900:00.000,0.000,0.000,0.000,0.000,0.000,3600.000,2.886,0.000,30.000,"LINESTRING (-112.1615280 33.6543680, -112.1364880 33.6545410)",simulation-based
31,,,31,32,,2,2.322,30.000,2.886,0900:00.000_1000:00.000,0.000,0.000,0.000,0.000,0.000,3600.000,2.886,0.000,30.000,"LINESTRING (-112.1615280 33.6543680, -112.1364880 33.6545410)",simulation-based
31,,,31,32,,2,2.322,30.000,2.886,1000:00.000_1100:00.000,0.000,0.000,0.000,0.000,0.000,3600.000,2.886,0.000,30.000,"LINESTRING (-112.1615280 33.6543680, -112.1364880 33.6545410)",simulation-based
32,,,32,33,,2,1.989,30.000,2.472,0600:00.000_0700:00.000,0.000,0.000,0.000,0.000,0.000,1800.000,2.472,0.000,30.000,"LINESTRING (-112.1364880 33.6545410, -112.1150400 33.6546770)",simulation-based
32,,,32,33,,2,1.989,30.000,2.472,0700:00.000_0800:00.000,0.000,0.000,0.000,0.000,0.000,1800.000,2.472,0.000,30.000,"LINESTRING (-112.1364880 33.6545410, -112.1150400 33.6546770)",simulation-based
32,,,32,33,,2,1.989,30.000,2.472,0800:00.000_0900:00.000,0.000,0.000,0.000,0.000,0.000,1800.000,2.472,0.000,30.000,"LINESTRING (-112.1364880 33.6545410, -112.1150400 33.6546770)",simulation-based
32,,,32,33,,2,1.989,30.000,2.472,0900:00.000_1000:00.000,0.000,0.000,0.000,0.000,0.000,1800.000,2.472,0.000,30.000,"LINESTRING (-112.1364880 33.6545410, -112.1150400 33.6546770)",simulation-based
32,,,32,33,,2,1.989,30.000,2.472,1000:00.000_1100:00.000,0.000,0.000,0.000,0.000,0.000,1800.000,2.472,0.000,30.000,"LINESTRING (-112.1364880 33.6545410, -112.1150400 33.6546770)",simulation-based
33,,,34,2,,2,3.108,20.000,5.795,0600:00.000_0700:00.000,0.000,0.000,0.000,0.000,0.000,3600.000,5.795,0.000,20.000,"LINESTRING (-112.0633880 33.6550440, -112.0298670 33.6552750)",simulation-based
33,,,34,2,,2,3.108,20.000,5.795,0700:00.000_0800:00.000,0.000,0.000,0.000,0.000,0.000,3600.000,5.795,0.000,20.000,"LINESTRING (-112.0633880 33.6550440, -112.0298670 33.6552750)",simulation-based
33,,,34,2,,2,3.108,20.000,5.795,0800:00.000_0900:00.000,0.000,0.000,0.000,0.000,0.000,3600.000,5.795,0.000,20.000,"LINESTRING (-112.0633880 33.6550440, -112.0298670 33.6552750)",simulation-based
33,,,34,2,,2,3.108,20.000,5.795,0900:00.000_1000:00.000,0.000,0.000,0.000,0.000,0.000,3600.000,5.795,0.000,20.000,"LINESTRING (-112.0633880 33.6550440, -112.0298670 33.6552750)",simulation-based
33,,,34,2,,2,3.108,20.000,5.795,1000:00.000_1100:00.000,0.000,0.000,0.000,0.000,0.000,3600.000,5.795,0.000,20.000,"LINESTRING (-112.0633880 33.6550440, -112.0298670 33.6552750)",simulation-based
34,,,33,35,,2,2.449,30.000,3.044,0600:00.000_0700:00.000,0.000,0.000,0.000,0.000,0.000,1800.000,3.044,0.000,30.000,"LINESTRING (-112.1150400 33.6546770, -112.0886300 33.6548700)",simulation-based
34,,,33,35,,2,2.449,30.000,3.044,0700:00.000_0800:00.000,0.000,0.000,0.000,0.000,0.000,1800.000,3.044,0.000,30.000,"LINESTRING (-112.1150400 33.6546770, -112.0886300 33.6548700)",simulation-based
34,,,33,35,,2,2.449,30.000,3.044,0800:00.000_0900:00.000,0.000,0.000,0.000,0.000,0.000,1800.000,3.044,0.000,30.000,"LINESTRING (-112.1150400 33.6546770, -112.0886300 33.6548700)",simulation-based
34,,,33,35,,2,2.449,30.000,3.044,0900:00.000_1000:00.000,0.000,0.000,0.000,0.000,0.000,1800.000,3.044,0.000,30.000,"LINESTRING (-112.1150400 33.6546770, -112.0886300 33.6548700)",simulation-based
34,,,33,35,,2,2.449,30.000,3.044,1000:00.000_1100:00.000,0.000,0.000,0.000,0.000,0.000,1800.000,3.044,0.000,30.000,"LINESTRING (-112.1150400 33.6546770, -112.0886300 33.6548700)",simulation-based
35,,,35,34,,2,2.341,10.000,8.728,0600:00.000_0700:00.000,0.000,0.000,0.000,0.000,0.000,1800.000,8.728,0.000,10.000,"LINESTRING (-112.0886300 33.6548700, -112.0633880 33.6550440)",simulation-based
35,,,35,34,,2,2.341,10.000,8.728,0700:00.000_0800:00.000,0.000,0.000,0.000,0.000,0.000,1800.000,8.728,0.000,10.000,"LINESTRING (-112.0886300 33.6548700, -112.0633880 33.6550440)",simulation-based
35,,,35,34,,2,2.341,10.000,8.728,0800:00.000_0900:00.000,0.000,0.000,0.000,0.000,0.000,1800.000,8.728,0.000,10.000,"LINESTRING (-112.0886300 33.6548700, -112.0633880 33.6550440)",simulation-based
35,,,35,34,,2,2.341,10.000,8.728,0900:00.000_1000:00.000,0.000,0.000,0.000,0.000,0.000,1800.000,8.728,0.000,10.000,"LINESTRING (-112.0886300 33.6548700, -112.0633880 33.6550440)",simulation-based
35,,,35,34,,2,2.341,10.000,8.728,1000:00.000_1100:00.000,0.000,0.000,0.000,0.000,0.000,1800.000,8.728,0.000,10.000,"LINESTRING (-112.0886300 33.6548700, -112.0633880 33.6550440)",simulation-based
36,,,36,31,,3,0.974,30.000,1.211,0600:00.000_0700:00.000,0.000,0.000,0.000,0.000,0.000,3000.000,1.211,0.000,30.000,"LINESTRING (-112.1688870 33.6606500, -112.1615350 33.6543710)",simulation-based
36,,,36,31,,3,0.974,30.000,1.211,0700:00.000_0800:00.000,0.000,0.000,0.000,0.000,0.000,3000.000,1.211,0.000,30.000,"LINESTRING (-112.1688870 33.6606500, -112.1615350 33.6543710)",simulation-based
36,,,36,31,,3,0.974,30.000,1.211,0800:00.000_0900:00.000,0.000,0.000,0.000,0.000,0.000,3000.000,1.211,0.000,30.000,"LINESTRING (-112.1688870 33.6606500, -112.1615350 33.6543710)",simulation-based
36,,,36,31,,3,0.974,30.000,1.211,0900:00.000_1000:00.000,1.000,1.000,1.000,0.000,0.000,3000.000,1.211,0.000,30.000,"LINESTRING (-112.1688870 33.6606500, -112.1615350 33.6543710)",simulation-based
36,,,36,31,,3,0.974,30.000,1.211,1000:00.000_1100:00.000,0.000,1.000,1.000,0.000,0.000,3000.000,1.211,0.000,30.000,"LINESTRING (-112.1688870 33.6606500, -112.1615350 33.6543710)",simulation-based
37,,,31,36,,3,0.974,65.000,0.559,0600:00.000_0700:00.000,0.000,0.000,0.000,0.000,0.000,5700.000,0.559,0.000,65.000,"LINESTRING (-112.1615210 33.6543880, -112.1688730 33.6606660)",simulation-based
37,,,31,36,,3,0.974,65.000,0.559,0700:00.000_0800:00.000,0.000,0.000,0.000,0.000,0.000,5700.000,0.559,0.000,65.000,"LINESTRING (-112.1615210 33.6543880, -112.1688730 33.6606660)",simulation-based
37,,,31,36,,3,0.974,65.000,0.559,0800:00.000_0900:00.000,0.000,0.000,0.000,0.000,0.000,5700.000,0.559,0.000,65.000,"LINESTRING (-112.1615210 33.6543880, -112.1688730 33.6606660)",simulation-based
37,,,31,36,,3,0.974,65.000,0.559,0900:00.000_1000:00.000,0.000,0.000,0.000,0.000,0.000,5700.000,0.559,0.000,65.000,"LINESTRING (-112.1615210 33.6543880, -112.1688730 33.6606660)",simulation-based
37,,,31,36,,3,0.974,65.000,0.559,1000:00.000_1100:00.000,0.000,0.000,0.000,0.000,0.000,5700.000,0.559,0.000,65.000,"LINESTRING (-112.1615210 33.6543880, -112.1688730 33.6606660)",simulation-based
38,,,31,37,,3,0.964,65.000,0.553,0600:00.000_0700:00.000,0.000,0.000,0.000,0.000,0.000,5700.000,0.553,0.000,65.000,"LINESTRING (-112.1615350 33.6543880, -112.1687240 33.6481020)",simulation-based
38,,,31,37,,3,0.964,65.000,0.553,0700:00.000_0800:00.000,0.000,0.000,0.000,0.000,0.000,5700.000,0.553,0.000,65.000,"LINESTRING (-112.1615350 33.6543880, -112.1687240 33.6481020)",simulation-based
38,,,31,37,,3,0.964,65.000,0.553,0800:00.000_0900:00.000,0.000,0.000,0.000,0.000,0.000,5700.000,0.553,0.000,65.000,"LINESTRING (-112.1615350 33.6543880, -112.1687240 33.6481020)",simulation-based
38,,,31,37,,3,0.964,65.000,0.553,0900:00.000_1000:00.000,0.000,0.000,0.000,0.000,0.000,5700.000,0.553,0.000,65.000,"LINESTRING (-112.1615350 33.6543880, -112.1687240 33.6481020)",simulation-based
38,,,31,37,,3,0.964,65.000,0.553,1000:00.000_1100:00.000,0.000,0.000,0.000,0.000,0.000,5700.000,0.553,0.000,65.000,"LINESTRING (-112.1615350 33.6543880, -112.1687240 33.6481020)",simulation-based
39,,,37,31,,3,0.964,65.000,0.553,0600:00.000_0700:00.000,0.000,0.000,0.000,0.000,0.000,5700.000,0.553,0.000,65.000,"LINESTRING (-112.1687100 33.6480850, -112.1615210 33.6543710)",simulation-based
39,,,37,31,,3,0.964,65.000,0.553,0700:00.000_0800:00.000,0.000,0.000,0.000,0.000,0.000,5700.000,0.553,0.000,65.000,"LINESTRING (-112.1687100 33.6480850, -112.1615210 33.6543710)",simulation-based
39,,,37,31,,3,0.964,65.000,0.553,0800:00.000_0900:00.000,0.000,0.000,0.000,0.000,0.000,5700.000,0.553,0.000,65.000,"LINESTRING (-112.1687100 33.6480850, -112.1615210 33.6543710)",simulation-based
39,,,37,31,,3,0.964,65.000,0.553,0900:00.000_1000:00.000,0.000,0.000,0.000,0.000,0.000,5700.000,0.553,0.000,65.000,"LINESTRING (-112.1687100 33.6480850, -112.1615210 33.6543710)",simulation-based
39,,,37,31,,3,0.964,65.000,0.553,1000:00.000_1100:00.000,0.000,0.000,0.000,0.000,0.000,5700.000,0.553,0.000,65.000,"LINESTRING (-112.1687100 33.6480850, -112.1615210 33.6543710)",simulation-based
40,,,38,33,,3,0.893,65.000,0.512,0600:00.000_0700:00.000,26.000,26.000,26.000,0.000,0.000,5700.000,0.512,0.000,65.000,"LINESTRING (-112.1175340 33.6624650, -112.1150510 33.6546850)",simulation-based
40,,,38,33,,3,0.893,65.000,0.512,0700:00.000_0800:00.000,25.000,51.000,51.000,0.000,0.000,5700.000,0.512,0.000,65.000,"LINESTRING (-112.1175340 33.6624650, -112.1150510 33.6546850)",simulation-based
40,,,38,33,,3,0.893,65.000,0.512,0800:00.000_0900:00.000,24.000,75.000,75.000,0.000,0.000,5700.000,0.512,0.000,65.000,"LINESTRING (-112.1175340 33.6624650, -112.1150510 33.6546850)",simulation-based
40,,,38,33,,3,0.893,65.000,0.512,0900:00.000_1000:00.000,24.000,99.000,99.000,0.000,0.000,5700.000,0.512,-0.000,65.010,"LINESTRING (-112.1175340 33.6624650, -112.1150510 33.6546850)",simulation-based
40,,,38,33,,3,0.893,65.000,0.512,1000:00.000_1100:00.000,2.000,101.000,101.000,0.000,0.000,5700.000,0.512,0.000,65.000,"LINESTRING (-112.1175340 33.6624650, -112.1150510 33.6546850)",simulation-based
41,,,33,38,,3,0.893,65.000,0.512,0600:00.000_0700:00.000,0.000,0.000,0.000,0.000,0.000,5700.000,0.512,0.000,65.000,"LINESTRING (-112.1150300 33.6546910, -112.1175130 33.6624720)",simulation-based
41,,,33,38,,3,0.893,65.000,0.512,0700:00.000_0800:00.000,0.000,0.000,0.000,0.000,0.000,5700.000,0.512,0.000,65.000,"LINESTRING (-112.1150300 33.6546910, -112.1175130 33.6624720)",simulation-based
41,,,33,38,,3,0.893,65.000,0.512,0800:00.000_0900:00.000,0.000,0.000,0.000,0.000,0.000,5700.000,0.512,0.000,65.000,"LINESTRING (-112.1150300 33.6546910, -112.1175130 33.6624720)",simulation-based
41,,,33,38,,3,0.893,65.000,0.512,0900:00.000_1000:00.000,0.000,0.000,0.000,0.000,0.000,5700.000,0.512,0.000,65.000,"LINESTRING (-112.1150300 33.6546910, -112.1175130 33.6624720)",simulation-based
41,,,33,38,,3,0.893,65.000,0.512,1000:00.000_1100:00.000,0.000,0.000,0.000,0.000,0.000,5700.000,0.512,0.000,65.000,"LINESTRING (-112.1150300 33.6546910, -112.1175130 33.6624720)",simulation-based
42,,,33,39,,3,0.871,65.000,0.500,0600:00.000_0700:00.000,26.000,26.000,26.000,0.000,0.000,5700.000,0.500,0.000,65.000,"LINESTRING (-112.1150520 33.6546880, -112.1153660 33.6468330)",simulation-based
42,,,33,39,,3,0.871,65.000,0.500,0700:00.000_0800:00.000,25.000,51.000,51.000,0.000,0.000,5700.000,0.500,0.000,65.000,"LINESTRING (-112.1150520 33.6546880, -112.1153660 33.6468330)",simulation-based
42,,,33,39,,3,0.871,65.000,0.500,0800:00.000_0900:00.000,22.000,75.000,73.000,0.765,2.000,5700.000,0.500,0.000,65.000,"LINESTRING (-112.1150520 33.6546880, -112.1153660 33.6468330)",simulation-based
42,,,33,39,,3,0.871,65.000,0.500,0900:00.000_1000:00.000,26.000,99.000,99.000,0.000,0.000,5700.000,0.500,0.000,65.000,"LINESTRING (-112.1150520 33.6546880, -112.1153660 33.6468330)",simulation-based
42,,,33,39,,3,0.871,65.000,0.500,1000:00.000_1100:00.000,2.000,101.000,101.000,0.000,0.000,5700.000,0.500,0.000,65.000,"LINESTRING (-112.1150520 33.6546880, -112.1153660 33.6468330)",simulation-based
43,,,39,33,,3,0.871,65.000,0.500,0600:00.000_0700:00.000,0.000,0.000,0.000,0.000,0.000,5700.000,0.500,0.000,65.000,"LINESTRING (-112.1153430 33.6468330, -112.1150290 33.6546880)",simulation-based
43,,,39,33,,3,0.871,65.000,0.500,0700:00.000_0800:00.000,0.000,0.000,0.000,0.000,0.000,5700.000,0.500,0.000,65.000,"LINESTRING (-112.1153430 33.6468330, -112.1150290 33.6546880)",simulation-based
43,,,39,33,,3,0.871,65.000,0.500,0800:00.000_0900:00.000,0.000,0.000,0.000,0.000,0.000,5700.000,0.500,0.000,65.000,"LINESTRING (-112.1153430 33.6468330, -112.1150290 33.6546880)",simulation-based
43,,,39,33,,3,0.871,65.000,0.500,0900:00.000_1000:00.000,0.000,0.000,0.000,0.000,0.000,5700.000,0.500,0.000,65.000,"LINESTRING (-112.1153430 33.6468330, -112.1150290 33.6546880)",simulation-based
43,,,39,33,,3,0.871,65.000,0.500,1000:00.000_1100:00.000,0.000,0.000,0.000,0.000,0.000,5700.000,0.500,0.000,65.000,"LINESTRING (-112.1153430 33.6468330, -112.1150290 33.6546880)",simulation-based
44,,,40,35,,3,0.812,65.000,0.466,0600:00.000_0700:00.000,0.000,0.000,0.000,0.000,0.000,5700.000,0.466,0.000,65.000,"LINESTRING (-112.0943640 33.6604190, -112.0886370 33.6548730)",simulation-based
44,,,40,35,,3,0.812,65.000,0.466,0700:00.000_0800:00.000,0.000,0.000,0.000,0.000,0.000,5700.000,0.466,0.000,65.000,"LINESTRING (-112.0943640 33.6604190, -112.0886370 33.6548730)",simulation-based
44,,,40,35,,3,0.812,65.000,0.466,0800:00.000_0900:00.000,0.000,0.000,0.000,0.000,0.000,5700.000,0.466,0.000,65.000,"LINESTRING (-112.0943640 33.6604190, -112.0886370 33.6548730)",simulation-based
44,,,40,35,,3,0.812,65.000,0.466,0900:00.000_1000:00.000,0.000,0.000,0.000,0.000,0.000,5700.000,0.466,0.000,65.000,"LINESTRING (-112.0943640 33.6604190, -112.0886370 33.6548730)",simulation-based
44,,,40,35,,3,0.812,65.000,0.466,1000:00.000_1100:00.000,0.000,0.000,0.000,0.000,0.000,5700.000,0.466,0.000,65.000,"LINESTRING (-112.0943640 33.6604190, -112.0886370 33.6548730)",simulation-based
45,,,35,40,,3,0.812,65.000,0.466,0600:00.000_0700:00.000,0.000,0.000,0.000,0.000,0.000,5700.000,0.466,0.000,65.000,"LINESTRING (-112.0886230 33.6548900, -112.0943490 33.6604350)",simulation-based
45,,,35,40,,3,0.812,65.000,0.466,0700:00.000_0800:00.000,0.000,0.000,0.000,0.000,0.000,5700.000,0.466,0.000,65.000,"LINESTRING (-112.0886230 33.6548900, -112.0943490 33.6604350)",simulation-based
45,,,35,40,,3,0.812,65.000,0.466,0800:00.000_0900:00.000,0.000,0.000,0.000,0.000,0.000,5700.000,0.466,0.000,65.000,"LINESTRING (-112.0886230 33.6548900, -112.0943490 33.6604350)",simulation-based
45,,,35,40,,3,0.812,65.000,0.466,0900:00.000_1000:00.000,0.000,0.000,0.000,0.000,0.000,5700.000,0.466,0.000,65.000,"LINESTRING (-112.0886230 33.6548900, -112.0943490 33.6604350)",simulation-based
45,,,35,40,,3,0.812,65.000,0.466,1000:00.000_1100:00.000,0.000,0.000,0.000,0.000,0.000,5700.000,0.466,0.000,65.000,"LINESTRING (-112.0886230 33.6548900, -112.0943490 33.6604350)",simulation-based
46,,,35,41,,3,1.281,65.000,0.735,0600:00.000_0700:00.000,0.000,0.000,0.000,0.000,0.000,5700.000,0.735,0.000,65.000,"LINESTRING (-112.0886360 33.6548910, -112.0996530 33.6479270)",simulation-based
46,,,35,41,,3,1.281,65.000,0.735,0700:00.000_0800:00.000,0.000,0.000,0.000,0.000,0.000,5700.000,0.735,0.000,65.000,"LINESTRING (-112.0886360 33.6548910, -112.0996530 33.6479270)",simulation-based
46,,,35,41,,3,1.281,65.000,0.735,0800:00.000_0900:00.000,0.000,0.000,0.000,0.000,0.000,5700.000,0.735,0.000,65.000,"LINESTRING (-112.0886360 33.6548910, -112.0996530 33.6479270)",simulation-based
46,,,35,41,,3,1.281,65.000,0.735,0900:00.000_1000:00.000,0.000,0.000,0.000,0.000,0.000,5700.000,0.735,0.000,65.000,"LINESTRING (-112.0886360 33.6548910, -112.0996530 33.6479270)",simulation-based
46,,,35,41,,3,1.281,65.000,0.735,1000:00.000_1100:00.000,0.000,0.000,0.000,0.000,0.000,5700.000,0.735,0.000,65.000,"LINESTRING (-112.0886360 33.6548910, -112.0996530 33.6479270)",simulation-based
47,,,41,35,,3,1.280,65.000,0.735,0600:00.000_0700:00.000,0.000,0.000,0.000,0.000,0.000,5700.000,0.735,0.000,65.000,"LINESTRING (-112.0996410 33.6479090, -112.0886240 33.6548720)",simulation-based
47,,,41,35,,3,1.280,65.000,0.735,0700:00.000_0800:00.000,0.000,0.000,0.000,0.000,0.000,5700.000,0.735,0.000,65.000,"LINESTRING (-112.0996410 33.6479090, -112.0886240 33.6548720)",simulation-based
47,,,41,35,,3,1.280,65.000,0.735,0800:00.000_0900:00.000,0.000,0.000,0.000,0.000,0.000,5700.000,0.735,0.000,65.000,"LINESTRING (-112.0996410 33.6479090, -112.0886240 33.6548720)",simulation-based
47,,,41,35,,3,1.280,65.000,0.735,0900:00.000_1000:00.000,0.000,0.000,0.000,0.000,0.000,5700.000,0.735,0.000,65.000,"LINESTRING (-112.0996410 33.6479090, -112.0886240 33.6548720)",simulation-based
47,,,41,35,,3,1.280,65.000,0.735,1000:00.000_1100:00.000,0.000,0.000,0.000,0.000,0.000,5700.000,0.735,0.000,65.000,"LINESTRING (-112.0996410 33.6479090, -112.0886240 33.6548720)",simulation-based
48,,,4,36,,2,1.497,30.000,1.861,0600:00.000_0700:00.000,0.000,0.000,0.000,0.000,0.000,1400.000,1.861,0.000,30.000,"LINESTRING (-112.1827040 33.6676370, -112.1688800 33.6606580)",simulation-based
48,,,4,36,,2,1.497,30.000,1.861,0700:00.000_0800:00.000,0.000,0.000,0.000,0.000,0.000,1400.000,1.861,0.000,30.000,"LINESTRING (-112.1827040 33.6676370, -112.1688800 33.6606580)",simulation-based
48,,,4,36,,2,1.497,30.000,1.861,0800:00.000_0900:00.000,0.000,0.000,0.000,0.000,0.000,1400.000,1.862,0.001,29.977,"LINESTRING (-112.1827040 33.6676370, -112.1688800 33.6606580)",simulation-based
48,,,4,36,,2,1.497,30.000,1.861,0900:00.000_1000:00.000,1.000,1.000,1.000,0.000,0.000,1400.000,1.861,0.000,30.000,"LINESTRING (-112.1827040 33.6676370, -112.1688800 33.6606580)",simulation-based
48,,,4,36,,2,1.497,30.000,1.861,1000:00.000_1100:00.000,0.000,1.000,1.000,0.000,0.000,1400.000,1.861,0.000,30.000,"LINESTRING (-112.1827040 33.6676370, -112.1688800 33.6606580)",simulation-based
49,,,2,34,,3,3.108,65.000,1.783,0600:00.000_0700:00.000,0.000,0.000,0.000,0.000,0.000,5700.000,1.783,0.000,65.000,"LINESTRING (-112.0298670 33.6552980, -112.0633880 33.6550670)",simulation-based
49,,,2,34,,3,3.108,65.000,1.783,0700:00.000_0800:00.000,0.000,0.000,0.000,0.000,0.000,5700.000,1.783,0.000,65.000,"LINESTRING (-112.0298670 33.6552980, -112.0633880 33.6550670)",simulation-based
49,,,2,34,,3,3.108,65.000,1.783,0800:00.000_0900:00.000,0.000,0.000,0.000,0.000,0.000,5700.000,1.783,0.000,65.000,"LINESTRING (-112.0298670 33.6552980, -112.0633880 33.6550670)",simulation-based
49,,,2,34,,3,3.108,65.000,1.783,0900:00.000_1000:00.000,0.000,0.000,0.000,0.000,0.000,5700.000,1.783,0.000,65.000,"LINESTRING (-112.0298670 33.6552980, -112.0633880 33.6550670)",simulation-based
49,,,2,34,,3,3.108,65.000,1.783,1000:00.000_1100:00.000,0.000,0.000,0.000,0.000,0.000,5700.000,1.783,0.000,65.000,"LINESTRING (-112.0298670 33.6552980, -112.0633880 33.6550670)",simulation-based
50,,,34,35,,3,2.341,65.000,1.343,0600:00.000_0700:00.000,0.000,0.000,0.000,0.000,0.000,5700.000,1.343,0.000,65.000,"LINESTRING (-112.0633880 33.6550670, -112.0886300 33.6548930)",simulation-based
50,,,34,35,,3,2.341,65.000,1.343,0700:00.000_0800:00.000,0.000,0.000,0.000,0.000,0.000,5700.000,1.343,0.000,65.000,"LINESTRING (-112.0633880 33.6550670, -112.0886300 33.6548930)",simulation-based
50,,,34,35,,3,2.341,65.000,1.343,0800:00.000_0900:00.000,0.000,0.000,0.000,0.000,0.000,5700.000,1.343,0.000,65.000,"LINESTRING (-112.0633880 33.6550670, -112.0886300 33.6548930)",simulation-based
50,,,34,35,,3,2.341,65.000,1.343,0900:00.000_1000:00.000,0.000,0.000,0.000,0.000,0.000,5700.000,1.343,0.000,65.000,"LINESTRING (-112.0633880 33.6550670, -112.0886300 33.6548930)",simulation-based
50,,,34,35,,3,2.341,65.000,1.343,1000:00.000_1100:00.000,0.000,0.000,0.000,0.000,0.000,5700.000,1.343,0.000,65.000,"LINESTRING (-112.0633880 33.6550670, -112.0886300 33.6548930)",simulation-based
51,,,35,33,,3,2.449,65.000,1.405,0600:00.000_0700:00.000,0.000,0.000,0.000,0.000,0.000,5700.000,1.405,0.000,65.000,"LINESTRING (-112.0886300 33.6548930, -112.1150410 33.6546990)",simulation-based
51,,,35,33,,3,2.449,65.000,1.405,0700:00.000_0800:00.000,0.000,0.000,0.000,0.000,0.000,5700.000,1.405,0.000,65.000,"LINESTRING (-112.0886300 33.6548930, -112.1150410 33.6546990)",simulation-based
51,,,35,33,,3,2.449,65.000,1.405,0800:00.000_0900:00.000,0.000,0.000,0.000,0.000,0.000,5700.000,1.405,0.000,65.000,"LINESTRING (-112.0886300 33.6548930, -112.1150410 33.6546990)",simulation-based
51,,,35,33,,3,2.449,65.000,1.405,0900:00.000_1000:00.000,0.000,0.000,0.000,0.000,0.000,5700.000,1.405,0.000,65.000,"LINESTRING (-112.0886300 33.6548930, -112.1150410 33.6546990)",simulation-based
51,,,35,33,,3,2.449,65.000,1.405,1000:00.000_1100:00.000,0.000,0.000,0.000,0.000,0.000,5700.000,1.405,0.000,65.000,"LINESTRING (-112.0886300 33.6548930, -112.1150410 33.6546990)",simulation-based
52,,,33,32,,3,1.989,65.000,1.141,0600:00.000_0700:00.000,0.000,0.000,0.000,0.000,0.000,5700.000,1.141,0.000,65.000,"LINESTRING (-112.1150410 33.6546990, -112.1364880 33.6545630)",simulation-based
52,,,33,32,,3,1.989,65.000,1.141,0700:00.000_0800:00.000,0.000,0.000,0.000,0.000,0.000,5700.000,1.141,0.000,65.000,"LINESTRING (-112.1150410 33.6546990, -112.1364880 33.6545630)",simulation-based
52,,,33,32,,3,1.989,65.000,1.141,0800:00.000_0900:00.000,0.000,0.000,0.000,0.000,0.000,5700.000,1.141,0.000,65.000,"LINESTRING (-112.1150410 33.6546990, -112.1364880 33.6545630)",simulation-based
52,,,33,32,,3,1.989,65.000,1.141,0900:00.000_1000:00.000,0.000,0.000,0.000,0.000,0.000,5700.000,1.141,0.000,65.000,"LINESTRING (-112.1150410 33.6546990, -112.1364880 33.6545630)",simulation-based
52,,,33,32,,3,1.989,65.000,1.141,1000:00.000_1100:00.000,0.000,0.000,0.000,0.000,0.000,5700.000,1.141,0.000,65.000,"LINESTRING (-112.1150410 33.6546990, -112.1364880 33.6545630)",simulation-based
53,,,32,31,,3,2.322,65.000,1.332,0600:00.000_0700:00.000,0.000,0.000,0.000,0.000,0.000,5700.000,1.332,0.000,65.000,"LINESTRING (-112.1364880 33.6545630, -112.1615280 33.6543910)",simulation-based
53,,,32,31,,3,2.322,65.000,1.332,0700:00.000_0800:00.000,0.000,0.000,0.000,0.000,0.000,5700.000,1.332,0.000,65.000,"LINESTRING (-112.1364880 33.6545630, -112.1615280 33.6543910)",simulation-based
53,,,32,31,,3,2.322,65.000,1.332,0800:00.000_0900:00.000,0.000,0.000,0.000,0.000,0.000,5700.000,1.332,0.000,65.000,"LINESTRING (-112.1364880 33.6545630, -112.1615280 33.6543910)",simulation-based
53,,,32,31,,3,2.322,65.000,1.332,0900:00.000_1000:00.000,0.000,0.000,0.000,0.000,0.000,5700.000,1.332,0.000,65.000,"LINESTRING (-112.1364880 33.6545630, -112.1615280 33.6543910)",simulation-based
53,,,32,31,,3,2.322,65.000,1.332,1000:00.000_1100:00.000,0.000,0.000,0.000,0.000,0.000,5700.000,1.332,0.000,65.000,"LINESTRING (-112.1364880 33.6545630, -112.1615280 33.6543910)",simulation-based
54,,,31,30,,3,2.509,65.000,1.439,0600:00.000_0700:00.000,0.000,0.000,0.000,0.000,0.000,5700.000,1.439,0.000,65.000,"LINESTRING (-112.1615280 33.6543910, -112.1885880 33.6542040)",simulation-based
54,,,31,30,,3,2.509,65.000,1.439,0700:00.000_0800:00.000,0.000,0.000,0.000,0.000,0.000,5700.000,1.439,0.000,65.000,"LINESTRING (-112.1615280 33.6543910, -112.1885880 33.6542040)",simulation-based
54,,,31,30,,3,2.509,65.000,1.439,0800:00.000_0900:00.000,0.000,0.000,0.000,0.000,0.000,5700.000,1.439,0.000,65.000,"LINESTRING (-112.1615280 33.6543910, -112.1885880 33.6542040)",simulation-based
54,,,31,30,,3,2.509,65.000,1.439,0900:00.000_1000:00.000,1.000,1.000,1.000,0.000,0.000,5700.000,1.439,0.000,65.000,"LINESTRING (-112.1615280 33.6543910, -112.1885880 33.6542040)",simulation-based
54,,,31,30,,3,2.509,65.000,1.439,1000:00.000_1100:00.000,0.000,1.000,1.000,0.000,0.000,5700.000,1.439,0.000,65.000,"LINESTRING (-112.1615280 33.6543910, -112.1885880 33.6542040)",simulation-based
55,,,30,1,,3,2.580,65.000,1.480,0600:00.000_0700:00.000,0.000,0.000,0.000,0.000,0.000,5700.000,1.480,0.000,65.000,"LINESTRING (-112.1885880 33.6542040, -112.2164130 33.6539380)",simulation-based
55,,,30,1,,3,2.580,65.000,1.480,0700:00.000_0800:00.000,0.000,0.000,0.000,0.000,0.000,5700.000,1.480,0.000,65.000,"LINESTRING (-112.1885880 33.6542040, -112.2164130 33.6539380)",simulation-based
55,,,30,1,,3,2.580,65.000,1.480,0800:00.000_0900:00.000,0.000,0.000,0.000,0.000,0.000,5700.000,1.480,0.000,65.000,"LINESTRING (-112.1885880 33.6542040, -112.2164130 33.6539380)",simulation-based
55,,,30,1,,3,2.580,65.000,1.480,0900:00.000_1000:00.000,0.000,0.000,0.000,0.000,0.000,5700.000,1.480,0.000,65.000,"LINESTRING (-112.1885880 33.6542040, -112.2164130 33.6539380)",simulation-based
55,,,30,1,,3,2.580,65.000,1.480,1000:00.000_1100:00.000,0.000,0.000,0.000,0.000,0.000,5700.000,1.480,0.000,65.000,"LINESTRING (-112.1885880 33.6542040, -112.2164130 33.6539380)",simulation-based
56,,,7,38,,1,0.672,65.000,0.386,0600:00.000_0700:00.000,26.000,26.000,26.000,0.000,0.000,1900.000,0.386,0.000,65.000,"LINESTRING (-112.1203160 33.6680620, -112.1175340 33.6624630)",simulation-based
56,,,7,38,,1,0.672,65.000,0.386,0700:00.000_0800:00.000,25.000,51.000,51.000,0.000,0.000,1900.000,0.386,0.000,65.000,"LINESTRING (-112.1203160 33.6680620, -112.1175340 33.6624630)",simulation-based
56,,,7,38,,1,0.672,65.000,0.386,0800:00.000_0900:00.000,24.000,75.000,75.000,0.000,0.000,1900.000,0.386,0.000,65.000,"LINESTRING (-112.1203160 33.6680620, -112.1175340 33.6624630)",simulation-based
56,,,7,38,,1,0.672,65.000,0.386,0900:00.000_1000:00.000,24.000,99.000,99.000,0.000,0.000,1900.000,0.386,-0.000,65.008,"LINESTRING (-112.1203160 33.6680620, -112.1175340 33.6624630)",simulation-based
56,,,7,38,,1,0.672,65.000,0.386,1000:00.000_1100:00.000,2.000,101.000,101.000,0.000,0.000,1900.000,0.386,0.000,65.000,"LINESTRING (-112.1203160 33.6680620, -112.1175340 33.6624630)",simulation-based
57,,,38,7,,1,0.672,65.000,0.386,0600:00.000_0700:00.000,0.000,0.000,0.000,0.000,0.000,1900.000,0.386,0.000,65.000,"LINESTRING (-112.1175130 33.6624740, -112.1202960 33.6680720)",simulation-based
57,,,38,7,,1,0.672,65.000,0.386,0700:00.000_0800:00.000,0.000,0.000,0.000,0.000,0.000,1900.000,0.386,0.000,65.000,"LINESTRING (-112.1175130 33.6624740, -112.1202960 33.6680720)",simulation-based
57,,,38,7,,1,0.672,65.000,0.386,0800:00.000_0900:00.000,0.000,0.000,0.000,0.000,0.000,1900.000,0.386,0.000,65.000,"LINESTRING (-112.1175130 33.6624740, -112.1202960 33.6680720)",simulation-based
57,,,38,7,,1,0.672,65.000,0.386,0900:00.000_1000:00.000,0.000,0.000,0.000,0.000,0.000,1900.000,0.386,0.000,65.000,"LINESTRING (-112.1175130 33.6624740, -112.1202960 33.6680720)",simulation-based
57,,,38,7,,1,0.672,65.000,0.386,1000:00.000_1100:00.000,0.000,0.000,0.000,0.000,0.000,1900.000,0.386,0.000,65.000,"LINESTRING (-112.1175130 33.6624740, -112.1202960 33.6680720)",simulation-based
58,,,39,23,,1,0.794,65.000,0.455,0600:00.000_0700:00.000,26.000,26.000,26.000,0.000,0.000,1900.000,0.455,0.000,65.000,"LINESTRING (-112.1153650 33.6468360, -112.1173500 33.6398730)",simulation-based
58,,,39,23,,1,0.794,65.000,0.455,0700:00.000_0800:00.000,25.000,51.000,51.000,0.000,0.000,1900.000,0.455,0.000,65.000,"LINESTRING (-112.1153650 33.6468360, -112.1173500 33.6398730)",simulation-based
58,,,39,23,,1,0.794,65.000,0.455,0800:00.000_0900:00.000,22.000,73.000,73.000,0.000,0.000,1900.000,0.455,0.000,65.000,"LINESTRING (-112.1153650 33.6468360, -112.1173500 33.6398730)",simulation-based
58,,,39,23,,1,0.794,65.000,0.455,0900:00.000_1000:00.000,26.000,99.000,99.000,0.000,0.000,1900.000,0.455,0.000,65.000,"LINESTRING (-112.1153650 33.6468360, -112.1173500 33.6398730)",simulation-based
58,,,39,23,,1,0.794,65.000,0.455,1000:00.000_1100:00.000,2.000,101.000,101.000,0.000,0.000,1900.000,0.455,0.000,65.000,"LINESTRING (-112.1153650 33.6468360, -112.1173500 33.6398730)",simulation-based
59,,,23,39,,1,0.794,65.000,0.455,0600:00.000_0700:00.000,0.000,0.000,0.000,0.000,0.000,1900.000,0.455,0.000,65.000,"LINESTRING (-112.1173300 33.6398670, -112.1153440 33.6468300)",simulation-based
59,,,23,39,,1,0.794,65.000,0.455,0700:00.000_0800:00.000,0.000,0.000,0.000,0.000,0.000,1900.000,0.455,0.000,65.000,"LINESTRING (-112.1173300 33.6398670, -112.1153440 33.6468300)",simulation-based
59,,,23,39,,1,0.794,65.000,0.455,0800:00.000_0900:00.000,0.000,0.000,0.000,0.000,0.000,1900.000,0.455,0.000,65.000,"LINESTRING (-112.1173300 33.6398670, -112.1153440 33.6468300)",simulation-based
59,,,23,39,,1,0.794,65.000,0.455,0900:00.000_1000:00.000,0.000,0.000,0.000,0.000,0.000,1900.000,0.455,0.000,65.000,"LINESTRING (-112.1173300 33.6398670, -112.1153440 33.6468300)",simulation-based
59,,,23,39,,1,0.794,65.000,0.455,1000:00.000_1100:00.000,0.000,0.000,0.000,0.000,0.000,1900.000,0.455,0.000,65.000,"LINESTRING (-112.1173300 33.6398670, -112.1153440 33.6468300)",simulation-based
60,,,7,42,,1,0.376,65.000,0.216,0600:00.000_0700:00.000,0.000,0.000,0.000,0.000,0.000,1900.000,0.216,0.000,65.000,"LINESTRING (-112.1202950 33.6680650, -112.1196100 33.6714100)",simulation-based
60,,,7,42,,1,0.376,65.000,0.216,0700:00.000_0800:00.000,0.000,0.000,0.000,0.000,0.000,1900.000,0.216,0.000,65.000,"LINESTRING (-112.1202950 33.6680650, -112.1196100 33.6714100)",simulation-based
60,,,7,42,,1,0.376,65.000,0.216,0800:00.000_0900:00.000,0.000,0.000,0.000,0.000,0.000,1900.000,0.216,0.000,65.000,"LINESTRING (-112.1202950 33.6680650, -112.1196100 33.6714100)",simulation-based
60,,,7,42,,1,0.376,65.000,0.216,0900:00.000_1000:00.000,0.000,0.000,0.000,0.000,0.000,1900.000,0.216,0.000,65.000,"LINESTRING (-112.1202950 33.6680650, -112.1196100 33.6714100)",simulation-based
60,,,7,42,,1,0.376,65.000,0.216,1000:00.000_1100:00.000,0.000,0.000,0.000,0.000,0.000,1900.000,0.216,0.000,65.000,"LINESTRING (-112.1202950 33.6680650, -112.1196100 33.6714100)",simulation-based
61,,,42,7,,1,0.376,65.000,0.216,0600:00.000_0700:00.000,26.000,26.000,26.000,0.000,0.000,1900.000,0.216,0.000,65.000,"LINESTRING (-112.1196330 33.6714140, -112.1203170 33.6680690)",simulation-based
61,,,42,7,,1,0.376,65.000,0.216,0700:00.000_0800:00.000,25.000,51.000,51.000,0.000,0.000,1900.000,0.216,0.000,65.000,"LINESTRING (-112.1196330 33.6714140, -112.1203170 33.6680690)",simulation-based
61,,,42,7,,1,0.376,65.000,0.216,0800:00.000_0900:00.000,24.000,75.000,75.000,0.000,0.000,1900.000,0.216,0.000,65.000,"LINESTRING (-112.1196330 33.6714140, -112.1203170 33.6680690)",simulation-based
61,,,42,7,,1,0.376,65.000,0.216,0900:00.000_1000:00.000,23.000,100.000,98.000,5.316,2.000,1900.000,0.216,0.000,65.000,"LINESTRING (-112.1196330 33.6714140, -112.1203170 33.6680690)",simulation-based
61,,,42,7,,1,0.376,65.000,0.216,1000:00.000_1100:00.000,2.000,100.000,100.000,0.000,0.000,1900.000,0.216,0.000,65.000,"LINESTRING (-112.1196330 33.6714140, -112.1203170 33.6680690)",simulation-based
62,,,23,43,,1,0.557,65.000,0.319,0600:00.000_0700:00.000,0.000,0.000,0.000,0.000,0.000,1900.000,0.319,0.000,65.000,"LINESTRING (-112.1173510 33.6398690, -112.1169600 33.6348570)",simulation-based
62,,,23,43,,1,0.557,65.000,0.319,0700:00.000_0800:00.000,0.000,0.000,0.000,0.000,0.000,1900.000,0.319,0.000,65.000,"LINESTRING (-112.1173510 33.6398690, -112.1169600 33.6348570)",simulation-based
62,,,23,43,,1,0.557,65.000,0.319,0800:00.000_0900:00.000,0.000,0.000,0.000,0.000,0.000,1900.000,0.319,0.000,65.000,"LINESTRING (-112.1173510 33.6398690, -112.1169600 33.6348570)",simulation-based
62,,,23,43,,1,0.557,65.000,0.319,0900:00.000_1000:00.000,0.000,0.000,0.000,0.000,0.000,1900.000,0.319,0.000,65.000,"LINESTRING (-112.1173510 33.6398690, -112.1169600 33.6348570)",simulation-based
62,,,23,43,,1,0.557,65.000,0.319,1000:00.000_1100:00.000,0.000,0.000,0.000,0.000,0.000,1900.000,0.319,0.000,65.000,"LINESTRING (-112.1173510 33.6398690, -112.1169600 33.6348570)",simulation-based
63,,,43,23,,1,0.557,65.000,0.319,0600:00.000_0700:00.000,26.000,26.000,26.000,0.000,0.000,1900.000,0.319,0.000,65.000,"LINESTRING (-112.1169370 33.6348590, -112.1173290 33.6398710)",simulation-based
63,,,43,23,,1,0.557,65.000,0.319,0700:00.000_0800:00.000,25.000,51.000,51.000,0.000,0.000,1900.000,0.319,0.000,65.000,"LINESTRING (-112.1169370 33.6348590, -112.1173290 33.6398710)",simulation-based
63,,,43,23,,1,0.557,65.000,0.319,0800:00.000_0900:00.000,24.000,75.000,75.000,0.000,0.000,1900.000,0.319,0.000,65.000,"LINESTRING (-112.1169370 33.6348590, -112.1173290 33.6398710)",simulation-based
63,,,43,23,,1,0.557,65.000,0.319,0900:00.000_1000:00.000,23.000,100.000,98.000,3.592,2.000,1900.000,0.319,0.000,65.000,"LINESTRING (-112.1169370 33.6348590, -112.1173290 33.6398710)",simulation-based
63,,,43,23,,1,0.557,65.000,0.319,1000:00.000_1100:00.000,2.000,100.000,100.000,0.000,0.000,1900.000,0.319,0.000,65.000,"LINESTRING (-112.1169370 33.6348590, -112.1173290 33.6398710)",simulation-based
64,,,11,44,,1,3.752,65.000,2.152,0600:00.000_0700:00.000,0.000,0.000,0.000,0.000,0.000,1900.000,2.152,0.000,65.000,"LINESTRING (-112.0461960 33.6685660, -112.0057270 33.6687410)",simulation-based
64,,,11,44,,1,3.752,65.000,2.152,0700:00.000_0800:00.000,0.000,0.000,0.000,0.000,0.000,1900.000,2.152,0.000,65.000,"LINESTRING (-112.0461960 33.6685660, -112.0057270 33.6687410)",simulation-based
64,,,11,44,,1,3.752,65.000,2.152,0800:00.000_0900:00.000,0.000,0.000,0.000,0.000,0.000,1900.000,2.152,0.000,65.000,"LINESTRING (-112.0461960 33.6685660, -112.0057270 33.6687410)",simulation-based
64,,,11,44,,1,3.752,65.000,2.152,0900:00.000_1000:00.000,0.000,0.000,0.000,0.000,0.000,1900.000,2.152,0.000,65.000,"LINESTRING (-112.0461960 33.6685660, -112.0057270 33.6687410)",simulation-based
64,,,11,44,,1,3.752,65.000,2.152,1000:00.000_1100:00.000,0.000,0.000,0.000,0.000,0.000,1900.000,2.152,0.000,65.000,"LINESTRING (-112.0461960 33.6685660, -112.0057270 33.6687410)",simulation-based
65,,,44,11,,1,3.752,65.000,2.152,0600:00.000_0700:00.000,0.000,0.000,0.000,0.000,0.000,1900.000,2.152,0.000,65.000,"LINESTRING (-112.0057270 33.6687640, -112.0461960 33.6685890)",simulation-based
65,,,44,11,,1,3.752,65.000,2.152,0700:00.000_0800:00.000,0.000,0.000,0.000,0.000,0.000,1900.000,2.152,0.000,65.000,"LINESTRING (-112.0057270 33.6687640, -112.0461960 33.6685890)",simulation-based
65,,,44,11,,1,3.752,65.000,2.152,0800:00.000_0900:00.000,0.000,0.000,0.000,0.000,0.000,1900.000,2.152,0.000,65.000,"LINESTRING (-112.0057270 33.6687640, -112.0461960 33.6685890)",simulation-based
65,,,44,11,,1,3.752,65.000,2.152,0900:00.000_1000:00.000,0.000,0.000,0.000,0.000,0.000,1900.000,2.152,0.000,65.000,"LINESTRING (-112.0057270 33.6687640, -112.0461960 33.6685890)",simulation-based
65,,,44,11,,1,3.752,65.000,2.152,1000:00.000_1100:00.000,0.000,0.000,0.000,0.000,0.000,1900.000,2.152,0.000,65.000,"LINESTRING (-112.0057270 33.6687640, -112.0461960 33.6685890)",simulation-based
66,,,44,45,,1,3.895,65.000,2.235,0600:00.000_0700:00.000,0.000,0.000,0.000,0.000,0.000,1900.000,2.235,0.000,65.000,"LINESTRING (-112.0057270 33.6687410, -111.9637300 33.6676120)",simulation-based
66,,,44,45,,1,3.895,65.000,2.235,0700:00.000_0800:00.000,0.000,0.000,0.000,0.000,0.000,1900.000,2.235,0.000,65.000,"LINESTRING (-112.0057270 33.6687410, -111.9637300 33.6676120)",simulation-based
66,,,44,45,,1,3.895,65.000,2.235,0800:00.000_0900:00.000,0.000,0.000,0.000,0.000,0.000,1900.000,2.235,0.000,65.000,"LINESTRING (-112.0057270 33.6687410, -111.9637300 33.6676120)",simulation-based
66,,,44,45,,1,3.895,65.000,2.235,0900:00.000_1000:00.000,0.000,0.000,0.000,0.000,0.000,1900.000,2.235,0.000,65.000,"LINESTRING (-112.0057270 33.6687410, -111.9637300 33.6676120)",simulation-based
66,,,44,45,,1,3.895,65.000,2.235,1000:00.000_1100:00.000,0.000,0.000,0.000,0.000,0.000,1900.000,2.235,0.000,65.000,"LINESTRING (-112.0057270 33.6687410, -111.9637300 33.6676120)",simulation-based
67,,,45,44,,1,3.895,65.000,2.235,0600:00.000_0700:00.000,0.000,0.000,0.000,0.000,0.000,1900.000,2.235,0.000,65.000,"LINESTRING (-111.9637300 33.6676350, -112.0057270 33.6687640)",simulation-based
67,,,45,44,,1,3.895,65.000,2.235,0700:00.000_0800:00.000,0.000,0.000,0.000,0.000,0.000,1900.000,2.235,0.000,65.000,"LINESTRING (-111.9637300 33.6676350, -112.0057270 33.6687640)",simulation-based
67,,,45,44,,1,3.895,65.000,2.235,0800:00.000_0900:00.000,0.000,0.000,0.000,0.000,0.000,1900.000,2.235,0.000,65.000,"LINESTRING (-111.9637300 33.6676350, -112.0057270 33.6687640)",simulation-based
67,,,45,44,,1,3.895,65.000,2.235,0900:00.000_1000:00.000,0.000,0.000,0.000,0.000,0.000,1900.000,2.235,0.000,65.000,"LINESTRING (-111.9637300 33.6676350, -112.0057270 33.6687640)",simulation-based
67,,,45,44,,1,3.895,65.000,2.235,1000:00.000_1100:00.000,0.000,0.000,0.000,0.000,0.000,1900.000,2.235,0.000,65.000,"LINESTRING (-111.9637300 33.6676350, -112.0057270 33.6687640)",simulation-based
68,,,45,46,,1,2.909,65.000,1.669,0600:00.000_0700:00.000,0.000,0.000,0.000,0.000,0.000,1900.000,1.669,0.000,65.000,"LINESTRING (-111.9637320 33.6676120, -111.9328960 33.6627590)",simulation-based
68,,,45,46,,1,2.909,65.000,1.669,0700:00.000_0800:00.000,0.000,0.000,0.000,0.000,0.000,1900.000,1.669,0.000,65.000,"LINESTRING (-111.9637320 33.6676120, -111.9328960 33.6627590)",simulation-based
68,,,45,46,,1,2.909,65.000,1.669,0800:00.000_0900:00.000,0.000,0.000,0.000,0.000,0.000,1900.000,1.669,0.000,65.000,"LINESTRING (-111.9637320 33.6676120, -111.9328960 33.6627590)",simulation-based
68,,,45,46,,1,2.909,65.000,1.669,0900:00.000_1000:00.000,0.000,0.000,0.000,0.000,0.000,1900.000,1.669,0.000,65.000,"LINESTRING (-111.9637320 33.6676120, -111.9328960 33.6627590)",simulation-based
68,,,45,46,,1,2.909,65.000,1.669,1000:00.000_1100:00.000,0.000,0.000,0.000,0.000,0.000,1900.000,1.669,0.000,65.000,"LINESTRING (-111.9637320 33.6676120, -111.9328960 33.6627590)",simulation-based
69,,,46,45,,1,2.909,65.000,1.669,0600:00.000_0700:00.000,0.000,0.000,0.000,0.000,0.000,1900.000,1.669,0.000,65.000,"LINESTRING (-111.9328920 33.6627820, -111.9637280 33.6676350)",simulation-based
69,,,46,45,,1,2.909,65.000,1.669,0700:00.000_0800:00.000,0.000,0.000,0.000,0.000,0.000,1900.000,1.669,0.000,65.000,"LINESTRING (-111.9328920 33.6627820, -111.9637280 33.6676350)",simulation-based
69,,,46,45,,1,2.909,65.000,1.669,0800:00.000_0900:00.000,0.000,0.000,0.000,0.000,0.000,1900.000,1.669,0.000,65.000,"LINESTRING (-111.9328920 33.6627820, -111.9637280 33.6676350)",simulation-based
69,,,46,45,,1,2.909,65.000,1.669,0900:00.000_1000:00.000,0.000,0.000,0.000,0.000,0.000,1900.000,1.669,0.000,65.000,"LINESTRING (-111.9328920 33.6627820, -111.9637280 33.6676350)",simulation-based
69,,,46,45,,1,2.909,65.000,1.669,1000:00.000_1100:00.000,0.000,0.000,0.000,0.000,0.000,1900.000,1.669,0.000,65.000,"LINESTRING (-111.9328920 33.6627820, -111.9637280 33.6676350)",simulation-based
70,,,2,47,,1,2.541,65.000,1.458,0600:00.000_0700:00.000,0.000,0.000,0.000,0.000,0.000,1900.000,1.458,0.000,65.000,"LINESTRING (-112.0298670 33.6552750, -112.0024700 33.6548840)",simulation-based
70,,,2,47,,1,2.541,65.000,1.458,0700:00.000_0800:00.000,0.000,0.000,0.000,0.000,0.000,1900.000,1.458,0.000,65.000,"LINESTRING (-112.0298670 33.6552750, -112.0024700 33.6548840)",simulation-based
70,,,2,47,,1,2.541,65.000,1.458,0800:00.000_0900:00.000,0.000,0.000,0.000,0.000,0.000,1900.000,1.458,0.000,65.000,"LINESTRING (-112.0298670 33.6552750, -112.0024700 33.6548840)",simulation-based
70,,,2,47,,1,2.541,65.000,1.458,0900:00.000_1000:00.000,0.000,0.000,0.000,0.000,0.000,1900.000,1.458,0.000,65.000,"LINESTRING (-112.0298670 33.6552750, -112.0024700 33.6548840)",simulation-based
70,,,2,47,,1,2.541,65.000,1.458,1000:00.000_1100:00.000,0.000,0.000,0.000,0.000,0.000,1900.000,1.458,0.000,65.000,"LINESTRING (-112.0298670 33.6552750, -112.0024700 33.6548840)",simulation-based
71,,,47,2,,1,2.541,65.000,1.458,0600:00.000_0700:00.000,0.000,0.000,0.000,0.000,0.000,1900.000,1.458,0.000,65.000,"LINESTRING (-112.0024700 33.6549070, -112.0298670 33.6552980)",simulation-based
71,,,47,2,,1,2.541,65.000,1.458,0700:00.000_0800:00.000,0.000,0.000,0.000,0.000,0.000,1900.000,1.458,0.000,65.000,"LINESTRING (-112.0024700 33.6549070, -112.0298670 33.6552980)",simulation-based
71,,,47,2,,1,2.541,65.000,1.458,0800:00.000_0900:00.000,0.000,0.000,0.000,0.000,0.000,1900.000,1.458,0.000,65.000,"LINESTRING (-112.0024700 33.6549070, -112.0298670 33.6552980)",simulation-based
71,,,47,2,,1,2.541,65.000,1.458,0900:00.000_1000:00.000,0.000,0.000,0.000,0.000,0.000,1900.000,1.458,0.000,65.000,"LINESTRING (-112.0024700 33.6549070, -112.0298670 33.6552980)",simulation-based
71,,,47,2,,1,2.541,65.000,1.458,1000:00.000_1100:00.000,0.000,0.000,0.000,0.000,0.000,1900.000,1.458,0.000,65.000,"LINESTRING (-112.0024700 33.6549070, -112.0298670 33.6552980)",simulation-based
72,,,47,48,,1,3.550,65.000,2.037,0600:00.000_0700:00.000,0.000,0.000,0.000,0.000,0.000,1900.000,2.037,0.000,65.000,"LINESTRING (-112.0024700 33.6548840, -111.9642080 33.6536280)",simulation-based
72,,,47,48,,1,3.550,65.000,2.037,0700:00.000_0800:00.000,0.000,0.000,0.000,0.000,0.000,1900.000,2.037,0.000,65.000,"LINESTRING (-112.0024700 33.6548840, -111.9642080 33.6536280)",simulation-based
72,,,47,48,,1,3.550,65.000,2.037,0800:00.000_0900:00.000,0.000,0.000,0.000,0.000,0.000,1900.000,2.037,0.000,65.000,"LINESTRING (-112.0024700 33.6548840, -111.9642080 33.6536280)",simulation-based
72,,,47,48,,1,3.550,65.000,2.037,0900:00.000_1000:00.000,0.000,0.000,0.000,0.000,0.000,1900.000,2.037,0.000,65.000,"LINESTRING (-112.0024700 33.6548840, -111.9642080 33.6536280)",simulation-based
72,,,47,48,,1,3.550,65.000,2.037,1000:00.000_1100:00.000,0.000,0.000,0.000,0.000,0.000,1900.000,2.037,0.000,65.000,"LINESTRING (-112.0024700 33.6548840, -111.9642080 33.6536280)",simulation-based
73,,,48,47,,1,3.550,65.000,2.037,0600:00.000_0700:00.000,0.000,0.000,0.000,0.000,0.000,1900.000,2.037,0.000,65.000,"LINESTRING (-111.9642070 33.6536510, -112.0024700 33.6549070)",simulation-based
73,,,48,47,,1,3.550,65.000,2.037,0700:00.000_0800:00.000,0.000,0.000,0.000,0.000,0.000,1900.000,2.037,0.000,65.000,"LINESTRING (-111.9642070 33.6536510, -112.0024700 33.6549070)",simulation-based
73,,,48,47,,1,3.550,65.000,2.037,0800:00.000_0900:00.000,0.000,0.000,0.000,0.000,0.000,1900.000,2.037,0.000,65.000,"LINESTRING (-111.9642070 33.6536510, -112.0024700 33.6549070)",simulation-based
73,,,48,47,,1,3.550,65.000,2.037,0900:00.000_1000:00.000,0.000,0.000,0.000,0.000,0.000,1900.000,2.037,0.000,65.000,"LINESTRING (-111.9642070 33.6536510, -112.0024700 33.6549070)",simulation-based
73,,,48,47,,1,3.550,65.000,2.037,1000:00.000_1100:00.000,0.000,0.000,0.000,0.000,0.000,1900.000,2.037,0.000,65.000,"LINESTRING (-111.9642070 33.6536510, -112.0024700 33.6549070)",simulation-based
74,,,48,49,,1,3.200,65.000,1.836,0600:00.000_0700:00.000,0.000,0.000,0.000,0.000,0.000,1900.000,1.836,0.000,65.000,"LINESTRING (-111.9642070 33.6536280, -111.9297020 33.6539670)",simulation-based
74,,,48,49,,1,3.200,65.000,1.836,0700:00.000_0800:00.000,0.000,0.000,0.000,0.000,0.000,1900.000,1.836,0.000,65.000,"LINESTRING (-111.9642070 33.6536280, -111.9297020 33.6539670)",simulation-based
74,,,48,49,,1,3.200,65.000,1.836,0800:00.000_0900:00.000,0.000,0.000,0.000,0.000,0.000,1900.000,1.836,0.000,65.000,"LINESTRING (-111.9642070 33.6536280, -111.9297020 33.6539670)",simulation-based
74,,,48,49,,1,3.200,65.000,1.836,0900:00.000_1000:00.000,0.000,0.000,0.000,0.000,0.000,1900.000,1.836,0.000,65.000,"LINESTRING (-111.9642070 33.6536280, -111.9297020 33.6539670)",simulation-based
74,,,48,49,,1,3.200,65.000,1.836,1000:00.000_1100:00.000,0.000,0.000,0.000,0.000,0.000,1900.000,1.836,0.000,65.000,"LINESTRING (-111.9642070 33.6536280, -111.9297020 33.6539670)",simulation-based
75,,,49,48,,1,3.200,65.000,1.836,0600:00.000_0700:00.000,0.000,0.000,0.000,0.000,0.000,1900.000,1.836,0.000,65.000,"LINESTRING (-111.9297020 33.6539900, -111.9642080 33.6536510)",simulation-based
75,,,49,48,,1,3.200,65.000,1.836,0700:00.000_0800:00.000,0.000,0.000,0.000,0.000,0.000,1900.000,1.836,0.000,65.000,"LINESTRING (-111.9297020 33.6539900, -111.9642080 33.6536510)",simulation-based
75,,,49,48,,1,3.200,65.000,1.836,0800:00.000_0900:00.000,0.000,0.000,0.000,0.000,0.000,1900.000,1.836,0.000,65.000,"LINESTRING (-111.9297020 33.6539900, -111.9642080 33.6536510)",simulation-based
75,,,49,48,,1,3.200,65.000,1.836,0900:00.000_1000:00.000,0.000,0.000,0.000,0.000,0.000,1900.000,1.836,0.000,65.000,"LINESTRING (-111.9297020 33.6539900, -111.9642080 33.6536510)",simulation-based
75,,,49,48,,1,3.200,65.000,1.836,1000:00.000_1100:00.000,0.000,0.000,0.000,0.000,0.000,1900.000,1.836,0.000,65.000,"LINESTRING (-111.9297020 33.6539900, -111.9642080 33.6536510)",simulation-based
76,,,44,47,,1,1.566,65.000,0.898,0600:00.000_0700:00.000,0.000,0.000,0.000,0.000,0.000,1900.000,0.898,0.000,65.000,"LINESTRING (-112.0057380 33.6687500, -112.0024800 33.6548930)",simulation-based
76,,,44,47,,1,1.566,65.000,0.898,0700:00.000_0800:00.000,0.000,0.000,0.000,0.000,0.000,1900.000,0.898,0.000,65.000,"LINESTRING (-112.0057380 33.6687500, -112.0024800 33.6548930)",simulation-based
76,,,44,47,,1,1.566,65.000,0.898,0800:00.000_0900:00.000,0.000,0.000,0.000,0.000,0.000,1900.000,0.898,0.000,65.000,"LINESTRING (-112.0057380 33.6687500, -112.0024800 33.6548930)",simulation-based
76,,,44,47,,1,1.566,65.000,0.898,0900:00.000_1000:00.000,0.000,0.000,0.000,0.000,0.000,1900.000,0.898,0.000,65.000,"LINESTRING (-112.0057380 33.6687500, -112.0024800 33.6548930)",simulation-based
76,,,44,47,,1,1.566,65.000,0.898,1000:00.000_1100:00.000,0.000,0.000,0.000,0.000,0.000,1900.000,0.898,0.000,65.000,"LINESTRING (-112.0057380 33.6687500, -112.0024800 33.6548930)",simulation-based
77,,,47,44,,1,1.566,65.000,0.898,0600:00.000_0700:00.000,0.000,0.000,0.000,0.000,0.000,1900.000,0.898,0.000,65.000,"LINESTRING (-112.0024600 33.6548970, -112.0057170 33.6687540)",simulation-based
77,,,47,44,,1,1.566,65.000,0.898,0700:00.000_0800:00.000,0.000,0.000,0.000,0.000,0.000,1900.000,0.898,0.000,65.000,"LINESTRING (-112.0024600 33.6548970, -112.0057170 33.6687540)",simulation-based
77,,,47,44,,1,1.566,65.000,0.898,0800:00.000_0900:00.000,0.000,0.000,0.000,0.000,0.000,1900.000,0.898,0.000,65.000,"LINESTRING (-112.0024600 33.6548970, -112.0057170 33.6687540)",simulation-based
77,,,47,44,,1,1.566,65.000,0.898,0900:00.000_1000:00.000,0.000,0.000,0.000,0.000,0.000,1900.000,0.898,0.000,65.000,"LINESTRING (-112.0024600 33.6548970, -112.0057170 33.6687540)",simulation-based
77,,,47,44,,1,1.566,65.000,0.898,1000:00.000_1100:00.000,0.000,0.000,0.000,0.000,0.000,1900.000,0.898,0.000,65.000,"LINESTRING (-112.0024600 33.6548970, -112.0057170 33.6687540)",simulation-based
78,,,47,50,,1,1.741,65.000,0.999,0600:00.000_0700:00.000,0.000,0.000,0.000,0.000,0.000,1900.000,0.999,0.000,65.000,"LINESTRING (-112.0024810 33.6548950, -112.0018380 33.6391970)",simulation-based
78,,,47,50,,1,1.741,65.000,0.999,0700:00.000_0800:00.000,0.000,0.000,0.000,0.000,0.000,1900.000,0.999,0.000,65.000,"LINESTRING (-112.0024810 33.6548950, -112.0018380 33.6391970)",simulation-based
78,,,47,50,,1,1.741,65.000,0.999,0800:00.000_0900:00.000,0.000,0.000,0.000,0.000,0.000,1900.000,0.999,0.000,65.000,"LINESTRING (-112.0024810 33.6548950, -112.0018380 33.6391970)",simulation-based
78,,,47,50,,1,1.741,65.000,0.999,0900:00.000_1000:00.000,0.000,0.000,0.000,0.000,0.000,1900.000,0.999,0.000,65.000,"LINESTRING (-112.0024810 33.6548950, -112.0018380 33.6391970)",simulation-based
78,,,47,50,,1,1.741,65.000,0.999,1000:00.000_1100:00.000,0.000,0.000,0.000,0.000,0.000,1900.000,0.999,0.000,65.000,"LINESTRING (-112.0024810 33.6548950, -112.0018380 33.6391970)",simulation-based
79,,,50,47,,1,1.741,65.000,0.999,0600:00.000_0700:00.000,0.000,0.000,0.000,0.000,0.000,1900.000,0.999,0.000,65.000,"LINESTRING (-112.0018150 33.6391970, -112.0024590 33.6548950)",simulation-based
79,,,50,47,,1,1.741,65.000,0.999,0700:00.000_0800:00.000,0.000,0.000,0.000,0.000,0.000,1900.000,0.999,0.000,65.000,"LINESTRING (-112.0018150 33.6391970, -112.0024590 33.6548950)",simulation-based
79,,,50,47,,1,1.741,65.000,0.999,0800:00.000_0900:00.000,0.000,0.000,0.000,0.000,0.000,1900.000,0.999,0.000,65.000,"LINESTRING (-112.0018150 33.6391970, -112.0024590 33.6548950)",simulation-based
79,,,50,47,,1,1.741,65.000,0.999,0900:00.000_1000:00.000,0.000,0.000,0.000,0.000,0.000,1900.000,0.999,0.000,65.000,"LINESTRING (-112.0018150 33.6391970, -112.0024590 33.6548950)",simulation-based
79,,,50,47,,1,1.741,65.000,0.999,1000:00.000_1100:00.000,0.000,0.000,0.000,0.000,0.000,1900.000,0.999,0.000,65.000,"LINESTRING (-112.0018150 33.6391970, -112.0024590 33.6548950)",simulation-based
